Copyright 1986-2022 Xilinx, Inc. All Rights Reserved. Copyright 2022-2025 Advanced Micro Devices, Inc. All Rights Reserved.
--------------------------------------------------------------------------------------------------------------------------------------------------------------------------------------------------------------------------------------------
| Tool Version      : Vivado v.2025.1 (win64) Build 6140274 Thu May 22 00:12:29 MDT 2025
| Date              : Tue Mar 31 09:59:18 2026
| Host              : Lab016-02 running 64-bit major release  (build 9200)
| Command           : report_timing_summary -max_paths 10 -routable_nets -report_unconstrained -file paint_top_timing_summary_routed.rpt -pb paint_top_timing_summary_routed.pb -rpx paint_top_timing_summary_routed.rpx -warn_on_violation
| Design            : paint_top
| Device            : xczu3eg-sfvc784
| Speed File        : -2  PRODUCTION 1.30 05-15-2022
| Design State      : Routed
| Temperature Grade : E
--------------------------------------------------------------------------------------------------------------------------------------------------------------------------------------------------------------------------------------------

Timing Summary Report

------------------------------------------------------------------------------------------------
| Timer Settings
| --------------
------------------------------------------------------------------------------------------------

  Enable Multi Corner Analysis               :  Yes
  Enable Pessimism Removal                   :  Yes
  Pessimism Removal Resolution               :  Nearest Common Node
  Enable Input Delay Default Clock           :  No
  Enable Preset / Clear Arcs                 :  No
  Disable Flight Delays                      :  No
  Ignore I/O Paths                           :  No
  Timing Early Launch at Borrowing Latches   :  No
  Borrow Time for Max Delay Exceptions       :  Yes
  Merge Timing Exceptions                    :  Yes
  Inter-SLR Compensation                     :  Conservative

  Corner  Analyze    Analyze    
  Name    Max Paths  Min Paths  
  ------  ---------  ---------  
  Slow    Yes        Yes        
  Fast    Yes        Yes        


------------------------------------------------------------------------------------------------
| Report Methodology
| ------------------
------------------------------------------------------------------------------------------------

Rule     Severity  Description                                              Violations  
-------  --------  -------------------------------------------------------  ----------  
LUTAR-1  Warning   LUT drives async reset alert                             1           
CLKC-24  Advisory  MMCME4 with ZHOLD drives sequential IO not with CLKOUT0  1           

Note: This report is based on the most recent report_methodology run and may not be up-to-date. Run report_methodology on the current design for the latest report.



check_timing report

Table of Contents
-----------------
1. checking no_clock (0)
2. checking constant_clock (0)
3. checking pulse_width_clock (0)
4. checking unconstrained_internal_endpoints (0)
5. checking no_input_delay (1)
6. checking no_output_delay (8)
7. checking multiple_clock (0)
8. checking generated_clocks (0)
9. checking loops (0)
10. checking partial_input_delay (0)
11. checking partial_output_delay (0)
12. checking latch_loops (0)

1. checking no_clock (0)
------------------------
 There are 0 register/latch pins with no clock.


2. checking constant_clock (0)
------------------------------
 There are 0 register/latch pins with constant_clock.


3. checking pulse_width_clock (0)
---------------------------------
 There are 0 register/latch pins which need pulse_width check


4. checking unconstrained_internal_endpoints (0)
------------------------------------------------
 There are 0 pins that are not constrained for maximum delay.

 There are 0 pins that are not constrained for maximum delay due to constant clock.


5. checking no_input_delay (1)
------------------------------
 There is 1 input port with no input delay specified. (HIGH)

 There are 0 input ports with no input delay but user has a false path constraint.


6. checking no_output_delay (8)
-------------------------------
 There are 8 ports with no output delay specified. (HIGH)

 There are 0 ports with no output delay but user has a false path constraint

 There are 0 ports with no output delay but with a timing clock defined on it or propagating through it


7. checking multiple_clock (0)
------------------------------
 There are 0 register/latch pins with multiple clocks.


8. checking generated_clocks (0)
--------------------------------
 There are 0 generated clocks that are not connected to a clock source.


9. checking loops (0)
---------------------
 There are 0 combinational loops in the design.


10. checking partial_input_delay (0)
------------------------------------
 There are 0 input ports with partial input delay specified.


11. checking partial_output_delay (0)
-------------------------------------
 There are 0 ports with partial output delay specified.


12. checking latch_loops (0)
----------------------------
 There are 0 combinational latch loops in the design through latch input



------------------------------------------------------------------------------------------------
| Design Timing Summary
| ---------------------
------------------------------------------------------------------------------------------------

    WNS(ns)      TNS(ns)  TNS Failing Endpoints  TNS Total Endpoints      WHS(ns)      THS(ns)  THS Failing Endpoints  THS Total Endpoints     WPWS(ns)     TPWS(ns)  TPWS Failing Endpoints  TPWS Total Endpoints  
    -------      -------  ---------------------  -------------------      -------      -------  ---------------------  -------------------     --------     --------  ----------------------  --------------------  
      3.211        0.000                      0                  246        0.038        0.000                      0                  246        0.000        0.000                       0                   148  


All user specified timing constraints are met.


------------------------------------------------------------------------------------------------
| Clock Summary
| -------------
------------------------------------------------------------------------------------------------

Clock                   Waveform(ns)         Period(ns)      Frequency(MHz)
-----                   ------------         ----------      --------------
i_clk_100mhz_p          {0.000 5.000}        10.000          100.000         
  clk_125MHz_clk_wiz_0  {0.000 4.000}        8.000           125.000         
  clk_25MHz_clk_wiz_0   {0.000 20.000}       40.000          25.000          
  clkfbout_clk_wiz_0    {0.000 5.000}        10.000          100.000         


------------------------------------------------------------------------------------------------
| Intra Clock Table
| -----------------
------------------------------------------------------------------------------------------------

Clock                       WNS(ns)      TNS(ns)  TNS Failing Endpoints  TNS Total Endpoints      WHS(ns)      THS(ns)  THS Failing Endpoints  THS Total Endpoints     WPWS(ns)     TPWS(ns)  TPWS Failing Endpoints  TPWS Total Endpoints  
-----                       -------      -------  ---------------------  -------------------      -------      -------  ---------------------  -------------------     --------     --------  ----------------------  --------------------  
i_clk_100mhz_p                                                                                                                                                            2.000        0.000                       0                     1  
  clk_125MHz_clk_wiz_0        6.650        0.000                      0                   73        0.038        0.000                      0                   73        0.000        0.000                       0                    55  
  clk_25MHz_clk_wiz_0        35.578        0.000                      0                  173        0.041        0.000                      0                  173       19.725        0.000                       0                    89  
  clkfbout_clk_wiz_0                                                                                                                                                      8.710        0.000                       0                     3  


------------------------------------------------------------------------------------------------
| Inter Clock Table
| -----------------
------------------------------------------------------------------------------------------------

From Clock            To Clock                  WNS(ns)      TNS(ns)  TNS Failing Endpoints  TNS Total Endpoints      WHS(ns)      THS(ns)  THS Failing Endpoints  THS Total Endpoints  
----------            --------                  -------      -------  ---------------------  -------------------      -------      -------  ---------------------  -------------------  
clk_25MHz_clk_wiz_0   clk_125MHz_clk_wiz_0        3.211        0.000                      0                   30        0.075        0.000                      0                   30  


------------------------------------------------------------------------------------------------
| Other Path Groups Table
| -----------------------
------------------------------------------------------------------------------------------------

Path Group    From Clock    To Clock          WNS(ns)      TNS(ns)  TNS Failing Endpoints  TNS Total Endpoints      WHS(ns)      THS(ns)  THS Failing Endpoints  THS Total Endpoints  
----------    ----------    --------          -------      -------  ---------------------  -------------------      -------      -------  ---------------------  -------------------  


------------------------------------------------------------------------------------------------
| User Ignored Path Table
| -----------------------
------------------------------------------------------------------------------------------------

Path Group    From Clock    To Clock    
----------    ----------    --------    


------------------------------------------------------------------------------------------------
| Unconstrained Path Table
| ------------------------
------------------------------------------------------------------------------------------------

Path Group            From Clock            To Clock            
----------            ----------            --------            
(none)                clk_125MHz_clk_wiz_0                        
(none)                                      clk_25MHz_clk_wiz_0   


------------------------------------------------------------------------------------------------
| Timing Details
| --------------
------------------------------------------------------------------------------------------------


---------------------------------------------------------------------------------------------------
From Clock:  i_clk_100mhz_p
  To Clock:  i_clk_100mhz_p

Setup :           NA  Failing Endpoints,  Worst Slack           NA  ,  Total Violation           NA
Hold  :           NA  Failing Endpoints,  Worst Slack           NA  ,  Total Violation           NA
PW    :            0  Failing Endpoints,  Worst Slack        2.000ns,  Total Violation        0.000ns
---------------------------------------------------------------------------------------------------


Pulse Width Checks
--------------------------------------------------------------------------------------
Clock Name:         i_clk_100mhz_p
Waveform(ns):       { 0.000 5.000 }
Period(ns):         10.000
Sources:            { i_clk_100mhz_p }

Check Type        Corner  Lib Pin            Reference Pin  Required(ns)  Actual(ns)  Slack(ns)  Location   Pin
Min Period        n/a     MMCME4_ADV/CLKIN1  n/a            1.071         10.000      8.929      MMCM_X0Y2  u_clk_wiz_0/inst/mmcme4_adv_inst/CLKIN1
Max Period        n/a     MMCME4_ADV/CLKIN1  n/a            100.000       10.000      90.000     MMCM_X0Y2  u_clk_wiz_0/inst/mmcme4_adv_inst/CLKIN1
Low Pulse Width   Slow    MMCME4_ADV/CLKIN1  n/a            3.000         5.000       2.000      MMCM_X0Y2  u_clk_wiz_0/inst/mmcme4_adv_inst/CLKIN1
Low Pulse Width   Fast    MMCME4_ADV/CLKIN1  n/a            3.000         5.000       2.000      MMCM_X0Y2  u_clk_wiz_0/inst/mmcme4_adv_inst/CLKIN1
High Pulse Width  Slow    MMCME4_ADV/CLKIN1  n/a            3.000         5.000       2.000      MMCM_X0Y2  u_clk_wiz_0/inst/mmcme4_adv_inst/CLKIN1
High Pulse Width  Fast    MMCME4_ADV/CLKIN1  n/a            3.000         5.000       2.000      MMCM_X0Y2  u_clk_wiz_0/inst/mmcme4_adv_inst/CLKIN1



---------------------------------------------------------------------------------------------------
From Clock:  clk_125MHz_clk_wiz_0
  To Clock:  clk_125MHz_clk_wiz_0

Setup :            0  Failing Endpoints,  Worst Slack        6.650ns,  Total Violation        0.000ns
Hold  :            0  Failing Endpoints,  Worst Slack        0.038ns,  Total Violation        0.000ns
PW    :            0  Failing Endpoints,  Worst Slack        0.000ns,  Total Violation        0.000ns
---------------------------------------------------------------------------------------------------


Max Delay Paths
--------------------------------------------------------------------------------------
Slack (MET) :             6.650ns  (required time - arrival time)
  Source:                 u_hdmi_tx/i_wrap/TMDS_3/i_GBox/sReg_reg[0]/C
                            (rising edge-triggered cell FDRE clocked by clk_125MHz_clk_wiz_0  {rise@0.000ns fall@4.000ns period=8.000ns})
  Destination:            u_hdmi_tx/i_wrap/TMDS_3/i_ODDRE_N/D[0]
                            (rising edge-triggered cell OSERDESE3 clocked by clk_125MHz_clk_wiz_0  {rise@0.000ns fall@4.000ns period=8.000ns})
  Path Group:             clk_125MHz_clk_wiz_0
  Path Type:              Setup (Max at Slow Process Corner)
  Requirement:            8.000ns  (clk_125MHz_clk_wiz_0 rise@8.000ns - clk_125MHz_clk_wiz_0 rise@0.000ns)
  Data Path Delay:        0.973ns  (logic 0.231ns (23.735%)  route 0.742ns (76.265%))
  Logic Levels:           1  (LUT1=1)
  Clock Path Skew:        -0.105ns (DCD - SCD + CPR)
    Destination Clock Delay (DCD):    -0.260ns = ( 7.740 - 8.000 ) 
    Source Clock Delay      (SCD):    -0.207ns
    Clock Pessimism Removal (CPR):    -0.052ns
  Clock Uncertainty:      0.064ns  ((TSJ^2 + DJ^2)^1/2) / 2 + PE
    Total System Jitter     (TSJ):    0.071ns
    Discrete Jitter          (DJ):    0.108ns
    Phase Error              (PE):    0.000ns
  Clock Net Delay (Source):      1.876ns (routing 1.034ns, distribution 0.842ns)
  Clock Net Delay (Destination): 1.640ns (routing 0.938ns, distribution 0.702ns)

    Location             Delay type                Incr(ns)  Path(ns)    Netlist Resource(s)
  -------------------------------------------------------------------    -------------------
                         (clock clk_125MHz_clk_wiz_0 rise edge)
                                                      0.000     0.000 r  
    D7                                                0.000     0.000 r  i_clk_100mhz_p (IN)
                         net (fo=0)                   0.100     0.100    u_clk_wiz_0/inst/clkin1_ibufds/I
    HPIOBDIFFINBUF_X0Y60 DIFFINBUF (Prop_DIFFINBUF_HPIOBDIFFINBUF_DIFF_IN_P_O)
                                                      0.629     0.729 r  u_clk_wiz_0/inst/clkin1_ibufds/DIFFINBUF_INST/O
                         net (fo=1, routed)           0.050     0.779    u_clk_wiz_0/inst/clkin1_ibufds/OUT
    D7                   IBUFCTRL (Prop_IBUFCTRL_HPIOB_M_I_O)
                                                      0.000     0.779 r  u_clk_wiz_0/inst/clkin1_ibufds/IBUFCTRL_INST/O
                         net (fo=1, routed)           0.384     1.163    u_clk_wiz_0/inst/clk_in1_clk_wiz_0
    MMCM_X0Y2            MMCME4_ADV (Prop_MMCM_CLKIN1_CLKOUT1)
                                                     -3.524    -2.361 r  u_clk_wiz_0/inst/mmcme4_adv_inst/CLKOUT1
                         net (fo=1, routed)           0.250    -2.111    u_clk_wiz_0/inst/clk_125MHz_clk_wiz_0
    BUFGCE_X0Y54         BUFGCE (Prop_BUFCE_BUFGCE_I_O)
                                                      0.028    -2.083 r  u_clk_wiz_0/inst/clkout2_buf/O
    X1Y0 (CLOCK_ROOT)    net (fo=53, routed)          1.876    -0.207    u_hdmi_tx/i_wrap/pxClkX5
    SLICE_X38Y24         FDRE                                         r  u_hdmi_tx/i_wrap/TMDS_3/i_GBox/sReg_reg[0]/C
  -------------------------------------------------------------------    -------------------
    SLICE_X38Y24         FDRE (Prop_EFF_SLICEL_C_Q)
                                                      0.079    -0.128 f  u_hdmi_tx/i_wrap/TMDS_3/i_GBox/sReg_reg[0]/Q
                         net (fo=2, routed)           0.421     0.294    u_hdmi_tx/i_wrap/TMDS_3/D1
    SLICE_X37Y24         LUT1 (Prop_H6LUT_SLICEM_I0_O)
                                                      0.152     0.446 r  u_hdmi_tx/i_wrap/i_ODDRE_N_i_1__2/O
                         net (fo=1, routed)           0.321     0.767    u_hdmi_tx/i_wrap/i_ODDRE_N_i_1__2_n_0
    HDIOLOGIC_M_X1Y5     OSERDESE3                                    r  u_hdmi_tx/i_wrap/TMDS_3/i_ODDRE_N/D[0]
  -------------------------------------------------------------------    -------------------

                         (clock clk_125MHz_clk_wiz_0 rise edge)
                                                      8.000     8.000 r  
    D7                                                0.000     8.000 r  i_clk_100mhz_p (IN)
                         net (fo=0)                   0.079     8.079    u_clk_wiz_0/inst/clkin1_ibufds/I
    HPIOBDIFFINBUF_X0Y60 DIFFINBUF (Prop_DIFFINBUF_HPIOBDIFFINBUF_DIFF_IN_P_O)
                                                      0.519     8.598 r  u_clk_wiz_0/inst/clkin1_ibufds/DIFFINBUF_INST/O
                         net (fo=1, routed)           0.040     8.638    u_clk_wiz_0/inst/clkin1_ibufds/OUT
    D7                   IBUFCTRL (Prop_IBUFCTRL_HPIOB_M_I_O)
                                                      0.000     8.638 r  u_clk_wiz_0/inst/clkin1_ibufds/IBUFCTRL_INST/O
                         net (fo=1, routed)           0.333     8.971    u_clk_wiz_0/inst/clk_in1_clk_wiz_0
    MMCM_X0Y2            MMCME4_ADV (Prop_MMCM_CLKIN1_CLKOUT1)
                                                     -3.115     5.856 r  u_clk_wiz_0/inst/mmcme4_adv_inst/CLKOUT1
                         net (fo=1, routed)           0.220     6.076    u_clk_wiz_0/inst/clk_125MHz_clk_wiz_0
    BUFGCE_X0Y54         BUFGCE (Prop_BUFCE_BUFGCE_I_O)
                                                      0.024     6.100 r  u_clk_wiz_0/inst/clkout2_buf/O
    X1Y0 (CLOCK_ROOT)    net (fo=53, routed)          1.640     7.740    u_hdmi_tx/i_wrap/pxClkX5
    HDIOLOGIC_M_X1Y5     OSERDESE3                                    r  u_hdmi_tx/i_wrap/TMDS_3/i_ODDRE_N/CLK
                         clock pessimism             -0.052     7.689    
                         clock uncertainty           -0.064     7.624    
    HDIOLOGIC_M_X1Y5     OSERDESE3 (Setup_OPTFF_HDIOLOGIC_M_CLK_D[0])
                                                     -0.208     7.416    u_hdmi_tx/i_wrap/TMDS_3/i_ODDRE_N
  -------------------------------------------------------------------
                         required time                          7.416    
                         arrival time                          -0.767    
  -------------------------------------------------------------------
                         slack                                  6.650    

Slack (MET) :             6.739ns  (required time - arrival time)
  Source:                 u_hdmi_tx/i_wrap/TMDS_2/i_GBox/sReg_reg[1]/C
                            (rising edge-triggered cell FDRE clocked by clk_125MHz_clk_wiz_0  {rise@0.000ns fall@4.000ns period=8.000ns})
  Destination:            u_hdmi_tx/i_wrap/TMDS_2/i_ODDRE_N/D[4]
                            (rising edge-triggered cell OSERDESE3 clocked by clk_125MHz_clk_wiz_0  {rise@0.000ns fall@4.000ns period=8.000ns})
  Path Group:             clk_125MHz_clk_wiz_0
  Path Type:              Setup (Max at Slow Process Corner)
  Requirement:            8.000ns  (clk_125MHz_clk_wiz_0 rise@8.000ns - clk_125MHz_clk_wiz_0 rise@0.000ns)
  Data Path Delay:        0.890ns  (logic 0.229ns (25.720%)  route 0.661ns (74.280%))
  Logic Levels:           1  (LUT1=1)
  Clock Path Skew:        -0.117ns (DCD - SCD + CPR)
    Destination Clock Delay (DCD):    -0.245ns = ( 7.755 - 8.000 ) 
    Source Clock Delay      (SCD):    -0.179ns
    Clock Pessimism Removal (CPR):    -0.052ns
  Clock Uncertainty:      0.064ns  ((TSJ^2 + DJ^2)^1/2) / 2 + PE
    Total System Jitter     (TSJ):    0.071ns
    Discrete Jitter          (DJ):    0.108ns
    Phase Error              (PE):    0.000ns
  Clock Net Delay (Source):      1.903ns (routing 1.034ns, distribution 0.869ns)
  Clock Net Delay (Destination): 1.655ns (routing 0.938ns, distribution 0.717ns)

    Location             Delay type                Incr(ns)  Path(ns)    Netlist Resource(s)
  -------------------------------------------------------------------    -------------------
                         (clock clk_125MHz_clk_wiz_0 rise edge)
                                                      0.000     0.000 r  
    D7                                                0.000     0.000 r  i_clk_100mhz_p (IN)
                         net (fo=0)                   0.100     0.100    u_clk_wiz_0/inst/clkin1_ibufds/I
    HPIOBDIFFINBUF_X0Y60 DIFFINBUF (Prop_DIFFINBUF_HPIOBDIFFINBUF_DIFF_IN_P_O)
                                                      0.629     0.729 r  u_clk_wiz_0/inst/clkin1_ibufds/DIFFINBUF_INST/O
                         net (fo=1, routed)           0.050     0.779    u_clk_wiz_0/inst/clkin1_ibufds/OUT
    D7                   IBUFCTRL (Prop_IBUFCTRL_HPIOB_M_I_O)
                                                      0.000     0.779 r  u_clk_wiz_0/inst/clkin1_ibufds/IBUFCTRL_INST/O
                         net (fo=1, routed)           0.384     1.163    u_clk_wiz_0/inst/clk_in1_clk_wiz_0
    MMCM_X0Y2            MMCME4_ADV (Prop_MMCM_CLKIN1_CLKOUT1)
                                                     -3.524    -2.361 r  u_clk_wiz_0/inst/mmcme4_adv_inst/CLKOUT1
                         net (fo=1, routed)           0.250    -2.111    u_clk_wiz_0/inst/clk_125MHz_clk_wiz_0
    BUFGCE_X0Y54         BUFGCE (Prop_BUFCE_BUFGCE_I_O)
                                                      0.028    -2.083 r  u_clk_wiz_0/inst/clkout2_buf/O
    X1Y0 (CLOCK_ROOT)    net (fo=53, routed)          1.903    -0.179    u_hdmi_tx/i_wrap/pxClkX5
    SLICE_X38Y1          FDRE                                         r  u_hdmi_tx/i_wrap/TMDS_2/i_GBox/sReg_reg[1]/C
  -------------------------------------------------------------------    -------------------
    SLICE_X38Y1          FDRE (Prop_HFF_SLICEL_C_Q)
                                                      0.079    -0.100 f  u_hdmi_tx/i_wrap/TMDS_2/i_GBox/sReg_reg[1]/Q
                         net (fo=2, routed)           0.390     0.290    u_hdmi_tx/i_wrap/TMDS_2/D2
    SLICE_X37Y4          LUT1 (Prop_G6LUT_SLICEM_I0_O)
                                                      0.150     0.440 r  u_hdmi_tx/i_wrap/i_ODDRE_N_i_2__2/O
                         net (fo=1, routed)           0.271     0.711    u_hdmi_tx/i_wrap/i_ODDRE_N_i_2__2_n_0
    HDIOLOGIC_S_X1Y1     OSERDESE3                                    r  u_hdmi_tx/i_wrap/TMDS_2/i_ODDRE_N/D[4]
  -------------------------------------------------------------------    -------------------

                         (clock clk_125MHz_clk_wiz_0 rise edge)
                                                      8.000     8.000 r  
    D7                                                0.000     8.000 r  i_clk_100mhz_p (IN)
                         net (fo=0)                   0.079     8.079    u_clk_wiz_0/inst/clkin1_ibufds/I
    HPIOBDIFFINBUF_X0Y60 DIFFINBUF (Prop_DIFFINBUF_HPIOBDIFFINBUF_DIFF_IN_P_O)
                                                      0.519     8.598 r  u_clk_wiz_0/inst/clkin1_ibufds/DIFFINBUF_INST/O
                         net (fo=1, routed)           0.040     8.638    u_clk_wiz_0/inst/clkin1_ibufds/OUT
    D7                   IBUFCTRL (Prop_IBUFCTRL_HPIOB_M_I_O)
                                                      0.000     8.638 r  u_clk_wiz_0/inst/clkin1_ibufds/IBUFCTRL_INST/O
                         net (fo=1, routed)           0.333     8.971    u_clk_wiz_0/inst/clk_in1_clk_wiz_0
    MMCM_X0Y2            MMCME4_ADV (Prop_MMCM_CLKIN1_CLKOUT1)
                                                     -3.115     5.856 r  u_clk_wiz_0/inst/mmcme4_adv_inst/CLKOUT1
                         net (fo=1, routed)           0.220     6.076    u_clk_wiz_0/inst/clk_125MHz_clk_wiz_0
    BUFGCE_X0Y54         BUFGCE (Prop_BUFCE_BUFGCE_I_O)
                                                      0.024     6.100 r  u_clk_wiz_0/inst/clkout2_buf/O
    X1Y0 (CLOCK_ROOT)    net (fo=53, routed)          1.655     7.755    u_hdmi_tx/i_wrap/pxClkX5
    HDIOLOGIC_S_X1Y1     OSERDESE3                                    r  u_hdmi_tx/i_wrap/TMDS_2/i_ODDRE_N/CLK
                         clock pessimism             -0.052     7.703    
                         clock uncertainty           -0.064     7.639    
    HDIOLOGIC_S_X1Y1     OSERDESE3 (Setup_OPTFF_HDIOLOGIC_S_CLK_D[4])
                                                     -0.189     7.450    u_hdmi_tx/i_wrap/TMDS_2/i_ODDRE_N
  -------------------------------------------------------------------
                         required time                          7.450    
                         arrival time                          -0.711    
  -------------------------------------------------------------------
                         slack                                  6.739    

Slack (MET) :             6.784ns  (required time - arrival time)
  Source:                 u_hdmi_tx/i_wrap/TMDS_1/i_GBox/sReg_reg[0]/C
                            (rising edge-triggered cell FDRE clocked by clk_125MHz_clk_wiz_0  {rise@0.000ns fall@4.000ns period=8.000ns})
  Destination:            u_hdmi_tx/i_wrap/TMDS_1/i_ODDRE_N/D[0]
                            (rising edge-triggered cell OSERDESE3 clocked by clk_125MHz_clk_wiz_0  {rise@0.000ns fall@4.000ns period=8.000ns})
  Path Group:             clk_125MHz_clk_wiz_0
  Path Type:              Setup (Max at Slow Process Corner)
  Requirement:            8.000ns  (clk_125MHz_clk_wiz_0 rise@8.000ns - clk_125MHz_clk_wiz_0 rise@0.000ns)
  Data Path Delay:        0.878ns  (logic 0.169ns (19.249%)  route 0.709ns (80.751%))
  Logic Levels:           1  (LUT1=1)
  Clock Path Skew:        -0.066ns (DCD - SCD + CPR)
    Destination Clock Delay (DCD):    -0.247ns = ( 7.753 - 8.000 ) 
    Source Clock Delay      (SCD):    -0.233ns
    Clock Pessimism Removal (CPR):    -0.052ns
  Clock Uncertainty:      0.064ns  ((TSJ^2 + DJ^2)^1/2) / 2 + PE
    Total System Jitter     (TSJ):    0.071ns
    Discrete Jitter          (DJ):    0.108ns
    Phase Error              (PE):    0.000ns
  Clock Net Delay (Source):      1.850ns (routing 1.034ns, distribution 0.816ns)
  Clock Net Delay (Destination): 1.653ns (routing 0.938ns, distribution 0.715ns)

    Location             Delay type                Incr(ns)  Path(ns)    Netlist Resource(s)
  -------------------------------------------------------------------    -------------------
                         (clock clk_125MHz_clk_wiz_0 rise edge)
                                                      0.000     0.000 r  
    D7                                                0.000     0.000 r  i_clk_100mhz_p (IN)
                         net (fo=0)                   0.100     0.100    u_clk_wiz_0/inst/clkin1_ibufds/I
    HPIOBDIFFINBUF_X0Y60 DIFFINBUF (Prop_DIFFINBUF_HPIOBDIFFINBUF_DIFF_IN_P_O)
                                                      0.629     0.729 r  u_clk_wiz_0/inst/clkin1_ibufds/DIFFINBUF_INST/O
                         net (fo=1, routed)           0.050     0.779    u_clk_wiz_0/inst/clkin1_ibufds/OUT
    D7                   IBUFCTRL (Prop_IBUFCTRL_HPIOB_M_I_O)
                                                      0.000     0.779 r  u_clk_wiz_0/inst/clkin1_ibufds/IBUFCTRL_INST/O
                         net (fo=1, routed)           0.384     1.163    u_clk_wiz_0/inst/clk_in1_clk_wiz_0
    MMCM_X0Y2            MMCME4_ADV (Prop_MMCM_CLKIN1_CLKOUT1)
                                                     -3.524    -2.361 r  u_clk_wiz_0/inst/mmcme4_adv_inst/CLKOUT1
                         net (fo=1, routed)           0.250    -2.111    u_clk_wiz_0/inst/clk_125MHz_clk_wiz_0
    BUFGCE_X0Y54         BUFGCE (Prop_BUFCE_BUFGCE_I_O)
                                                      0.028    -2.083 r  u_clk_wiz_0/inst/clkout2_buf/O
    X1Y0 (CLOCK_ROOT)    net (fo=53, routed)          1.850    -0.233    u_hdmi_tx/i_wrap/pxClkX5
    SLICE_X36Y4          FDRE                                         r  u_hdmi_tx/i_wrap/TMDS_1/i_GBox/sReg_reg[0]/C
  -------------------------------------------------------------------    -------------------
    SLICE_X36Y4          FDRE (Prop_DFF_SLICEL_C_Q)
                                                      0.079    -0.154 f  u_hdmi_tx/i_wrap/TMDS_1/i_GBox/sReg_reg[0]/Q
                         net (fo=2, routed)           0.416     0.262    u_hdmi_tx/i_wrap/TMDS_1/D1
    SLICE_X37Y10         LUT1 (Prop_G6LUT_SLICEM_I0_O)
                                                      0.090     0.352 r  u_hdmi_tx/i_wrap/i_ODDRE_N_i_1__0/O
                         net (fo=1, routed)           0.293     0.645    u_hdmi_tx/i_wrap/i_ODDRE_N_i_1__0_n_0
    HDIOLOGIC_M_X1Y2     OSERDESE3                                    r  u_hdmi_tx/i_wrap/TMDS_1/i_ODDRE_N/D[0]
  -------------------------------------------------------------------    -------------------

                         (clock clk_125MHz_clk_wiz_0 rise edge)
                                                      8.000     8.000 r  
    D7                                                0.000     8.000 r  i_clk_100mhz_p (IN)
                         net (fo=0)                   0.079     8.079    u_clk_wiz_0/inst/clkin1_ibufds/I
    HPIOBDIFFINBUF_X0Y60 DIFFINBUF (Prop_DIFFINBUF_HPIOBDIFFINBUF_DIFF_IN_P_O)
                                                      0.519     8.598 r  u_clk_wiz_0/inst/clkin1_ibufds/DIFFINBUF_INST/O
                         net (fo=1, routed)           0.040     8.638    u_clk_wiz_0/inst/clkin1_ibufds/OUT
    D7                   IBUFCTRL (Prop_IBUFCTRL_HPIOB_M_I_O)
                                                      0.000     8.638 r  u_clk_wiz_0/inst/clkin1_ibufds/IBUFCTRL_INST/O
                         net (fo=1, routed)           0.333     8.971    u_clk_wiz_0/inst/clk_in1_clk_wiz_0
    MMCM_X0Y2            MMCME4_ADV (Prop_MMCM_CLKIN1_CLKOUT1)
                                                     -3.115     5.856 r  u_clk_wiz_0/inst/mmcme4_adv_inst/CLKOUT1
                         net (fo=1, routed)           0.220     6.076    u_clk_wiz_0/inst/clk_125MHz_clk_wiz_0
    BUFGCE_X0Y54         BUFGCE (Prop_BUFCE_BUFGCE_I_O)
                                                      0.024     6.100 r  u_clk_wiz_0/inst/clkout2_buf/O
    X1Y0 (CLOCK_ROOT)    net (fo=53, routed)          1.653     7.753    u_hdmi_tx/i_wrap/pxClkX5
    HDIOLOGIC_M_X1Y2     OSERDESE3                                    r  u_hdmi_tx/i_wrap/TMDS_1/i_ODDRE_N/CLK
                         clock pessimism             -0.052     7.702    
                         clock uncertainty           -0.064     7.637    
    HDIOLOGIC_M_X1Y2     OSERDESE3 (Setup_OPTFF_HDIOLOGIC_M_CLK_D[0])
                                                     -0.208     7.429    u_hdmi_tx/i_wrap/TMDS_1/i_ODDRE_N
  -------------------------------------------------------------------
                         required time                          7.429    
                         arrival time                          -0.645    
  -------------------------------------------------------------------
                         slack                                  6.784    

Slack (MET) :             6.788ns  (required time - arrival time)
  Source:                 u_hdmi_tx/i_wrap/TMDS_0/i_GBox/cntMod5_reg[0]/C
                            (rising edge-triggered cell FDRE clocked by clk_125MHz_clk_wiz_0  {rise@0.000ns fall@4.000ns period=8.000ns})
  Destination:            u_hdmi_tx/i_wrap/TMDS_0/i_GBox/sReg_reg[3]/D
                            (rising edge-triggered cell FDRE clocked by clk_125MHz_clk_wiz_0  {rise@0.000ns fall@4.000ns period=8.000ns})
  Path Group:             clk_125MHz_clk_wiz_0
  Path Type:              Setup (Max at Slow Process Corner)
  Requirement:            8.000ns  (clk_125MHz_clk_wiz_0 rise@8.000ns - clk_125MHz_clk_wiz_0 rise@0.000ns)
  Data Path Delay:        1.154ns  (logic 0.371ns (32.158%)  route 0.783ns (67.842%))
  Logic Levels:           2  (LUT5=1 LUT6=1)
  Clock Path Skew:        -0.019ns (DCD - SCD + CPR)
    Destination Clock Delay (DCD):    -0.261ns = ( 7.739 - 8.000 ) 
    Source Clock Delay      (SCD):    -0.244ns
    Clock Pessimism Removal (CPR):    -0.002ns
  Clock Uncertainty:      0.064ns  ((TSJ^2 + DJ^2)^1/2) / 2 + PE
    Total System Jitter     (TSJ):    0.071ns
    Discrete Jitter          (DJ):    0.108ns
    Phase Error              (PE):    0.000ns
  Clock Net Delay (Source):      1.839ns (routing 1.034ns, distribution 0.805ns)
  Clock Net Delay (Destination): 1.639ns (routing 0.938ns, distribution 0.701ns)

    Location             Delay type                Incr(ns)  Path(ns)    Netlist Resource(s)
  -------------------------------------------------------------------    -------------------
                         (clock clk_125MHz_clk_wiz_0 rise edge)
                                                      0.000     0.000 r  
    D7                                                0.000     0.000 r  i_clk_100mhz_p (IN)
                         net (fo=0)                   0.100     0.100    u_clk_wiz_0/inst/clkin1_ibufds/I
    HPIOBDIFFINBUF_X0Y60 DIFFINBUF (Prop_DIFFINBUF_HPIOBDIFFINBUF_DIFF_IN_P_O)
                                                      0.629     0.729 r  u_clk_wiz_0/inst/clkin1_ibufds/DIFFINBUF_INST/O
                         net (fo=1, routed)           0.050     0.779    u_clk_wiz_0/inst/clkin1_ibufds/OUT
    D7                   IBUFCTRL (Prop_IBUFCTRL_HPIOB_M_I_O)
                                                      0.000     0.779 r  u_clk_wiz_0/inst/clkin1_ibufds/IBUFCTRL_INST/O
                         net (fo=1, routed)           0.384     1.163    u_clk_wiz_0/inst/clk_in1_clk_wiz_0
    MMCM_X0Y2            MMCME4_ADV (Prop_MMCM_CLKIN1_CLKOUT1)
                                                     -3.524    -2.361 r  u_clk_wiz_0/inst/mmcme4_adv_inst/CLKOUT1
                         net (fo=1, routed)           0.250    -2.111    u_clk_wiz_0/inst/clk_125MHz_clk_wiz_0
    BUFGCE_X0Y54         BUFGCE (Prop_BUFCE_BUFGCE_I_O)
                                                      0.028    -2.083 r  u_clk_wiz_0/inst/clkout2_buf/O
    X1Y0 (CLOCK_ROOT)    net (fo=53, routed)          1.839    -0.244    u_hdmi_tx/i_wrap/pxClkX5
    SLICE_X35Y8          FDRE                                         r  u_hdmi_tx/i_wrap/TMDS_0/i_GBox/cntMod5_reg[0]/C
  -------------------------------------------------------------------    -------------------
    SLICE_X35Y8          FDRE (Prop_DFF2_SLICEL_C_Q)
                                                      0.081    -0.163 f  u_hdmi_tx/i_wrap/TMDS_0/i_GBox/cntMod5_reg[0]/Q
                         net (fo=11, routed)          0.345     0.182    u_hdmi_tx/i_wrap/TMDS_0/i_GBox/cntMod5_reg_n_0_[0]
    SLICE_X35Y6          LUT5 (Prop_B5LUT_SLICEL_I0_O)
                                                      0.141     0.323 r  u_hdmi_tx/i_wrap/sReg[5]_i_5/O
                         net (fo=2, routed)           0.390     0.713    u_hdmi_tx/i_wrap/sReg[5]_i_5_n_0
    SLICE_X35Y6          LUT6 (Prop_A6LUT_SLICEL_I5_O)
                                                      0.149     0.862 r  u_hdmi_tx/i_wrap/sReg[3]_i_1/O
                         net (fo=1, routed)           0.048     0.910    u_hdmi_tx/i_wrap/sReg[3]_i_1_n_0
    SLICE_X35Y6          FDRE                                         r  u_hdmi_tx/i_wrap/TMDS_0/i_GBox/sReg_reg[3]/D
  -------------------------------------------------------------------    -------------------

                         (clock clk_125MHz_clk_wiz_0 rise edge)
                                                      8.000     8.000 r  
    D7                                                0.000     8.000 r  i_clk_100mhz_p (IN)
                         net (fo=0)                   0.079     8.079    u_clk_wiz_0/inst/clkin1_ibufds/I
    HPIOBDIFFINBUF_X0Y60 DIFFINBUF (Prop_DIFFINBUF_HPIOBDIFFINBUF_DIFF_IN_P_O)
                                                      0.519     8.598 r  u_clk_wiz_0/inst/clkin1_ibufds/DIFFINBUF_INST/O
                         net (fo=1, routed)           0.040     8.638    u_clk_wiz_0/inst/clkin1_ibufds/OUT
    D7                   IBUFCTRL (Prop_IBUFCTRL_HPIOB_M_I_O)
                                                      0.000     8.638 r  u_clk_wiz_0/inst/clkin1_ibufds/IBUFCTRL_INST/O
                         net (fo=1, routed)           0.333     8.971    u_clk_wiz_0/inst/clk_in1_clk_wiz_0
    MMCM_X0Y2            MMCME4_ADV (Prop_MMCM_CLKIN1_CLKOUT1)
                                                     -3.115     5.856 r  u_clk_wiz_0/inst/mmcme4_adv_inst/CLKOUT1
                         net (fo=1, routed)           0.220     6.076    u_clk_wiz_0/inst/clk_125MHz_clk_wiz_0
    BUFGCE_X0Y54         BUFGCE (Prop_BUFCE_BUFGCE_I_O)
                                                      0.024     6.100 r  u_clk_wiz_0/inst/clkout2_buf/O
    X1Y0 (CLOCK_ROOT)    net (fo=53, routed)          1.639     7.739    u_hdmi_tx/i_wrap/pxClkX5
    SLICE_X35Y6          FDRE                                         r  u_hdmi_tx/i_wrap/TMDS_0/i_GBox/sReg_reg[3]/C
                         clock pessimism             -0.002     7.737    
                         clock uncertainty           -0.064     7.673    
    SLICE_X35Y6          FDRE (Setup_AFF_SLICEL_C_D)
                                                      0.025     7.698    u_hdmi_tx/i_wrap/TMDS_0/i_GBox/sReg_reg[3]
  -------------------------------------------------------------------
                         required time                          7.698    
                         arrival time                          -0.910    
  -------------------------------------------------------------------
                         slack                                  6.788    

Slack (MET) :             6.797ns  (required time - arrival time)
  Source:                 u_hdmi_tx/i_wrap/TMDS_2/i_GBox/sReg_reg[0]/C
                            (rising edge-triggered cell FDRE clocked by clk_125MHz_clk_wiz_0  {rise@0.000ns fall@4.000ns period=8.000ns})
  Destination:            u_hdmi_tx/i_wrap/TMDS_2/i_ODDRE_N/D[0]
                            (rising edge-triggered cell OSERDESE3 clocked by clk_125MHz_clk_wiz_0  {rise@0.000ns fall@4.000ns period=8.000ns})
  Path Group:             clk_125MHz_clk_wiz_0
  Path Type:              Setup (Max at Slow Process Corner)
  Requirement:            8.000ns  (clk_125MHz_clk_wiz_0 rise@8.000ns - clk_125MHz_clk_wiz_0 rise@0.000ns)
  Data Path Delay:        0.846ns  (logic 0.167ns (19.738%)  route 0.679ns (80.262%))
  Logic Levels:           1  (LUT1=1)
  Clock Path Skew:        -0.116ns (DCD - SCD + CPR)
    Destination Clock Delay (DCD):    -0.245ns = ( 7.755 - 8.000 ) 
    Source Clock Delay      (SCD):    -0.181ns
    Clock Pessimism Removal (CPR):    -0.052ns
  Clock Uncertainty:      0.064ns  ((TSJ^2 + DJ^2)^1/2) / 2 + PE
    Total System Jitter     (TSJ):    0.071ns
    Discrete Jitter          (DJ):    0.108ns
    Phase Error              (PE):    0.000ns
  Clock Net Delay (Source):      1.902ns (routing 1.034ns, distribution 0.868ns)
  Clock Net Delay (Destination): 1.655ns (routing 0.938ns, distribution 0.717ns)

    Location             Delay type                Incr(ns)  Path(ns)    Netlist Resource(s)
  -------------------------------------------------------------------    -------------------
                         (clock clk_125MHz_clk_wiz_0 rise edge)
                                                      0.000     0.000 r  
    D7                                                0.000     0.000 r  i_clk_100mhz_p (IN)
                         net (fo=0)                   0.100     0.100    u_clk_wiz_0/inst/clkin1_ibufds/I
    HPIOBDIFFINBUF_X0Y60 DIFFINBUF (Prop_DIFFINBUF_HPIOBDIFFINBUF_DIFF_IN_P_O)
                                                      0.629     0.729 r  u_clk_wiz_0/inst/clkin1_ibufds/DIFFINBUF_INST/O
                         net (fo=1, routed)           0.050     0.779    u_clk_wiz_0/inst/clkin1_ibufds/OUT
    D7                   IBUFCTRL (Prop_IBUFCTRL_HPIOB_M_I_O)
                                                      0.000     0.779 r  u_clk_wiz_0/inst/clkin1_ibufds/IBUFCTRL_INST/O
                         net (fo=1, routed)           0.384     1.163    u_clk_wiz_0/inst/clk_in1_clk_wiz_0
    MMCM_X0Y2            MMCME4_ADV (Prop_MMCM_CLKIN1_CLKOUT1)
                                                     -3.524    -2.361 r  u_clk_wiz_0/inst/mmcme4_adv_inst/CLKOUT1
                         net (fo=1, routed)           0.250    -2.111    u_clk_wiz_0/inst/clk_125MHz_clk_wiz_0
    BUFGCE_X0Y54         BUFGCE (Prop_BUFCE_BUFGCE_I_O)
                                                      0.028    -2.083 r  u_clk_wiz_0/inst/clkout2_buf/O
    X1Y0 (CLOCK_ROOT)    net (fo=53, routed)          1.902    -0.181    u_hdmi_tx/i_wrap/pxClkX5
    SLICE_X39Y2          FDRE                                         r  u_hdmi_tx/i_wrap/TMDS_2/i_GBox/sReg_reg[0]/C
  -------------------------------------------------------------------    -------------------
    SLICE_X39Y2          FDRE (Prop_AFF_SLICEM_C_Q)
                                                      0.077    -0.104 f  u_hdmi_tx/i_wrap/TMDS_2/i_GBox/sReg_reg[0]/Q
                         net (fo=2, routed)           0.429     0.325    u_hdmi_tx/i_wrap/TMDS_2/D1
    SLICE_X37Y4          LUT1 (Prop_H6LUT_SLICEM_I0_O)
                                                      0.090     0.415 r  u_hdmi_tx/i_wrap/i_ODDRE_N_i_1__1/O
                         net (fo=1, routed)           0.250     0.665    u_hdmi_tx/i_wrap/i_ODDRE_N_i_1__1_n_0
    HDIOLOGIC_S_X1Y1     OSERDESE3                                    r  u_hdmi_tx/i_wrap/TMDS_2/i_ODDRE_N/D[0]
  -------------------------------------------------------------------    -------------------

                         (clock clk_125MHz_clk_wiz_0 rise edge)
                                                      8.000     8.000 r  
    D7                                                0.000     8.000 r  i_clk_100mhz_p (IN)
                         net (fo=0)                   0.079     8.079    u_clk_wiz_0/inst/clkin1_ibufds/I
    HPIOBDIFFINBUF_X0Y60 DIFFINBUF (Prop_DIFFINBUF_HPIOBDIFFINBUF_DIFF_IN_P_O)
                                                      0.519     8.598 r  u_clk_wiz_0/inst/clkin1_ibufds/DIFFINBUF_INST/O
                         net (fo=1, routed)           0.040     8.638    u_clk_wiz_0/inst/clkin1_ibufds/OUT
    D7                   IBUFCTRL (Prop_IBUFCTRL_HPIOB_M_I_O)
                                                      0.000     8.638 r  u_clk_wiz_0/inst/clkin1_ibufds/IBUFCTRL_INST/O
                         net (fo=1, routed)           0.333     8.971    u_clk_wiz_0/inst/clk_in1_clk_wiz_0
    MMCM_X0Y2            MMCME4_ADV (Prop_MMCM_CLKIN1_CLKOUT1)
                                                     -3.115     5.856 r  u_clk_wiz_0/inst/mmcme4_adv_inst/CLKOUT1
                         net (fo=1, routed)           0.220     6.076    u_clk_wiz_0/inst/clk_125MHz_clk_wiz_0
    BUFGCE_X0Y54         BUFGCE (Prop_BUFCE_BUFGCE_I_O)
                                                      0.024     6.100 r  u_clk_wiz_0/inst/clkout2_buf/O
    X1Y0 (CLOCK_ROOT)    net (fo=53, routed)          1.655     7.755    u_hdmi_tx/i_wrap/pxClkX5
    HDIOLOGIC_S_X1Y1     OSERDESE3                                    r  u_hdmi_tx/i_wrap/TMDS_2/i_ODDRE_N/CLK
                         clock pessimism             -0.052     7.703    
                         clock uncertainty           -0.064     7.639    
    HDIOLOGIC_S_X1Y1     OSERDESE3 (Setup_OPTFF_HDIOLOGIC_S_CLK_D[0])
                                                     -0.177     7.462    u_hdmi_tx/i_wrap/TMDS_2/i_ODDRE_N
  -------------------------------------------------------------------
                         required time                          7.462    
                         arrival time                          -0.665    
  -------------------------------------------------------------------
                         slack                                  6.797    

Slack (MET) :             6.837ns  (required time - arrival time)
  Source:                 u_hdmi_tx/i_wrap/TMDS_0/i_GBox/sReg_reg[1]/C
                            (rising edge-triggered cell FDRE clocked by clk_125MHz_clk_wiz_0  {rise@0.000ns fall@4.000ns period=8.000ns})
  Destination:            u_hdmi_tx/i_wrap/TMDS_0/i_ODDRE_N/D[4]
                            (rising edge-triggered cell OSERDESE3 clocked by clk_125MHz_clk_wiz_0  {rise@0.000ns fall@4.000ns period=8.000ns})
  Path Group:             clk_125MHz_clk_wiz_0
  Path Type:              Setup (Max at Slow Process Corner)
  Requirement:            8.000ns  (clk_125MHz_clk_wiz_0 rise@8.000ns - clk_125MHz_clk_wiz_0 rise@0.000ns)
  Data Path Delay:        0.808ns  (logic 0.169ns (20.916%)  route 0.639ns (79.084%))
  Logic Levels:           1  (LUT1=1)
  Clock Path Skew:        -0.069ns (DCD - SCD + CPR)
    Destination Clock Delay (DCD):    -0.249ns = ( 7.751 - 8.000 ) 
    Source Clock Delay      (SCD):    -0.231ns
    Clock Pessimism Removal (CPR):    -0.052ns
  Clock Uncertainty:      0.064ns  ((TSJ^2 + DJ^2)^1/2) / 2 + PE
    Total System Jitter     (TSJ):    0.071ns
    Discrete Jitter          (DJ):    0.108ns
    Phase Error              (PE):    0.000ns
  Clock Net Delay (Source):      1.851ns (routing 1.034ns, distribution 0.817ns)
  Clock Net Delay (Destination): 1.651ns (routing 0.938ns, distribution 0.713ns)

    Location             Delay type                Incr(ns)  Path(ns)    Netlist Resource(s)
  -------------------------------------------------------------------    -------------------
                         (clock clk_125MHz_clk_wiz_0 rise edge)
                                                      0.000     0.000 r  
    D7                                                0.000     0.000 r  i_clk_100mhz_p (IN)
                         net (fo=0)                   0.100     0.100    u_clk_wiz_0/inst/clkin1_ibufds/I
    HPIOBDIFFINBUF_X0Y60 DIFFINBUF (Prop_DIFFINBUF_HPIOBDIFFINBUF_DIFF_IN_P_O)
                                                      0.629     0.729 r  u_clk_wiz_0/inst/clkin1_ibufds/DIFFINBUF_INST/O
                         net (fo=1, routed)           0.050     0.779    u_clk_wiz_0/inst/clkin1_ibufds/OUT
    D7                   IBUFCTRL (Prop_IBUFCTRL_HPIOB_M_I_O)
                                                      0.000     0.779 r  u_clk_wiz_0/inst/clkin1_ibufds/IBUFCTRL_INST/O
                         net (fo=1, routed)           0.384     1.163    u_clk_wiz_0/inst/clk_in1_clk_wiz_0
    MMCM_X0Y2            MMCME4_ADV (Prop_MMCM_CLKIN1_CLKOUT1)
                                                     -3.524    -2.361 r  u_clk_wiz_0/inst/mmcme4_adv_inst/CLKOUT1
                         net (fo=1, routed)           0.250    -2.111    u_clk_wiz_0/inst/clk_125MHz_clk_wiz_0
    BUFGCE_X0Y54         BUFGCE (Prop_BUFCE_BUFGCE_I_O)
                                                      0.028    -2.083 r  u_clk_wiz_0/inst/clkout2_buf/O
    X1Y0 (CLOCK_ROOT)    net (fo=53, routed)          1.851    -0.231    u_hdmi_tx/i_wrap/pxClkX5
    SLICE_X35Y6          FDRE                                         r  u_hdmi_tx/i_wrap/TMDS_0/i_GBox/sReg_reg[1]/C
  -------------------------------------------------------------------    -------------------
    SLICE_X35Y6          FDRE (Prop_DFF_SLICEL_C_Q)
                                                      0.079    -0.152 f  u_hdmi_tx/i_wrap/TMDS_0/i_GBox/sReg_reg[1]/Q
                         net (fo=2, routed)           0.392     0.240    u_hdmi_tx/i_wrap/TMDS_0/D2
    SLICE_X37Y14         LUT1 (Prop_G6LUT_SLICEM_I0_O)
                                                      0.090     0.330 r  u_hdmi_tx/i_wrap/i_ODDRE_N_i_2__0/O
                         net (fo=1, routed)           0.247     0.577    u_hdmi_tx/i_wrap/i_ODDRE_N_i_2__0_n_0
    HDIOLOGIC_M_X1Y3     OSERDESE3                                    r  u_hdmi_tx/i_wrap/TMDS_0/i_ODDRE_N/D[4]
  -------------------------------------------------------------------    -------------------

                         (clock clk_125MHz_clk_wiz_0 rise edge)
                                                      8.000     8.000 r  
    D7                                                0.000     8.000 r  i_clk_100mhz_p (IN)
                         net (fo=0)                   0.079     8.079    u_clk_wiz_0/inst/clkin1_ibufds/I
    HPIOBDIFFINBUF_X0Y60 DIFFINBUF (Prop_DIFFINBUF_HPIOBDIFFINBUF_DIFF_IN_P_O)
                                                      0.519     8.598 r  u_clk_wiz_0/inst/clkin1_ibufds/DIFFINBUF_INST/O
                         net (fo=1, routed)           0.040     8.638    u_clk_wiz_0/inst/clkin1_ibufds/OUT
    D7                   IBUFCTRL (Prop_IBUFCTRL_HPIOB_M_I_O)
                                                      0.000     8.638 r  u_clk_wiz_0/inst/clkin1_ibufds/IBUFCTRL_INST/O
                         net (fo=1, routed)           0.333     8.971    u_clk_wiz_0/inst/clk_in1_clk_wiz_0
    MMCM_X0Y2            MMCME4_ADV (Prop_MMCM_CLKIN1_CLKOUT1)
                                                     -3.115     5.856 r  u_clk_wiz_0/inst/mmcme4_adv_inst/CLKOUT1
                         net (fo=1, routed)           0.220     6.076    u_clk_wiz_0/inst/clk_125MHz_clk_wiz_0
    BUFGCE_X0Y54         BUFGCE (Prop_BUFCE_BUFGCE_I_O)
                                                      0.024     6.100 r  u_clk_wiz_0/inst/clkout2_buf/O
    X1Y0 (CLOCK_ROOT)    net (fo=53, routed)          1.651     7.751    u_hdmi_tx/i_wrap/pxClkX5
    HDIOLOGIC_M_X1Y3     OSERDESE3                                    r  u_hdmi_tx/i_wrap/TMDS_0/i_ODDRE_N/CLK
                         clock pessimism             -0.052     7.700    
                         clock uncertainty           -0.064     7.635    
    HDIOLOGIC_M_X1Y3     OSERDESE3 (Setup_OPTFF_HDIOLOGIC_M_CLK_D[4])
                                                     -0.222     7.413    u_hdmi_tx/i_wrap/TMDS_0/i_ODDRE_N
  -------------------------------------------------------------------
                         required time                          7.413    
                         arrival time                          -0.577    
  -------------------------------------------------------------------
                         slack                                  6.837    

Slack (MET) :             6.862ns  (required time - arrival time)
  Source:                 u_hdmi_tx/i_wrap/TMDS_0/i_GBox/cntMod5_reg[0]/C
                            (rising edge-triggered cell FDRE clocked by clk_125MHz_clk_wiz_0  {rise@0.000ns fall@4.000ns period=8.000ns})
  Destination:            u_hdmi_tx/i_wrap/TMDS_0/i_GBox/sReg_reg[5]/D
                            (rising edge-triggered cell FDRE clocked by clk_125MHz_clk_wiz_0  {rise@0.000ns fall@4.000ns period=8.000ns})
  Path Group:             clk_125MHz_clk_wiz_0
  Path Type:              Setup (Max at Slow Process Corner)
  Requirement:            8.000ns  (clk_125MHz_clk_wiz_0 rise@8.000ns - clk_125MHz_clk_wiz_0 rise@0.000ns)
  Data Path Delay:        1.082ns  (logic 0.312ns (28.844%)  route 0.770ns (71.156%))
  Logic Levels:           2  (LUT5=1 LUT6=1)
  Clock Path Skew:        -0.017ns (DCD - SCD + CPR)
    Destination Clock Delay (DCD):    -0.259ns = ( 7.741 - 8.000 ) 
    Source Clock Delay      (SCD):    -0.244ns
    Clock Pessimism Removal (CPR):    -0.002ns
  Clock Uncertainty:      0.064ns  ((TSJ^2 + DJ^2)^1/2) / 2 + PE
    Total System Jitter     (TSJ):    0.071ns
    Discrete Jitter          (DJ):    0.108ns
    Phase Error              (PE):    0.000ns
  Clock Net Delay (Source):      1.839ns (routing 1.034ns, distribution 0.805ns)
  Clock Net Delay (Destination): 1.641ns (routing 0.938ns, distribution 0.703ns)

    Location             Delay type                Incr(ns)  Path(ns)    Netlist Resource(s)
  -------------------------------------------------------------------    -------------------
                         (clock clk_125MHz_clk_wiz_0 rise edge)
                                                      0.000     0.000 r  
    D7                                                0.000     0.000 r  i_clk_100mhz_p (IN)
                         net (fo=0)                   0.100     0.100    u_clk_wiz_0/inst/clkin1_ibufds/I
    HPIOBDIFFINBUF_X0Y60 DIFFINBUF (Prop_DIFFINBUF_HPIOBDIFFINBUF_DIFF_IN_P_O)
                                                      0.629     0.729 r  u_clk_wiz_0/inst/clkin1_ibufds/DIFFINBUF_INST/O
                         net (fo=1, routed)           0.050     0.779    u_clk_wiz_0/inst/clkin1_ibufds/OUT
    D7                   IBUFCTRL (Prop_IBUFCTRL_HPIOB_M_I_O)
                                                      0.000     0.779 r  u_clk_wiz_0/inst/clkin1_ibufds/IBUFCTRL_INST/O
                         net (fo=1, routed)           0.384     1.163    u_clk_wiz_0/inst/clk_in1_clk_wiz_0
    MMCM_X0Y2            MMCME4_ADV (Prop_MMCM_CLKIN1_CLKOUT1)
                                                     -3.524    -2.361 r  u_clk_wiz_0/inst/mmcme4_adv_inst/CLKOUT1
                         net (fo=1, routed)           0.250    -2.111    u_clk_wiz_0/inst/clk_125MHz_clk_wiz_0
    BUFGCE_X0Y54         BUFGCE (Prop_BUFCE_BUFGCE_I_O)
                                                      0.028    -2.083 r  u_clk_wiz_0/inst/clkout2_buf/O
    X1Y0 (CLOCK_ROOT)    net (fo=53, routed)          1.839    -0.244    u_hdmi_tx/i_wrap/pxClkX5
    SLICE_X35Y8          FDRE                                         r  u_hdmi_tx/i_wrap/TMDS_0/i_GBox/cntMod5_reg[0]/C
  -------------------------------------------------------------------    -------------------
    SLICE_X35Y8          FDRE (Prop_DFF2_SLICEL_C_Q)
                                                      0.081    -0.163 f  u_hdmi_tx/i_wrap/TMDS_0/i_GBox/cntMod5_reg[0]/Q
                         net (fo=11, routed)          0.345     0.182    u_hdmi_tx/i_wrap/TMDS_0/i_GBox/cntMod5_reg_n_0_[0]
    SLICE_X35Y6          LUT5 (Prop_B5LUT_SLICEL_I0_O)
                                                      0.141     0.323 r  u_hdmi_tx/i_wrap/sReg[5]_i_5/O
                         net (fo=2, routed)           0.374     0.697    u_hdmi_tx/i_wrap/sReg[5]_i_5_n_0
    SLICE_X35Y6          LUT6 (Prop_H6LUT_SLICEL_I5_O)
                                                      0.090     0.787 r  u_hdmi_tx/i_wrap/sReg[5]_i_1/O
                         net (fo=1, routed)           0.051     0.838    u_hdmi_tx/i_wrap/sReg[5]_i_1_n_0
    SLICE_X35Y6          FDRE                                         r  u_hdmi_tx/i_wrap/TMDS_0/i_GBox/sReg_reg[5]/D
  -------------------------------------------------------------------    -------------------

                         (clock clk_125MHz_clk_wiz_0 rise edge)
                                                      8.000     8.000 r  
    D7                                                0.000     8.000 r  i_clk_100mhz_p (IN)
                         net (fo=0)                   0.079     8.079    u_clk_wiz_0/inst/clkin1_ibufds/I
    HPIOBDIFFINBUF_X0Y60 DIFFINBUF (Prop_DIFFINBUF_HPIOBDIFFINBUF_DIFF_IN_P_O)
                                                      0.519     8.598 r  u_clk_wiz_0/inst/clkin1_ibufds/DIFFINBUF_INST/O
                         net (fo=1, routed)           0.040     8.638    u_clk_wiz_0/inst/clkin1_ibufds/OUT
    D7                   IBUFCTRL (Prop_IBUFCTRL_HPIOB_M_I_O)
                                                      0.000     8.638 r  u_clk_wiz_0/inst/clkin1_ibufds/IBUFCTRL_INST/O
                         net (fo=1, routed)           0.333     8.971    u_clk_wiz_0/inst/clk_in1_clk_wiz_0
    MMCM_X0Y2            MMCME4_ADV (Prop_MMCM_CLKIN1_CLKOUT1)
                                                     -3.115     5.856 r  u_clk_wiz_0/inst/mmcme4_adv_inst/CLKOUT1
                         net (fo=1, routed)           0.220     6.076    u_clk_wiz_0/inst/clk_125MHz_clk_wiz_0
    BUFGCE_X0Y54         BUFGCE (Prop_BUFCE_BUFGCE_I_O)
                                                      0.024     6.100 r  u_clk_wiz_0/inst/clkout2_buf/O
    X1Y0 (CLOCK_ROOT)    net (fo=53, routed)          1.641     7.741    u_hdmi_tx/i_wrap/pxClkX5
    SLICE_X35Y6          FDRE                                         r  u_hdmi_tx/i_wrap/TMDS_0/i_GBox/sReg_reg[5]/C
                         clock pessimism             -0.002     7.739    
                         clock uncertainty           -0.064     7.675    
    SLICE_X35Y6          FDRE (Setup_HFF_SLICEL_C_D)
                                                      0.025     7.700    u_hdmi_tx/i_wrap/TMDS_0/i_GBox/sReg_reg[5]
  -------------------------------------------------------------------
                         required time                          7.700    
                         arrival time                          -0.838    
  -------------------------------------------------------------------
                         slack                                  6.862    

Slack (MET) :             6.869ns  (required time - arrival time)
  Source:                 u_hdmi_tx/i_wrap/TMDS_0/i_GBox/sReg_reg[0]/C
                            (rising edge-triggered cell FDRE clocked by clk_125MHz_clk_wiz_0  {rise@0.000ns fall@4.000ns period=8.000ns})
  Destination:            u_hdmi_tx/i_wrap/TMDS_0/i_ODDRE_N/D[0]
                            (rising edge-triggered cell OSERDESE3 clocked by clk_125MHz_clk_wiz_0  {rise@0.000ns fall@4.000ns period=8.000ns})
  Path Group:             clk_125MHz_clk_wiz_0
  Path Type:              Setup (Max at Slow Process Corner)
  Requirement:            8.000ns  (clk_125MHz_clk_wiz_0 rise@8.000ns - clk_125MHz_clk_wiz_0 rise@0.000ns)
  Data Path Delay:        0.767ns  (logic 0.179ns (23.329%)  route 0.588ns (76.671%))
  Logic Levels:           1  (LUT1=1)
  Clock Path Skew:        -0.091ns (DCD - SCD + CPR)
    Destination Clock Delay (DCD):    -0.249ns = ( 7.751 - 8.000 ) 
    Source Clock Delay      (SCD):    -0.209ns
    Clock Pessimism Removal (CPR):    -0.052ns
  Clock Uncertainty:      0.064ns  ((TSJ^2 + DJ^2)^1/2) / 2 + PE
    Total System Jitter     (TSJ):    0.071ns
    Discrete Jitter          (DJ):    0.108ns
    Phase Error              (PE):    0.000ns
  Clock Net Delay (Source):      1.874ns (routing 1.034ns, distribution 0.840ns)
  Clock Net Delay (Destination): 1.651ns (routing 0.938ns, distribution 0.713ns)

    Location             Delay type                Incr(ns)  Path(ns)    Netlist Resource(s)
  -------------------------------------------------------------------    -------------------
                         (clock clk_125MHz_clk_wiz_0 rise edge)
                                                      0.000     0.000 r  
    D7                                                0.000     0.000 r  i_clk_100mhz_p (IN)
                         net (fo=0)                   0.100     0.100    u_clk_wiz_0/inst/clkin1_ibufds/I
    HPIOBDIFFINBUF_X0Y60 DIFFINBUF (Prop_DIFFINBUF_HPIOBDIFFINBUF_DIFF_IN_P_O)
                                                      0.629     0.729 r  u_clk_wiz_0/inst/clkin1_ibufds/DIFFINBUF_INST/O
                         net (fo=1, routed)           0.050     0.779    u_clk_wiz_0/inst/clkin1_ibufds/OUT
    D7                   IBUFCTRL (Prop_IBUFCTRL_HPIOB_M_I_O)
                                                      0.000     0.779 r  u_clk_wiz_0/inst/clkin1_ibufds/IBUFCTRL_INST/O
                         net (fo=1, routed)           0.384     1.163    u_clk_wiz_0/inst/clk_in1_clk_wiz_0
    MMCM_X0Y2            MMCME4_ADV (Prop_MMCM_CLKIN1_CLKOUT1)
                                                     -3.524    -2.361 r  u_clk_wiz_0/inst/mmcme4_adv_inst/CLKOUT1
                         net (fo=1, routed)           0.250    -2.111    u_clk_wiz_0/inst/clk_125MHz_clk_wiz_0
    BUFGCE_X0Y54         BUFGCE (Prop_BUFCE_BUFGCE_I_O)
                                                      0.028    -2.083 r  u_clk_wiz_0/inst/clkout2_buf/O
    X1Y0 (CLOCK_ROOT)    net (fo=53, routed)          1.874    -0.209    u_hdmi_tx/i_wrap/pxClkX5
    SLICE_X34Y7          FDRE                                         r  u_hdmi_tx/i_wrap/TMDS_0/i_GBox/sReg_reg[0]/C
  -------------------------------------------------------------------    -------------------
    SLICE_X34Y7          FDRE (Prop_DFF_SLICEM_C_Q)
                                                      0.078    -0.131 f  u_hdmi_tx/i_wrap/TMDS_0/i_GBox/sReg_reg[0]/Q
                         net (fo=2, routed)           0.340     0.209    u_hdmi_tx/i_wrap/TMDS_0/D1
    SLICE_X37Y14         LUT1 (Prop_H6LUT_SLICEM_I0_O)
                                                      0.101     0.310 r  u_hdmi_tx/i_wrap/i_ODDRE_N_i_1/O
                         net (fo=1, routed)           0.248     0.558    u_hdmi_tx/i_wrap/i_ODDRE_N_i_1_n_0
    HDIOLOGIC_M_X1Y3     OSERDESE3                                    r  u_hdmi_tx/i_wrap/TMDS_0/i_ODDRE_N/D[0]
  -------------------------------------------------------------------    -------------------

                         (clock clk_125MHz_clk_wiz_0 rise edge)
                                                      8.000     8.000 r  
    D7                                                0.000     8.000 r  i_clk_100mhz_p (IN)
                         net (fo=0)                   0.079     8.079    u_clk_wiz_0/inst/clkin1_ibufds/I
    HPIOBDIFFINBUF_X0Y60 DIFFINBUF (Prop_DIFFINBUF_HPIOBDIFFINBUF_DIFF_IN_P_O)
                                                      0.519     8.598 r  u_clk_wiz_0/inst/clkin1_ibufds/DIFFINBUF_INST/O
                         net (fo=1, routed)           0.040     8.638    u_clk_wiz_0/inst/clkin1_ibufds/OUT
    D7                   IBUFCTRL (Prop_IBUFCTRL_HPIOB_M_I_O)
                                                      0.000     8.638 r  u_clk_wiz_0/inst/clkin1_ibufds/IBUFCTRL_INST/O
                         net (fo=1, routed)           0.333     8.971    u_clk_wiz_0/inst/clk_in1_clk_wiz_0
    MMCM_X0Y2            MMCME4_ADV (Prop_MMCM_CLKIN1_CLKOUT1)
                                                     -3.115     5.856 r  u_clk_wiz_0/inst/mmcme4_adv_inst/CLKOUT1
                         net (fo=1, routed)           0.220     6.076    u_clk_wiz_0/inst/clk_125MHz_clk_wiz_0
    BUFGCE_X0Y54         BUFGCE (Prop_BUFCE_BUFGCE_I_O)
                                                      0.024     6.100 r  u_clk_wiz_0/inst/clkout2_buf/O
    X1Y0 (CLOCK_ROOT)    net (fo=53, routed)          1.651     7.751    u_hdmi_tx/i_wrap/pxClkX5
    HDIOLOGIC_M_X1Y3     OSERDESE3                                    r  u_hdmi_tx/i_wrap/TMDS_0/i_ODDRE_N/CLK
                         clock pessimism             -0.052     7.699    
                         clock uncertainty           -0.064     7.635    
    HDIOLOGIC_M_X1Y3     OSERDESE3 (Setup_OPTFF_HDIOLOGIC_M_CLK_D[0])
                                                     -0.208     7.427    u_hdmi_tx/i_wrap/TMDS_0/i_ODDRE_N
  -------------------------------------------------------------------
                         required time                          7.427    
                         arrival time                          -0.558    
  -------------------------------------------------------------------
                         slack                                  6.869    

Slack (MET) :             6.876ns  (required time - arrival time)
  Source:                 u_hdmi_tx/i_wrap/TMDS_0/i_GBox/cntMod5_reg[0]/C
                            (rising edge-triggered cell FDRE clocked by clk_125MHz_clk_wiz_0  {rise@0.000ns fall@4.000ns period=8.000ns})
  Destination:            u_hdmi_tx/i_wrap/TMDS_0/i_GBox/sReg_reg[6]/D
                            (rising edge-triggered cell FDRE clocked by clk_125MHz_clk_wiz_0  {rise@0.000ns fall@4.000ns period=8.000ns})
  Path Group:             clk_125MHz_clk_wiz_0
  Path Type:              Setup (Max at Slow Process Corner)
  Requirement:            8.000ns  (clk_125MHz_clk_wiz_0 rise@8.000ns - clk_125MHz_clk_wiz_0 rise@0.000ns)
  Data Path Delay:        1.072ns  (logic 0.366ns (34.139%)  route 0.706ns (65.861%))
  Logic Levels:           2  (LUT3=1 LUT6=1)
  Clock Path Skew:        -0.013ns (DCD - SCD + CPR)
    Destination Clock Delay (DCD):    -0.254ns = ( 7.746 - 8.000 ) 
    Source Clock Delay      (SCD):    -0.244ns
    Clock Pessimism Removal (CPR):    -0.002ns
  Clock Uncertainty:      0.064ns  ((TSJ^2 + DJ^2)^1/2) / 2 + PE
    Total System Jitter     (TSJ):    0.071ns
    Discrete Jitter          (DJ):    0.108ns
    Phase Error              (PE):    0.000ns
  Clock Net Delay (Source):      1.839ns (routing 1.034ns, distribution 0.805ns)
  Clock Net Delay (Destination): 1.646ns (routing 0.938ns, distribution 0.708ns)

    Location             Delay type                Incr(ns)  Path(ns)    Netlist Resource(s)
  -------------------------------------------------------------------    -------------------
                         (clock clk_125MHz_clk_wiz_0 rise edge)
                                                      0.000     0.000 r  
    D7                                                0.000     0.000 r  i_clk_100mhz_p (IN)
                         net (fo=0)                   0.100     0.100    u_clk_wiz_0/inst/clkin1_ibufds/I
    HPIOBDIFFINBUF_X0Y60 DIFFINBUF (Prop_DIFFINBUF_HPIOBDIFFINBUF_DIFF_IN_P_O)
                                                      0.629     0.729 r  u_clk_wiz_0/inst/clkin1_ibufds/DIFFINBUF_INST/O
                         net (fo=1, routed)           0.050     0.779    u_clk_wiz_0/inst/clkin1_ibufds/OUT
    D7                   IBUFCTRL (Prop_IBUFCTRL_HPIOB_M_I_O)
                                                      0.000     0.779 r  u_clk_wiz_0/inst/clkin1_ibufds/IBUFCTRL_INST/O
                         net (fo=1, routed)           0.384     1.163    u_clk_wiz_0/inst/clk_in1_clk_wiz_0
    MMCM_X0Y2            MMCME4_ADV (Prop_MMCM_CLKIN1_CLKOUT1)
                                                     -3.524    -2.361 r  u_clk_wiz_0/inst/mmcme4_adv_inst/CLKOUT1
                         net (fo=1, routed)           0.250    -2.111    u_clk_wiz_0/inst/clk_125MHz_clk_wiz_0
    BUFGCE_X0Y54         BUFGCE (Prop_BUFCE_BUFGCE_I_O)
                                                      0.028    -2.083 r  u_clk_wiz_0/inst/clkout2_buf/O
    X1Y0 (CLOCK_ROOT)    net (fo=53, routed)          1.839    -0.244    u_hdmi_tx/i_wrap/pxClkX5
    SLICE_X35Y8          FDRE                                         r  u_hdmi_tx/i_wrap/TMDS_0/i_GBox/cntMod5_reg[0]/C
  -------------------------------------------------------------------    -------------------
    SLICE_X35Y8          FDRE (Prop_DFF2_SLICEL_C_Q)
                                                      0.081    -0.163 f  u_hdmi_tx/i_wrap/TMDS_0/i_GBox/cntMod5_reg[0]/Q
                         net (fo=11, routed)          0.397     0.234    u_hdmi_tx/i_wrap/TMDS_0/i_GBox/cntMod5_reg_n_0_[0]
    SLICE_X35Y7          LUT3 (Prop_C5LUT_SLICEL_I2_O)
                                                      0.136     0.370 r  u_hdmi_tx/i_wrap/sReg[9]_i_3/O
                         net (fo=6, routed)           0.261     0.631    u_hdmi_tx/i_wrap/sReg[9]_i_3_n_0
    SLICE_X35Y7          LUT6 (Prop_G6LUT_SLICEL_I4_O)
                                                      0.149     0.780 r  u_hdmi_tx/i_wrap/sReg[6]_i_1/O
                         net (fo=1, routed)           0.048     0.828    u_hdmi_tx/i_wrap/sReg[6]_i_1_n_0
    SLICE_X35Y7          FDRE                                         r  u_hdmi_tx/i_wrap/TMDS_0/i_GBox/sReg_reg[6]/D
  -------------------------------------------------------------------    -------------------

                         (clock clk_125MHz_clk_wiz_0 rise edge)
                                                      8.000     8.000 r  
    D7                                                0.000     8.000 r  i_clk_100mhz_p (IN)
                         net (fo=0)                   0.079     8.079    u_clk_wiz_0/inst/clkin1_ibufds/I
    HPIOBDIFFINBUF_X0Y60 DIFFINBUF (Prop_DIFFINBUF_HPIOBDIFFINBUF_DIFF_IN_P_O)
                                                      0.519     8.598 r  u_clk_wiz_0/inst/clkin1_ibufds/DIFFINBUF_INST/O
                         net (fo=1, routed)           0.040     8.638    u_clk_wiz_0/inst/clkin1_ibufds/OUT
    D7                   IBUFCTRL (Prop_IBUFCTRL_HPIOB_M_I_O)
                                                      0.000     8.638 r  u_clk_wiz_0/inst/clkin1_ibufds/IBUFCTRL_INST/O
                         net (fo=1, routed)           0.333     8.971    u_clk_wiz_0/inst/clk_in1_clk_wiz_0
    MMCM_X0Y2            MMCME4_ADV (Prop_MMCM_CLKIN1_CLKOUT1)
                                                     -3.115     5.856 r  u_clk_wiz_0/inst/mmcme4_adv_inst/CLKOUT1
                         net (fo=1, routed)           0.220     6.076    u_clk_wiz_0/inst/clk_125MHz_clk_wiz_0
    BUFGCE_X0Y54         BUFGCE (Prop_BUFCE_BUFGCE_I_O)
                                                      0.024     6.100 r  u_clk_wiz_0/inst/clkout2_buf/O
    X1Y0 (CLOCK_ROOT)    net (fo=53, routed)          1.646     7.746    u_hdmi_tx/i_wrap/pxClkX5
    SLICE_X35Y7          FDRE                                         r  u_hdmi_tx/i_wrap/TMDS_0/i_GBox/sReg_reg[6]/C
                         clock pessimism             -0.002     7.744    
                         clock uncertainty           -0.064     7.679    
    SLICE_X35Y7          FDRE (Setup_GFF_SLICEL_C_D)
                                                      0.025     7.704    u_hdmi_tx/i_wrap/TMDS_0/i_GBox/sReg_reg[6]
  -------------------------------------------------------------------
                         required time                          7.704    
                         arrival time                          -0.828    
  -------------------------------------------------------------------
                         slack                                  6.876    

Slack (MET) :             6.876ns  (required time - arrival time)
  Source:                 u_hdmi_tx/i_wrap/TMDS_3/i_GBox/sReg_reg[1]/C
                            (rising edge-triggered cell FDRE clocked by clk_125MHz_clk_wiz_0  {rise@0.000ns fall@4.000ns period=8.000ns})
  Destination:            u_hdmi_tx/i_wrap/TMDS_3/i_ODDRE_N/D[4]
                            (rising edge-triggered cell OSERDESE3 clocked by clk_125MHz_clk_wiz_0  {rise@0.000ns fall@4.000ns period=8.000ns})
  Path Group:             clk_125MHz_clk_wiz_0
  Path Type:              Setup (Max at Slow Process Corner)
  Requirement:            8.000ns  (clk_125MHz_clk_wiz_0 rise@8.000ns - clk_125MHz_clk_wiz_0 rise@0.000ns)
  Data Path Delay:        0.718ns  (logic 0.244ns (33.982%)  route 0.474ns (66.018%))
  Logic Levels:           1  (LUT1=1)
  Clock Path Skew:        -0.119ns (DCD - SCD + CPR)
    Destination Clock Delay (DCD):    -0.260ns = ( 7.740 - 8.000 ) 
    Source Clock Delay      (SCD):    -0.192ns
    Clock Pessimism Removal (CPR):    -0.052ns
  Clock Uncertainty:      0.064ns  ((TSJ^2 + DJ^2)^1/2) / 2 + PE
    Total System Jitter     (TSJ):    0.071ns
    Discrete Jitter          (DJ):    0.108ns
    Phase Error              (PE):    0.000ns
  Clock Net Delay (Source):      1.890ns (routing 1.034ns, distribution 0.856ns)
  Clock Net Delay (Destination): 1.640ns (routing 0.938ns, distribution 0.702ns)

    Location             Delay type                Incr(ns)  Path(ns)    Netlist Resource(s)
  -------------------------------------------------------------------    -------------------
                         (clock clk_125MHz_clk_wiz_0 rise edge)
                                                      0.000     0.000 r  
    D7                                                0.000     0.000 r  i_clk_100mhz_p (IN)
                         net (fo=0)                   0.100     0.100    u_clk_wiz_0/inst/clkin1_ibufds/I
    HPIOBDIFFINBUF_X0Y60 DIFFINBUF (Prop_DIFFINBUF_HPIOBDIFFINBUF_DIFF_IN_P_O)
                                                      0.629     0.729 r  u_clk_wiz_0/inst/clkin1_ibufds/DIFFINBUF_INST/O
                         net (fo=1, routed)           0.050     0.779    u_clk_wiz_0/inst/clkin1_ibufds/OUT
    D7                   IBUFCTRL (Prop_IBUFCTRL_HPIOB_M_I_O)
                                                      0.000     0.779 r  u_clk_wiz_0/inst/clkin1_ibufds/IBUFCTRL_INST/O
                         net (fo=1, routed)           0.384     1.163    u_clk_wiz_0/inst/clk_in1_clk_wiz_0
    MMCM_X0Y2            MMCME4_ADV (Prop_MMCM_CLKIN1_CLKOUT1)
                                                     -3.524    -2.361 r  u_clk_wiz_0/inst/mmcme4_adv_inst/CLKOUT1
                         net (fo=1, routed)           0.250    -2.111    u_clk_wiz_0/inst/clk_125MHz_clk_wiz_0
    BUFGCE_X0Y54         BUFGCE (Prop_BUFCE_BUFGCE_I_O)
                                                      0.028    -2.083 r  u_clk_wiz_0/inst/clkout2_buf/O
    X1Y0 (CLOCK_ROOT)    net (fo=53, routed)          1.890    -0.192    u_hdmi_tx/i_wrap/pxClkX5
    SLICE_X38Y22         FDRE                                         r  u_hdmi_tx/i_wrap/TMDS_3/i_GBox/sReg_reg[1]/C
  -------------------------------------------------------------------    -------------------
    SLICE_X38Y22         FDRE (Prop_HFF_SLICEL_C_Q)
                                                      0.079    -0.113 f  u_hdmi_tx/i_wrap/TMDS_3/i_GBox/sReg_reg[1]/Q
                         net (fo=3, routed)           0.063    -0.050    u_hdmi_tx/i_wrap/TMDS_3/D2
    SLICE_X38Y22         LUT1 (Prop_B5LUT_SLICEL_I0_O)
                                                      0.165     0.115 r  u_hdmi_tx/i_wrap/i_ODDRE_N_i_2/O
                         net (fo=1, routed)           0.411     0.526    u_hdmi_tx/i_wrap/i_ODDRE_N_i_2_n_0
    HDIOLOGIC_M_X1Y5     OSERDESE3                                    r  u_hdmi_tx/i_wrap/TMDS_3/i_ODDRE_N/D[4]
  -------------------------------------------------------------------    -------------------

                         (clock clk_125MHz_clk_wiz_0 rise edge)
                                                      8.000     8.000 r  
    D7                                                0.000     8.000 r  i_clk_100mhz_p (IN)
                         net (fo=0)                   0.079     8.079    u_clk_wiz_0/inst/clkin1_ibufds/I
    HPIOBDIFFINBUF_X0Y60 DIFFINBUF (Prop_DIFFINBUF_HPIOBDIFFINBUF_DIFF_IN_P_O)
                                                      0.519     8.598 r  u_clk_wiz_0/inst/clkin1_ibufds/DIFFINBUF_INST/O
                         net (fo=1, routed)           0.040     8.638    u_clk_wiz_0/inst/clkin1_ibufds/OUT
    D7                   IBUFCTRL (Prop_IBUFCTRL_HPIOB_M_I_O)
                                                      0.000     8.638 r  u_clk_wiz_0/inst/clkin1_ibufds/IBUFCTRL_INST/O
                         net (fo=1, routed)           0.333     8.971    u_clk_wiz_0/inst/clk_in1_clk_wiz_0
    MMCM_X0Y2            MMCME4_ADV (Prop_MMCM_CLKIN1_CLKOUT1)
                                                     -3.115     5.856 r  u_clk_wiz_0/inst/mmcme4_adv_inst/CLKOUT1
                         net (fo=1, routed)           0.220     6.076    u_clk_wiz_0/inst/clk_125MHz_clk_wiz_0
    BUFGCE_X0Y54         BUFGCE (Prop_BUFCE_BUFGCE_I_O)
                                                      0.024     6.100 r  u_clk_wiz_0/inst/clkout2_buf/O
    X1Y0 (CLOCK_ROOT)    net (fo=53, routed)          1.640     7.740    u_hdmi_tx/i_wrap/pxClkX5
    HDIOLOGIC_M_X1Y5     OSERDESE3                                    r  u_hdmi_tx/i_wrap/TMDS_3/i_ODDRE_N/CLK
                         clock pessimism             -0.052     7.688    
                         clock uncertainty           -0.064     7.624    
    HDIOLOGIC_M_X1Y5     OSERDESE3 (Setup_OPTFF_HDIOLOGIC_M_CLK_D[4])
                                                     -0.222     7.402    u_hdmi_tx/i_wrap/TMDS_3/i_ODDRE_N
  -------------------------------------------------------------------
                         required time                          7.402    
                         arrival time                          -0.526    
  -------------------------------------------------------------------
                         slack                                  6.876    





Min Delay Paths
--------------------------------------------------------------------------------------
Slack (MET) :             0.038ns  (arrival time - required time)
  Source:                 u_hdmi_tx/i_wrap/TMDS_2/i_GBox/sReg_reg[2]/C
                            (rising edge-triggered cell FDRE clocked by clk_125MHz_clk_wiz_0  {rise@0.000ns fall@4.000ns period=8.000ns})
  Destination:            u_hdmi_tx/i_wrap/TMDS_2/i_GBox/sReg_reg[0]/D
                            (rising edge-triggered cell FDRE clocked by clk_125MHz_clk_wiz_0  {rise@0.000ns fall@4.000ns period=8.000ns})
  Path Group:             clk_125MHz_clk_wiz_0
  Path Type:              Hold (Min at Fast Process Corner)
  Requirement:            0.000ns  (clk_125MHz_clk_wiz_0 rise@0.000ns - clk_125MHz_clk_wiz_0 rise@0.000ns)
  Data Path Delay:        0.142ns  (logic 0.074ns (52.113%)  route 0.068ns (47.887%))
  Logic Levels:           1  (LUT5=1)
  Clock Path Skew:        0.058ns (DCD - SCD - CPR)
    Destination Clock Delay (DCD):    -0.125ns
    Source Clock Delay      (SCD):    -0.201ns
    Clock Pessimism Removal (CPR):    0.018ns
  Clock Net Delay (Source):      1.043ns (routing 0.568ns, distribution 0.475ns)
  Clock Net Delay (Destination): 1.193ns (routing 0.637ns, distribution 0.556ns)

    Location             Delay type                Incr(ns)  Path(ns)    Netlist Resource(s)
  -------------------------------------------------------------------    -------------------
                         (clock clk_125MHz_clk_wiz_0 rise edge)
                                                      0.000     0.000 r  
    D7                                                0.000     0.000 r  i_clk_100mhz_p (IN)
                         net (fo=0)                   0.079     0.079    u_clk_wiz_0/inst/clkin1_ibufds/I
    HPIOBDIFFINBUF_X0Y60 DIFFINBUF (Prop_DIFFINBUF_HPIOBDIFFINBUF_DIFF_IN_P_O)
                                                      0.295     0.374 r  u_clk_wiz_0/inst/clkin1_ibufds/DIFFINBUF_INST/O
                         net (fo=1, routed)           0.040     0.414    u_clk_wiz_0/inst/clkin1_ibufds/OUT
    D7                   IBUFCTRL (Prop_IBUFCTRL_HPIOB_M_I_O)
                                                      0.000     0.414 r  u_clk_wiz_0/inst/clkin1_ibufds/IBUFCTRL_INST/O
                         net (fo=1, routed)           0.196     0.610    u_clk_wiz_0/inst/clk_in1_clk_wiz_0
    MMCM_X0Y2            MMCME4_ADV (Prop_MMCM_CLKIN1_CLKOUT1)
                                                     -2.020    -1.410 r  u_clk_wiz_0/inst/mmcme4_adv_inst/CLKOUT1
                         net (fo=1, routed)           0.149    -1.261    u_clk_wiz_0/inst/clk_125MHz_clk_wiz_0
    BUFGCE_X0Y54         BUFGCE (Prop_BUFCE_BUFGCE_I_O)
                                                      0.017    -1.244 r  u_clk_wiz_0/inst/clkout2_buf/O
    X1Y0 (CLOCK_ROOT)    net (fo=53, routed)          1.043    -0.201    u_hdmi_tx/i_wrap/pxClkX5
    SLICE_X38Y2          FDRE                                         r  u_hdmi_tx/i_wrap/TMDS_2/i_GBox/sReg_reg[2]/C
  -------------------------------------------------------------------    -------------------
    SLICE_X38Y2          FDRE (Prop_CFF_SLICEL_C_Q)
                                                      0.039    -0.162 r  u_hdmi_tx/i_wrap/TMDS_2/i_GBox/sReg_reg[2]/Q
                         net (fo=1, routed)           0.050    -0.112    u_hdmi_tx/i_wrap/TMDS_2/i_GBox/sReg_reg_n_0_[2]
    SLICE_X39Y2          LUT5 (Prop_A6LUT_SLICEM_I0_O)
                                                      0.035    -0.077 r  u_hdmi_tx/i_wrap/sReg[0]_i_1__1/O
                         net (fo=1, routed)           0.018    -0.059    u_hdmi_tx/i_wrap/sReg[0]_i_1__1_n_0
    SLICE_X39Y2          FDRE                                         r  u_hdmi_tx/i_wrap/TMDS_2/i_GBox/sReg_reg[0]/D
  -------------------------------------------------------------------    -------------------

                         (clock clk_125MHz_clk_wiz_0 rise edge)
                                                      0.000     0.000 r  
    D7                                                0.000     0.000 r  i_clk_100mhz_p (IN)
                         net (fo=0)                   0.100     0.100    u_clk_wiz_0/inst/clkin1_ibufds/I
    HPIOBDIFFINBUF_X0Y60 DIFFINBUF (Prop_DIFFINBUF_HPIOBDIFFINBUF_DIFF_IN_P_O)
                                                      0.400     0.500 r  u_clk_wiz_0/inst/clkin1_ibufds/DIFFINBUF_INST/O
                         net (fo=1, routed)           0.050     0.550    u_clk_wiz_0/inst/clkin1_ibufds/OUT
    D7                   IBUFCTRL (Prop_IBUFCTRL_HPIOB_M_I_O)
                                                      0.000     0.550 r  u_clk_wiz_0/inst/clkin1_ibufds/IBUFCTRL_INST/O
                         net (fo=1, routed)           0.222     0.772    u_clk_wiz_0/inst/clk_in1_clk_wiz_0
    MMCM_X0Y2            MMCME4_ADV (Prop_MMCM_CLKIN1_CLKOUT1)
                                                     -2.279    -1.507 r  u_clk_wiz_0/inst/mmcme4_adv_inst/CLKOUT1
                         net (fo=1, routed)           0.170    -1.337    u_clk_wiz_0/inst/clk_125MHz_clk_wiz_0
    BUFGCE_X0Y54         BUFGCE (Prop_BUFCE_BUFGCE_I_O)
                                                      0.019    -1.318 r  u_clk_wiz_0/inst/clkout2_buf/O
    X1Y0 (CLOCK_ROOT)    net (fo=53, routed)          1.193    -0.125    u_hdmi_tx/i_wrap/pxClkX5
    SLICE_X39Y2          FDRE                                         r  u_hdmi_tx/i_wrap/TMDS_2/i_GBox/sReg_reg[0]/C
                         clock pessimism             -0.018    -0.142    
    SLICE_X39Y2          FDRE (Hold_AFF_SLICEM_C_D)
                                                      0.046    -0.096    u_hdmi_tx/i_wrap/TMDS_2/i_GBox/sReg_reg[0]
  -------------------------------------------------------------------
                         required time                          0.096    
                         arrival time                          -0.059    
  -------------------------------------------------------------------
                         slack                                  0.038    

Slack (MET) :             0.041ns  (arrival time - required time)
  Source:                 u_hdmi_tx/i_wrap/TMDS_1/i_GBox/sReg_reg[2]/C
                            (rising edge-triggered cell FDRE clocked by clk_125MHz_clk_wiz_0  {rise@0.000ns fall@4.000ns period=8.000ns})
  Destination:            u_hdmi_tx/i_wrap/TMDS_1/i_GBox/sReg_reg[0]/D
                            (rising edge-triggered cell FDRE clocked by clk_125MHz_clk_wiz_0  {rise@0.000ns fall@4.000ns period=8.000ns})
  Path Group:             clk_125MHz_clk_wiz_0
  Path Type:              Hold (Min at Fast Process Corner)
  Requirement:            0.000ns  (clk_125MHz_clk_wiz_0 rise@0.000ns - clk_125MHz_clk_wiz_0 rise@0.000ns)
  Data Path Delay:        0.093ns  (logic 0.053ns (56.989%)  route 0.040ns (43.011%))
  Logic Levels:           1  (LUT5=1)
  Clock Path Skew:        0.006ns (DCD - SCD - CPR)
    Destination Clock Delay (DCD):    -0.156ns
    Source Clock Delay      (SCD):    -0.220ns
    Clock Pessimism Removal (CPR):    0.058ns
  Clock Net Delay (Source):      1.024ns (routing 0.568ns, distribution 0.456ns)
  Clock Net Delay (Destination): 1.162ns (routing 0.637ns, distribution 0.525ns)

    Location             Delay type                Incr(ns)  Path(ns)    Netlist Resource(s)
  -------------------------------------------------------------------    -------------------
                         (clock clk_125MHz_clk_wiz_0 rise edge)
                                                      0.000     0.000 r  
    D7                                                0.000     0.000 r  i_clk_100mhz_p (IN)
                         net (fo=0)                   0.079     0.079    u_clk_wiz_0/inst/clkin1_ibufds/I
    HPIOBDIFFINBUF_X0Y60 DIFFINBUF (Prop_DIFFINBUF_HPIOBDIFFINBUF_DIFF_IN_P_O)
                                                      0.295     0.374 r  u_clk_wiz_0/inst/clkin1_ibufds/DIFFINBUF_INST/O
                         net (fo=1, routed)           0.040     0.414    u_clk_wiz_0/inst/clkin1_ibufds/OUT
    D7                   IBUFCTRL (Prop_IBUFCTRL_HPIOB_M_I_O)
                                                      0.000     0.414 r  u_clk_wiz_0/inst/clkin1_ibufds/IBUFCTRL_INST/O
                         net (fo=1, routed)           0.196     0.610    u_clk_wiz_0/inst/clk_in1_clk_wiz_0
    MMCM_X0Y2            MMCME4_ADV (Prop_MMCM_CLKIN1_CLKOUT1)
                                                     -2.020    -1.410 r  u_clk_wiz_0/inst/mmcme4_adv_inst/CLKOUT1
                         net (fo=1, routed)           0.149    -1.261    u_clk_wiz_0/inst/clk_125MHz_clk_wiz_0
    BUFGCE_X0Y54         BUFGCE (Prop_BUFCE_BUFGCE_I_O)
                                                      0.017    -1.244 r  u_clk_wiz_0/inst/clkout2_buf/O
    X1Y0 (CLOCK_ROOT)    net (fo=53, routed)          1.024    -0.220    u_hdmi_tx/i_wrap/pxClkX5
    SLICE_X36Y4          FDRE                                         r  u_hdmi_tx/i_wrap/TMDS_1/i_GBox/sReg_reg[2]/C
  -------------------------------------------------------------------    -------------------
    SLICE_X36Y4          FDRE (Prop_CFF_SLICEL_C_Q)
                                                      0.039    -0.181 r  u_hdmi_tx/i_wrap/TMDS_1/i_GBox/sReg_reg[2]/Q
                         net (fo=1, routed)           0.024    -0.157    u_hdmi_tx/i_wrap/TMDS_1/i_GBox/sReg_reg_n_0_[2]
    SLICE_X36Y4          LUT5 (Prop_D6LUT_SLICEL_I0_O)
                                                      0.014    -0.143 r  u_hdmi_tx/i_wrap/sReg[0]_i_1__0/O
                         net (fo=1, routed)           0.016    -0.127    u_hdmi_tx/i_wrap/sReg[0]_i_1__0_n_0
    SLICE_X36Y4          FDRE                                         r  u_hdmi_tx/i_wrap/TMDS_1/i_GBox/sReg_reg[0]/D
  -------------------------------------------------------------------    -------------------

                         (clock clk_125MHz_clk_wiz_0 rise edge)
                                                      0.000     0.000 r  
    D7                                                0.000     0.000 r  i_clk_100mhz_p (IN)
                         net (fo=0)                   0.100     0.100    u_clk_wiz_0/inst/clkin1_ibufds/I
    HPIOBDIFFINBUF_X0Y60 DIFFINBUF (Prop_DIFFINBUF_HPIOBDIFFINBUF_DIFF_IN_P_O)
                                                      0.400     0.500 r  u_clk_wiz_0/inst/clkin1_ibufds/DIFFINBUF_INST/O
                         net (fo=1, routed)           0.050     0.550    u_clk_wiz_0/inst/clkin1_ibufds/OUT
    D7                   IBUFCTRL (Prop_IBUFCTRL_HPIOB_M_I_O)
                                                      0.000     0.550 r  u_clk_wiz_0/inst/clkin1_ibufds/IBUFCTRL_INST/O
                         net (fo=1, routed)           0.222     0.772    u_clk_wiz_0/inst/clk_in1_clk_wiz_0
    MMCM_X0Y2            MMCME4_ADV (Prop_MMCM_CLKIN1_CLKOUT1)
                                                     -2.279    -1.507 r  u_clk_wiz_0/inst/mmcme4_adv_inst/CLKOUT1
                         net (fo=1, routed)           0.170    -1.337    u_clk_wiz_0/inst/clk_125MHz_clk_wiz_0
    BUFGCE_X0Y54         BUFGCE (Prop_BUFCE_BUFGCE_I_O)
                                                      0.019    -1.318 r  u_clk_wiz_0/inst/clkout2_buf/O
    X1Y0 (CLOCK_ROOT)    net (fo=53, routed)          1.162    -0.156    u_hdmi_tx/i_wrap/pxClkX5
    SLICE_X36Y4          FDRE                                         r  u_hdmi_tx/i_wrap/TMDS_1/i_GBox/sReg_reg[0]/C
                         clock pessimism             -0.058    -0.214    
    SLICE_X36Y4          FDRE (Hold_DFF_SLICEL_C_D)
                                                      0.046    -0.168    u_hdmi_tx/i_wrap/TMDS_1/i_GBox/sReg_reg[0]
  -------------------------------------------------------------------
                         required time                          0.168    
                         arrival time                          -0.127    
  -------------------------------------------------------------------
                         slack                                  0.041    

Slack (MET) :             0.042ns  (arrival time - required time)
  Source:                 u_hdmi_tx/i_wrap/TMDS_1/i_GBox/cntMod5_reg[1]/C
                            (rising edge-triggered cell FDRE clocked by clk_125MHz_clk_wiz_0  {rise@0.000ns fall@4.000ns period=8.000ns})
  Destination:            u_hdmi_tx/i_wrap/TMDS_1/i_GBox/cntMod5_reg[2]/D
                            (rising edge-triggered cell FDRE clocked by clk_125MHz_clk_wiz_0  {rise@0.000ns fall@4.000ns period=8.000ns})
  Path Group:             clk_125MHz_clk_wiz_0
  Path Type:              Hold (Min at Fast Process Corner)
  Requirement:            0.000ns  (clk_125MHz_clk_wiz_0 rise@0.000ns - clk_125MHz_clk_wiz_0 rise@0.000ns)
  Data Path Delay:        0.095ns  (logic 0.059ns (62.413%)  route 0.036ns (37.587%))
  Logic Levels:           1  (LUT3=1)
  Clock Path Skew:        0.006ns (DCD - SCD - CPR)
    Destination Clock Delay (DCD):    -0.152ns
    Source Clock Delay      (SCD):    -0.217ns
    Clock Pessimism Removal (CPR):    0.059ns
  Clock Net Delay (Source):      1.027ns (routing 0.568ns, distribution 0.459ns)
  Clock Net Delay (Destination): 1.166ns (routing 0.637ns, distribution 0.529ns)

    Location             Delay type                Incr(ns)  Path(ns)    Netlist Resource(s)
  -------------------------------------------------------------------    -------------------
                         (clock clk_125MHz_clk_wiz_0 rise edge)
                                                      0.000     0.000 r  
    D7                                                0.000     0.000 r  i_clk_100mhz_p (IN)
                         net (fo=0)                   0.079     0.079    u_clk_wiz_0/inst/clkin1_ibufds/I
    HPIOBDIFFINBUF_X0Y60 DIFFINBUF (Prop_DIFFINBUF_HPIOBDIFFINBUF_DIFF_IN_P_O)
                                                      0.295     0.374 r  u_clk_wiz_0/inst/clkin1_ibufds/DIFFINBUF_INST/O
                         net (fo=1, routed)           0.040     0.414    u_clk_wiz_0/inst/clkin1_ibufds/OUT
    D7                   IBUFCTRL (Prop_IBUFCTRL_HPIOB_M_I_O)
                                                      0.000     0.414 r  u_clk_wiz_0/inst/clkin1_ibufds/IBUFCTRL_INST/O
                         net (fo=1, routed)           0.196     0.610    u_clk_wiz_0/inst/clk_in1_clk_wiz_0
    MMCM_X0Y2            MMCME4_ADV (Prop_MMCM_CLKIN1_CLKOUT1)
                                                     -2.020    -1.410 r  u_clk_wiz_0/inst/mmcme4_adv_inst/CLKOUT1
                         net (fo=1, routed)           0.149    -1.261    u_clk_wiz_0/inst/clk_125MHz_clk_wiz_0
    BUFGCE_X0Y54         BUFGCE (Prop_BUFCE_BUFGCE_I_O)
                                                      0.017    -1.244 r  u_clk_wiz_0/inst/clkout2_buf/O
    X1Y0 (CLOCK_ROOT)    net (fo=53, routed)          1.027    -0.217    u_hdmi_tx/i_wrap/pxClkX5
    SLICE_X36Y2          FDRE                                         r  u_hdmi_tx/i_wrap/TMDS_1/i_GBox/cntMod5_reg[1]/C
  -------------------------------------------------------------------    -------------------
    SLICE_X36Y2          FDRE (Prop_GFF_SLICEL_C_Q)
                                                      0.039    -0.178 r  u_hdmi_tx/i_wrap/TMDS_1/i_GBox/cntMod5_reg[1]/Q
                         net (fo=9, routed)           0.030    -0.148    u_hdmi_tx/i_wrap/TMDS_1/i_GBox/cntMod5_reg_n_0_[1]
    SLICE_X36Y2          LUT3 (Prop_G5LUT_SLICEL_I1_O)
                                                      0.020    -0.128 r  u_hdmi_tx/i_wrap/cntMod5[2]_i_2__0/O
                         net (fo=1, routed)           0.006    -0.122    u_hdmi_tx/i_wrap/cntMod5[2]_i_2__0_n_0
    SLICE_X36Y2          FDRE                                         r  u_hdmi_tx/i_wrap/TMDS_1/i_GBox/cntMod5_reg[2]/D
  -------------------------------------------------------------------    -------------------

                         (clock clk_125MHz_clk_wiz_0 rise edge)
                                                      0.000     0.000 r  
    D7                                                0.000     0.000 r  i_clk_100mhz_p (IN)
                         net (fo=0)                   0.100     0.100    u_clk_wiz_0/inst/clkin1_ibufds/I
    HPIOBDIFFINBUF_X0Y60 DIFFINBUF (Prop_DIFFINBUF_HPIOBDIFFINBUF_DIFF_IN_P_O)
                                                      0.400     0.500 r  u_clk_wiz_0/inst/clkin1_ibufds/DIFFINBUF_INST/O
                         net (fo=1, routed)           0.050     0.550    u_clk_wiz_0/inst/clkin1_ibufds/OUT
    D7                   IBUFCTRL (Prop_IBUFCTRL_HPIOB_M_I_O)
                                                      0.000     0.550 r  u_clk_wiz_0/inst/clkin1_ibufds/IBUFCTRL_INST/O
                         net (fo=1, routed)           0.222     0.772    u_clk_wiz_0/inst/clk_in1_clk_wiz_0
    MMCM_X0Y2            MMCME4_ADV (Prop_MMCM_CLKIN1_CLKOUT1)
                                                     -2.279    -1.507 r  u_clk_wiz_0/inst/mmcme4_adv_inst/CLKOUT1
                         net (fo=1, routed)           0.170    -1.337    u_clk_wiz_0/inst/clk_125MHz_clk_wiz_0
    BUFGCE_X0Y54         BUFGCE (Prop_BUFCE_BUFGCE_I_O)
                                                      0.019    -1.318 r  u_clk_wiz_0/inst/clkout2_buf/O
    X1Y0 (CLOCK_ROOT)    net (fo=53, routed)          1.166    -0.152    u_hdmi_tx/i_wrap/pxClkX5
    SLICE_X36Y2          FDRE                                         r  u_hdmi_tx/i_wrap/TMDS_1/i_GBox/cntMod5_reg[2]/C
                         clock pessimism             -0.059    -0.211    
    SLICE_X36Y2          FDRE (Hold_GFF2_SLICEL_C_D)
                                                      0.047    -0.164    u_hdmi_tx/i_wrap/TMDS_1/i_GBox/cntMod5_reg[2]
  -------------------------------------------------------------------
                         required time                          0.164    
                         arrival time                          -0.122    
  -------------------------------------------------------------------
                         slack                                  0.042    

Slack (MET) :             0.049ns  (arrival time - required time)
  Source:                 u_hdmi_tx/i_wrap/TMDS_2/i_GBox/sReg_reg[9]/C
                            (rising edge-triggered cell FDRE clocked by clk_125MHz_clk_wiz_0  {rise@0.000ns fall@4.000ns period=8.000ns})
  Destination:            u_hdmi_tx/i_wrap/TMDS_2/i_GBox/sReg_reg[7]/D
                            (rising edge-triggered cell FDRE clocked by clk_125MHz_clk_wiz_0  {rise@0.000ns fall@4.000ns period=8.000ns})
  Path Group:             clk_125MHz_clk_wiz_0
  Path Type:              Hold (Min at Fast Process Corner)
  Requirement:            0.000ns  (clk_125MHz_clk_wiz_0 rise@0.000ns - clk_125MHz_clk_wiz_0 rise@0.000ns)
  Data Path Delay:        0.101ns  (logic 0.062ns (61.386%)  route 0.039ns (38.614%))
  Logic Levels:           1  (LUT5=1)
  Clock Path Skew:        0.006ns (DCD - SCD - CPR)
    Destination Clock Delay (DCD):    -0.131ns
    Source Clock Delay      (SCD):    -0.197ns
    Clock Pessimism Removal (CPR):    0.061ns
  Clock Net Delay (Source):      1.047ns (routing 0.568ns, distribution 0.479ns)
  Clock Net Delay (Destination): 1.187ns (routing 0.637ns, distribution 0.550ns)

    Location             Delay type                Incr(ns)  Path(ns)    Netlist Resource(s)
  -------------------------------------------------------------------    -------------------
                         (clock clk_125MHz_clk_wiz_0 rise edge)
                                                      0.000     0.000 r  
    D7                                                0.000     0.000 r  i_clk_100mhz_p (IN)
                         net (fo=0)                   0.079     0.079    u_clk_wiz_0/inst/clkin1_ibufds/I
    HPIOBDIFFINBUF_X0Y60 DIFFINBUF (Prop_DIFFINBUF_HPIOBDIFFINBUF_DIFF_IN_P_O)
                                                      0.295     0.374 r  u_clk_wiz_0/inst/clkin1_ibufds/DIFFINBUF_INST/O
                         net (fo=1, routed)           0.040     0.414    u_clk_wiz_0/inst/clkin1_ibufds/OUT
    D7                   IBUFCTRL (Prop_IBUFCTRL_HPIOB_M_I_O)
                                                      0.000     0.414 r  u_clk_wiz_0/inst/clkin1_ibufds/IBUFCTRL_INST/O
                         net (fo=1, routed)           0.196     0.610    u_clk_wiz_0/inst/clk_in1_clk_wiz_0
    MMCM_X0Y2            MMCME4_ADV (Prop_MMCM_CLKIN1_CLKOUT1)
                                                     -2.020    -1.410 r  u_clk_wiz_0/inst/mmcme4_adv_inst/CLKOUT1
                         net (fo=1, routed)           0.149    -1.261    u_clk_wiz_0/inst/clk_125MHz_clk_wiz_0
    BUFGCE_X0Y54         BUFGCE (Prop_BUFCE_BUFGCE_I_O)
                                                      0.017    -1.244 r  u_clk_wiz_0/inst/clkout2_buf/O
    X1Y0 (CLOCK_ROOT)    net (fo=53, routed)          1.047    -0.197    u_hdmi_tx/i_wrap/pxClkX5
    SLICE_X38Y1          FDRE                                         r  u_hdmi_tx/i_wrap/TMDS_2/i_GBox/sReg_reg[9]/C
  -------------------------------------------------------------------    -------------------
    SLICE_X38Y1          FDRE (Prop_AFF_SLICEL_C_Q)
                                                      0.039    -0.158 r  u_hdmi_tx/i_wrap/TMDS_2/i_GBox/sReg_reg[9]/Q
                         net (fo=1, routed)           0.024    -0.134    u_hdmi_tx/i_wrap/TMDS_2/i_GBox/sReg_reg_n_0_[9]
    SLICE_X38Y1          LUT5 (Prop_B6LUT_SLICEL_I4_O)
                                                      0.023    -0.111 r  u_hdmi_tx/i_wrap/sReg[7]_i_1__1/O
                         net (fo=1, routed)           0.015    -0.096    u_hdmi_tx/i_wrap/sReg[7]_i_1__1_n_0
    SLICE_X38Y1          FDRE                                         r  u_hdmi_tx/i_wrap/TMDS_2/i_GBox/sReg_reg[7]/D
  -------------------------------------------------------------------    -------------------

                         (clock clk_125MHz_clk_wiz_0 rise edge)
                                                      0.000     0.000 r  
    D7                                                0.000     0.000 r  i_clk_100mhz_p (IN)
                         net (fo=0)                   0.100     0.100    u_clk_wiz_0/inst/clkin1_ibufds/I
    HPIOBDIFFINBUF_X0Y60 DIFFINBUF (Prop_DIFFINBUF_HPIOBDIFFINBUF_DIFF_IN_P_O)
                                                      0.400     0.500 r  u_clk_wiz_0/inst/clkin1_ibufds/DIFFINBUF_INST/O
                         net (fo=1, routed)           0.050     0.550    u_clk_wiz_0/inst/clkin1_ibufds/OUT
    D7                   IBUFCTRL (Prop_IBUFCTRL_HPIOB_M_I_O)
                                                      0.000     0.550 r  u_clk_wiz_0/inst/clkin1_ibufds/IBUFCTRL_INST/O
                         net (fo=1, routed)           0.222     0.772    u_clk_wiz_0/inst/clk_in1_clk_wiz_0
    MMCM_X0Y2            MMCME4_ADV (Prop_MMCM_CLKIN1_CLKOUT1)
                                                     -2.279    -1.507 r  u_clk_wiz_0/inst/mmcme4_adv_inst/CLKOUT1
                         net (fo=1, routed)           0.170    -1.337    u_clk_wiz_0/inst/clk_125MHz_clk_wiz_0
    BUFGCE_X0Y54         BUFGCE (Prop_BUFCE_BUFGCE_I_O)
                                                      0.019    -1.318 r  u_clk_wiz_0/inst/clkout2_buf/O
    X1Y0 (CLOCK_ROOT)    net (fo=53, routed)          1.187    -0.131    u_hdmi_tx/i_wrap/pxClkX5
    SLICE_X38Y1          FDRE                                         r  u_hdmi_tx/i_wrap/TMDS_2/i_GBox/sReg_reg[7]/C
                         clock pessimism             -0.061    -0.191    
    SLICE_X38Y1          FDRE (Hold_BFF_SLICEL_C_D)
                                                      0.046    -0.145    u_hdmi_tx/i_wrap/TMDS_2/i_GBox/sReg_reg[7]
  -------------------------------------------------------------------
                         required time                          0.145    
                         arrival time                          -0.096    
  -------------------------------------------------------------------
                         slack                                  0.049    

Slack (MET) :             0.052ns  (arrival time - required time)
  Source:                 u_hdmi_tx/i_wrap/TMDS_1/i_GBox/sReg_reg[3]/C
                            (rising edge-triggered cell FDRE clocked by clk_125MHz_clk_wiz_0  {rise@0.000ns fall@4.000ns period=8.000ns})
  Destination:            u_hdmi_tx/i_wrap/TMDS_1/i_GBox/sReg_reg[1]/D
                            (rising edge-triggered cell FDRE clocked by clk_125MHz_clk_wiz_0  {rise@0.000ns fall@4.000ns period=8.000ns})
  Path Group:             clk_125MHz_clk_wiz_0
  Path Type:              Hold (Min at Fast Process Corner)
  Requirement:            0.000ns  (clk_125MHz_clk_wiz_0 rise@0.000ns - clk_125MHz_clk_wiz_0 rise@0.000ns)
  Data Path Delay:        0.104ns  (logic 0.052ns (50.000%)  route 0.052ns (50.000%))
  Logic Levels:           1  (LUT5=1)
  Clock Path Skew:        0.006ns (DCD - SCD - CPR)
    Destination Clock Delay (DCD):    -0.146ns
    Source Clock Delay      (SCD):    -0.212ns
    Clock Pessimism Removal (CPR):    0.060ns
  Clock Net Delay (Source):      1.032ns (routing 0.568ns, distribution 0.464ns)
  Clock Net Delay (Destination): 1.172ns (routing 0.637ns, distribution 0.535ns)

    Location             Delay type                Incr(ns)  Path(ns)    Netlist Resource(s)
  -------------------------------------------------------------------    -------------------
                         (clock clk_125MHz_clk_wiz_0 rise edge)
                                                      0.000     0.000 r  
    D7                                                0.000     0.000 r  i_clk_100mhz_p (IN)
                         net (fo=0)                   0.079     0.079    u_clk_wiz_0/inst/clkin1_ibufds/I
    HPIOBDIFFINBUF_X0Y60 DIFFINBUF (Prop_DIFFINBUF_HPIOBDIFFINBUF_DIFF_IN_P_O)
                                                      0.295     0.374 r  u_clk_wiz_0/inst/clkin1_ibufds/DIFFINBUF_INST/O
                         net (fo=1, routed)           0.040     0.414    u_clk_wiz_0/inst/clkin1_ibufds/OUT
    D7                   IBUFCTRL (Prop_IBUFCTRL_HPIOB_M_I_O)
                                                      0.000     0.414 r  u_clk_wiz_0/inst/clkin1_ibufds/IBUFCTRL_INST/O
                         net (fo=1, routed)           0.196     0.610    u_clk_wiz_0/inst/clk_in1_clk_wiz_0
    MMCM_X0Y2            MMCME4_ADV (Prop_MMCM_CLKIN1_CLKOUT1)
                                                     -2.020    -1.410 r  u_clk_wiz_0/inst/mmcme4_adv_inst/CLKOUT1
                         net (fo=1, routed)           0.149    -1.261    u_clk_wiz_0/inst/clk_125MHz_clk_wiz_0
    BUFGCE_X0Y54         BUFGCE (Prop_BUFCE_BUFGCE_I_O)
                                                      0.017    -1.244 r  u_clk_wiz_0/inst/clkout2_buf/O
    X1Y0 (CLOCK_ROOT)    net (fo=53, routed)          1.032    -0.212    u_hdmi_tx/i_wrap/pxClkX5
    SLICE_X37Y3          FDRE                                         r  u_hdmi_tx/i_wrap/TMDS_1/i_GBox/sReg_reg[3]/C
  -------------------------------------------------------------------    -------------------
    SLICE_X37Y3          FDRE (Prop_CFF_SLICEM_C_Q)
                                                      0.038    -0.174 r  u_hdmi_tx/i_wrap/TMDS_1/i_GBox/sReg_reg[3]/Q
                         net (fo=1, routed)           0.026    -0.148    u_hdmi_tx/i_wrap/TMDS_1/i_GBox/sReg_reg_n_0_[3]
    SLICE_X37Y3          LUT5 (Prop_D6LUT_SLICEM_I4_O)
                                                      0.014    -0.134 r  u_hdmi_tx/i_wrap/sReg[1]_i_1__0/O
                         net (fo=1, routed)           0.026    -0.108    u_hdmi_tx/i_wrap/sReg[1]_i_1__0_n_0
    SLICE_X37Y3          FDRE                                         r  u_hdmi_tx/i_wrap/TMDS_1/i_GBox/sReg_reg[1]/D
  -------------------------------------------------------------------    -------------------

                         (clock clk_125MHz_clk_wiz_0 rise edge)
                                                      0.000     0.000 r  
    D7                                                0.000     0.000 r  i_clk_100mhz_p (IN)
                         net (fo=0)                   0.100     0.100    u_clk_wiz_0/inst/clkin1_ibufds/I
    HPIOBDIFFINBUF_X0Y60 DIFFINBUF (Prop_DIFFINBUF_HPIOBDIFFINBUF_DIFF_IN_P_O)
                                                      0.400     0.500 r  u_clk_wiz_0/inst/clkin1_ibufds/DIFFINBUF_INST/O
                         net (fo=1, routed)           0.050     0.550    u_clk_wiz_0/inst/clkin1_ibufds/OUT
    D7                   IBUFCTRL (Prop_IBUFCTRL_HPIOB_M_I_O)
                                                      0.000     0.550 r  u_clk_wiz_0/inst/clkin1_ibufds/IBUFCTRL_INST/O
                         net (fo=1, routed)           0.222     0.772    u_clk_wiz_0/inst/clk_in1_clk_wiz_0
    MMCM_X0Y2            MMCME4_ADV (Prop_MMCM_CLKIN1_CLKOUT1)
                                                     -2.279    -1.507 r  u_clk_wiz_0/inst/mmcme4_adv_inst/CLKOUT1
                         net (fo=1, routed)           0.170    -1.337    u_clk_wiz_0/inst/clk_125MHz_clk_wiz_0
    BUFGCE_X0Y54         BUFGCE (Prop_BUFCE_BUFGCE_I_O)
                                                      0.019    -1.318 r  u_clk_wiz_0/inst/clkout2_buf/O
    X1Y0 (CLOCK_ROOT)    net (fo=53, routed)          1.172    -0.146    u_hdmi_tx/i_wrap/pxClkX5
    SLICE_X37Y3          FDRE                                         r  u_hdmi_tx/i_wrap/TMDS_1/i_GBox/sReg_reg[1]/C
                         clock pessimism             -0.060    -0.206    
    SLICE_X37Y3          FDRE (Hold_DFF_SLICEM_C_D)
                                                      0.046    -0.160    u_hdmi_tx/i_wrap/TMDS_1/i_GBox/sReg_reg[1]
  -------------------------------------------------------------------
                         required time                          0.160    
                         arrival time                          -0.108    
  -------------------------------------------------------------------
                         slack                                  0.052    

Slack (MET) :             0.053ns  (arrival time - required time)
  Source:                 u_hdmi_tx/i_wrap/TMDS_1/i_GBox/sReg_reg[7]/C
                            (rising edge-triggered cell FDRE clocked by clk_125MHz_clk_wiz_0  {rise@0.000ns fall@4.000ns period=8.000ns})
  Destination:            u_hdmi_tx/i_wrap/TMDS_1/i_GBox/sReg_reg[5]/D
                            (rising edge-triggered cell FDRE clocked by clk_125MHz_clk_wiz_0  {rise@0.000ns fall@4.000ns period=8.000ns})
  Path Group:             clk_125MHz_clk_wiz_0
  Path Type:              Hold (Min at Fast Process Corner)
  Requirement:            0.000ns  (clk_125MHz_clk_wiz_0 rise@0.000ns - clk_125MHz_clk_wiz_0 rise@0.000ns)
  Data Path Delay:        0.152ns  (logic 0.080ns (52.632%)  route 0.072ns (47.368%))
  Logic Levels:           1  (LUT5=1)
  Clock Path Skew:        0.053ns (DCD - SCD - CPR)
    Destination Clock Delay (DCD):    -0.146ns
    Source Clock Delay      (SCD):    -0.216ns
    Clock Pessimism Removal (CPR):    0.018ns
  Clock Net Delay (Source):      1.028ns (routing 0.568ns, distribution 0.460ns)
  Clock Net Delay (Destination): 1.172ns (routing 0.637ns, distribution 0.535ns)

    Location             Delay type                Incr(ns)  Path(ns)    Netlist Resource(s)
  -------------------------------------------------------------------    -------------------
                         (clock clk_125MHz_clk_wiz_0 rise edge)
                                                      0.000     0.000 r  
    D7                                                0.000     0.000 r  i_clk_100mhz_p (IN)
                         net (fo=0)                   0.079     0.079    u_clk_wiz_0/inst/clkin1_ibufds/I
    HPIOBDIFFINBUF_X0Y60 DIFFINBUF (Prop_DIFFINBUF_HPIOBDIFFINBUF_DIFF_IN_P_O)
                                                      0.295     0.374 r  u_clk_wiz_0/inst/clkin1_ibufds/DIFFINBUF_INST/O
                         net (fo=1, routed)           0.040     0.414    u_clk_wiz_0/inst/clkin1_ibufds/OUT
    D7                   IBUFCTRL (Prop_IBUFCTRL_HPIOB_M_I_O)
                                                      0.000     0.414 r  u_clk_wiz_0/inst/clkin1_ibufds/IBUFCTRL_INST/O
                         net (fo=1, routed)           0.196     0.610    u_clk_wiz_0/inst/clk_in1_clk_wiz_0
    MMCM_X0Y2            MMCME4_ADV (Prop_MMCM_CLKIN1_CLKOUT1)
                                                     -2.020    -1.410 r  u_clk_wiz_0/inst/mmcme4_adv_inst/CLKOUT1
                         net (fo=1, routed)           0.149    -1.261    u_clk_wiz_0/inst/clk_125MHz_clk_wiz_0
    BUFGCE_X0Y54         BUFGCE (Prop_BUFCE_BUFGCE_I_O)
                                                      0.017    -1.244 r  u_clk_wiz_0/inst/clkout2_buf/O
    X1Y0 (CLOCK_ROOT)    net (fo=53, routed)          1.028    -0.216    u_hdmi_tx/i_wrap/pxClkX5
    SLICE_X36Y3          FDRE                                         r  u_hdmi_tx/i_wrap/TMDS_1/i_GBox/sReg_reg[7]/C
  -------------------------------------------------------------------    -------------------
    SLICE_X36Y3          FDRE (Prop_CFF_SLICEL_C_Q)
                                                      0.039    -0.177 r  u_hdmi_tx/i_wrap/TMDS_1/i_GBox/sReg_reg[7]/Q
                         net (fo=1, routed)           0.051    -0.126    u_hdmi_tx/i_wrap/TMDS_1/i_GBox/sReg_reg_n_0_[7]
    SLICE_X37Y3          LUT5 (Prop_B6LUT_SLICEM_I4_O)
                                                      0.041    -0.085 r  u_hdmi_tx/i_wrap/sReg[5]_i_1__0/O
                         net (fo=1, routed)           0.021    -0.064    u_hdmi_tx/i_wrap/sReg[5]_i_1__0_n_0
    SLICE_X37Y3          FDRE                                         r  u_hdmi_tx/i_wrap/TMDS_1/i_GBox/sReg_reg[5]/D
  -------------------------------------------------------------------    -------------------

                         (clock clk_125MHz_clk_wiz_0 rise edge)
                                                      0.000     0.000 r  
    D7                                                0.000     0.000 r  i_clk_100mhz_p (IN)
                         net (fo=0)                   0.100     0.100    u_clk_wiz_0/inst/clkin1_ibufds/I
    HPIOBDIFFINBUF_X0Y60 DIFFINBUF (Prop_DIFFINBUF_HPIOBDIFFINBUF_DIFF_IN_P_O)
                                                      0.400     0.500 r  u_clk_wiz_0/inst/clkin1_ibufds/DIFFINBUF_INST/O
                         net (fo=1, routed)           0.050     0.550    u_clk_wiz_0/inst/clkin1_ibufds/OUT
    D7                   IBUFCTRL (Prop_IBUFCTRL_HPIOB_M_I_O)
                                                      0.000     0.550 r  u_clk_wiz_0/inst/clkin1_ibufds/IBUFCTRL_INST/O
                         net (fo=1, routed)           0.222     0.772    u_clk_wiz_0/inst/clk_in1_clk_wiz_0
    MMCM_X0Y2            MMCME4_ADV (Prop_MMCM_CLKIN1_CLKOUT1)
                                                     -2.279    -1.507 r  u_clk_wiz_0/inst/mmcme4_adv_inst/CLKOUT1
                         net (fo=1, routed)           0.170    -1.337    u_clk_wiz_0/inst/clk_125MHz_clk_wiz_0
    BUFGCE_X0Y54         BUFGCE (Prop_BUFCE_BUFGCE_I_O)
                                                      0.019    -1.318 r  u_clk_wiz_0/inst/clkout2_buf/O
    X1Y0 (CLOCK_ROOT)    net (fo=53, routed)          1.172    -0.146    u_hdmi_tx/i_wrap/pxClkX5
    SLICE_X37Y3          FDRE                                         r  u_hdmi_tx/i_wrap/TMDS_1/i_GBox/sReg_reg[5]/C
                         clock pessimism             -0.018    -0.164    
    SLICE_X37Y3          FDRE (Hold_BFF_SLICEM_C_D)
                                                      0.046    -0.118    u_hdmi_tx/i_wrap/TMDS_1/i_GBox/sReg_reg[5]
  -------------------------------------------------------------------
                         required time                          0.118    
                         arrival time                          -0.064    
  -------------------------------------------------------------------
                         slack                                  0.053    

Slack (MET) :             0.055ns  (arrival time - required time)
  Source:                 u_hdmi_tx/i_wrap/TMDS_1/i_GBox/cntMod5_reg[1]/C
                            (rising edge-triggered cell FDRE clocked by clk_125MHz_clk_wiz_0  {rise@0.000ns fall@4.000ns period=8.000ns})
  Destination:            u_hdmi_tx/i_wrap/TMDS_1/i_GBox/cntMod5_reg[1]/D
                            (rising edge-triggered cell FDRE clocked by clk_125MHz_clk_wiz_0  {rise@0.000ns fall@4.000ns period=8.000ns})
  Path Group:             clk_125MHz_clk_wiz_0
  Path Type:              Hold (Min at Fast Process Corner)
  Requirement:            0.000ns  (clk_125MHz_clk_wiz_0 rise@0.000ns - clk_125MHz_clk_wiz_0 rise@0.000ns)
  Data Path Delay:        0.107ns  (logic 0.061ns (57.260%)  route 0.046ns (42.740%))
  Logic Levels:           1  (LUT2=1)
  Clock Path Skew:        0.006ns (DCD - SCD - CPR)
    Destination Clock Delay (DCD):    -0.152ns
    Source Clock Delay      (SCD):    -0.217ns
    Clock Pessimism Removal (CPR):    0.059ns
  Clock Net Delay (Source):      1.027ns (routing 0.568ns, distribution 0.459ns)
  Clock Net Delay (Destination): 1.166ns (routing 0.637ns, distribution 0.529ns)

    Location             Delay type                Incr(ns)  Path(ns)    Netlist Resource(s)
  -------------------------------------------------------------------    -------------------
                         (clock clk_125MHz_clk_wiz_0 rise edge)
                                                      0.000     0.000 r  
    D7                                                0.000     0.000 r  i_clk_100mhz_p (IN)
                         net (fo=0)                   0.079     0.079    u_clk_wiz_0/inst/clkin1_ibufds/I
    HPIOBDIFFINBUF_X0Y60 DIFFINBUF (Prop_DIFFINBUF_HPIOBDIFFINBUF_DIFF_IN_P_O)
                                                      0.295     0.374 r  u_clk_wiz_0/inst/clkin1_ibufds/DIFFINBUF_INST/O
                         net (fo=1, routed)           0.040     0.414    u_clk_wiz_0/inst/clkin1_ibufds/OUT
    D7                   IBUFCTRL (Prop_IBUFCTRL_HPIOB_M_I_O)
                                                      0.000     0.414 r  u_clk_wiz_0/inst/clkin1_ibufds/IBUFCTRL_INST/O
                         net (fo=1, routed)           0.196     0.610    u_clk_wiz_0/inst/clk_in1_clk_wiz_0
    MMCM_X0Y2            MMCME4_ADV (Prop_MMCM_CLKIN1_CLKOUT1)
                                                     -2.020    -1.410 r  u_clk_wiz_0/inst/mmcme4_adv_inst/CLKOUT1
                         net (fo=1, routed)           0.149    -1.261    u_clk_wiz_0/inst/clk_125MHz_clk_wiz_0
    BUFGCE_X0Y54         BUFGCE (Prop_BUFCE_BUFGCE_I_O)
                                                      0.017    -1.244 r  u_clk_wiz_0/inst/clkout2_buf/O
    X1Y0 (CLOCK_ROOT)    net (fo=53, routed)          1.027    -0.217    u_hdmi_tx/i_wrap/pxClkX5
    SLICE_X36Y2          FDRE                                         r  u_hdmi_tx/i_wrap/TMDS_1/i_GBox/cntMod5_reg[1]/C
  -------------------------------------------------------------------    -------------------
    SLICE_X36Y2          FDRE (Prop_GFF_SLICEL_C_Q)
                                                      0.039    -0.178 r  u_hdmi_tx/i_wrap/TMDS_1/i_GBox/cntMod5_reg[1]/Q
                         net (fo=9, routed)           0.030    -0.148    u_hdmi_tx/i_wrap/TMDS_1/i_GBox/cntMod5_reg_n_0_[1]
    SLICE_X36Y2          LUT2 (Prop_G6LUT_SLICEL_I1_O)
                                                      0.022    -0.126 r  u_hdmi_tx/i_wrap/cntMod5[1]_i_1__0/O
                         net (fo=1, routed)           0.016    -0.110    u_hdmi_tx/i_wrap/cntMod5[1]_i_1__0_n_0
    SLICE_X36Y2          FDRE                                         r  u_hdmi_tx/i_wrap/TMDS_1/i_GBox/cntMod5_reg[1]/D
  -------------------------------------------------------------------    -------------------

                         (clock clk_125MHz_clk_wiz_0 rise edge)
                                                      0.000     0.000 r  
    D7                                                0.000     0.000 r  i_clk_100mhz_p (IN)
                         net (fo=0)                   0.100     0.100    u_clk_wiz_0/inst/clkin1_ibufds/I
    HPIOBDIFFINBUF_X0Y60 DIFFINBUF (Prop_DIFFINBUF_HPIOBDIFFINBUF_DIFF_IN_P_O)
                                                      0.400     0.500 r  u_clk_wiz_0/inst/clkin1_ibufds/DIFFINBUF_INST/O
                         net (fo=1, routed)           0.050     0.550    u_clk_wiz_0/inst/clkin1_ibufds/OUT
    D7                   IBUFCTRL (Prop_IBUFCTRL_HPIOB_M_I_O)
                                                      0.000     0.550 r  u_clk_wiz_0/inst/clkin1_ibufds/IBUFCTRL_INST/O
                         net (fo=1, routed)           0.222     0.772    u_clk_wiz_0/inst/clk_in1_clk_wiz_0
    MMCM_X0Y2            MMCME4_ADV (Prop_MMCM_CLKIN1_CLKOUT1)
                                                     -2.279    -1.507 r  u_clk_wiz_0/inst/mmcme4_adv_inst/CLKOUT1
                         net (fo=1, routed)           0.170    -1.337    u_clk_wiz_0/inst/clk_125MHz_clk_wiz_0
    BUFGCE_X0Y54         BUFGCE (Prop_BUFCE_BUFGCE_I_O)
                                                      0.019    -1.318 r  u_clk_wiz_0/inst/clkout2_buf/O
    X1Y0 (CLOCK_ROOT)    net (fo=53, routed)          1.166    -0.152    u_hdmi_tx/i_wrap/pxClkX5
    SLICE_X36Y2          FDRE                                         r  u_hdmi_tx/i_wrap/TMDS_1/i_GBox/cntMod5_reg[1]/C
                         clock pessimism             -0.059    -0.211    
    SLICE_X36Y2          FDRE (Hold_GFF_SLICEL_C_D)
                                                      0.046    -0.165    u_hdmi_tx/i_wrap/TMDS_1/i_GBox/cntMod5_reg[1]
  -------------------------------------------------------------------
                         required time                          0.165    
                         arrival time                          -0.110    
  -------------------------------------------------------------------
                         slack                                  0.055    

Slack (MET) :             0.056ns  (arrival time - required time)
  Source:                 u_hdmi_tx/i_wrap/TMDS_2/i_GBox/cntMod5_reg[0]/C
                            (rising edge-triggered cell FDRE clocked by clk_125MHz_clk_wiz_0  {rise@0.000ns fall@4.000ns period=8.000ns})
  Destination:            u_hdmi_tx/i_wrap/TMDS_2/i_GBox/sReg_reg[8]/D
                            (rising edge-triggered cell FDRE clocked by clk_125MHz_clk_wiz_0  {rise@0.000ns fall@4.000ns period=8.000ns})
  Path Group:             clk_125MHz_clk_wiz_0
  Path Type:              Hold (Min at Fast Process Corner)
  Requirement:            0.000ns  (clk_125MHz_clk_wiz_0 rise@0.000ns - clk_125MHz_clk_wiz_0 rise@0.000ns)
  Data Path Delay:        0.129ns  (logic 0.055ns (42.712%)  route 0.074ns (57.288%))
  Logic Levels:           1  (LUT5=1)
  Clock Path Skew:        0.026ns (DCD - SCD - CPR)
    Destination Clock Delay (DCD):    -0.127ns
    Source Clock Delay      (SCD):    -0.201ns
    Clock Pessimism Removal (CPR):    0.048ns
  Clock Net Delay (Source):      1.043ns (routing 0.568ns, distribution 0.475ns)
  Clock Net Delay (Destination): 1.191ns (routing 0.637ns, distribution 0.554ns)

    Location             Delay type                Incr(ns)  Path(ns)    Netlist Resource(s)
  -------------------------------------------------------------------    -------------------
                         (clock clk_125MHz_clk_wiz_0 rise edge)
                                                      0.000     0.000 r  
    D7                                                0.000     0.000 r  i_clk_100mhz_p (IN)
                         net (fo=0)                   0.079     0.079    u_clk_wiz_0/inst/clkin1_ibufds/I
    HPIOBDIFFINBUF_X0Y60 DIFFINBUF (Prop_DIFFINBUF_HPIOBDIFFINBUF_DIFF_IN_P_O)
                                                      0.295     0.374 r  u_clk_wiz_0/inst/clkin1_ibufds/DIFFINBUF_INST/O
                         net (fo=1, routed)           0.040     0.414    u_clk_wiz_0/inst/clkin1_ibufds/OUT
    D7                   IBUFCTRL (Prop_IBUFCTRL_HPIOB_M_I_O)
                                                      0.000     0.414 r  u_clk_wiz_0/inst/clkin1_ibufds/IBUFCTRL_INST/O
                         net (fo=1, routed)           0.196     0.610    u_clk_wiz_0/inst/clk_in1_clk_wiz_0
    MMCM_X0Y2            MMCME4_ADV (Prop_MMCM_CLKIN1_CLKOUT1)
                                                     -2.020    -1.410 r  u_clk_wiz_0/inst/mmcme4_adv_inst/CLKOUT1
                         net (fo=1, routed)           0.149    -1.261    u_clk_wiz_0/inst/clk_125MHz_clk_wiz_0
    BUFGCE_X0Y54         BUFGCE (Prop_BUFCE_BUFGCE_I_O)
                                                      0.017    -1.244 r  u_clk_wiz_0/inst/clkout2_buf/O
    X1Y0 (CLOCK_ROOT)    net (fo=53, routed)          1.043    -0.201    u_hdmi_tx/i_wrap/pxClkX5
    SLICE_X38Y0          FDRE                                         r  u_hdmi_tx/i_wrap/TMDS_2/i_GBox/cntMod5_reg[0]/C
  -------------------------------------------------------------------    -------------------
    SLICE_X38Y0          FDRE (Prop_DFF2_SLICEL_C_Q)
                                                      0.041    -0.160 f  u_hdmi_tx/i_wrap/TMDS_2/i_GBox/cntMod5_reg[0]/Q
                         net (fo=10, routed)          0.058    -0.102    u_hdmi_tx/i_wrap/TMDS_2/i_GBox/cntMod5_reg_n_0_[0]
    SLICE_X38Y1          LUT5 (Prop_G6LUT_SLICEL_I0_O)
                                                      0.014    -0.088 r  u_hdmi_tx/i_wrap/sReg[8]_i_1__1/O
                         net (fo=1, routed)           0.016    -0.072    u_hdmi_tx/i_wrap/sReg[8]_i_1__1_n_0
    SLICE_X38Y1          FDRE                                         r  u_hdmi_tx/i_wrap/TMDS_2/i_GBox/sReg_reg[8]/D
  -------------------------------------------------------------------    -------------------

                         (clock clk_125MHz_clk_wiz_0 rise edge)
                                                      0.000     0.000 r  
    D7                                                0.000     0.000 r  i_clk_100mhz_p (IN)
                         net (fo=0)                   0.100     0.100    u_clk_wiz_0/inst/clkin1_ibufds/I
    HPIOBDIFFINBUF_X0Y60 DIFFINBUF (Prop_DIFFINBUF_HPIOBDIFFINBUF_DIFF_IN_P_O)
                                                      0.400     0.500 r  u_clk_wiz_0/inst/clkin1_ibufds/DIFFINBUF_INST/O
                         net (fo=1, routed)           0.050     0.550    u_clk_wiz_0/inst/clkin1_ibufds/OUT
    D7                   IBUFCTRL (Prop_IBUFCTRL_HPIOB_M_I_O)
                                                      0.000     0.550 r  u_clk_wiz_0/inst/clkin1_ibufds/IBUFCTRL_INST/O
                         net (fo=1, routed)           0.222     0.772    u_clk_wiz_0/inst/clk_in1_clk_wiz_0
    MMCM_X0Y2            MMCME4_ADV (Prop_MMCM_CLKIN1_CLKOUT1)
                                                     -2.279    -1.507 r  u_clk_wiz_0/inst/mmcme4_adv_inst/CLKOUT1
                         net (fo=1, routed)           0.170    -1.337    u_clk_wiz_0/inst/clk_125MHz_clk_wiz_0
    BUFGCE_X0Y54         BUFGCE (Prop_BUFCE_BUFGCE_I_O)
                                                      0.019    -1.318 r  u_clk_wiz_0/inst/clkout2_buf/O
    X1Y0 (CLOCK_ROOT)    net (fo=53, routed)          1.191    -0.127    u_hdmi_tx/i_wrap/pxClkX5
    SLICE_X38Y1          FDRE                                         r  u_hdmi_tx/i_wrap/TMDS_2/i_GBox/sReg_reg[8]/C
                         clock pessimism             -0.048    -0.174    
    SLICE_X38Y1          FDRE (Hold_GFF_SLICEL_C_D)
                                                      0.046    -0.128    u_hdmi_tx/i_wrap/TMDS_2/i_GBox/sReg_reg[8]
  -------------------------------------------------------------------
                         required time                          0.128    
                         arrival time                          -0.072    
  -------------------------------------------------------------------
                         slack                                  0.056    

Slack (MET) :             0.058ns  (arrival time - required time)
  Source:                 u_hdmi_tx/i_wrap/TMDS_2/i_GBox/cntMod5_reg[0]/C
                            (rising edge-triggered cell FDRE clocked by clk_125MHz_clk_wiz_0  {rise@0.000ns fall@4.000ns period=8.000ns})
  Destination:            u_hdmi_tx/i_wrap/TMDS_2/i_GBox/sReg_reg[1]/D
                            (rising edge-triggered cell FDRE clocked by clk_125MHz_clk_wiz_0  {rise@0.000ns fall@4.000ns period=8.000ns})
  Path Group:             clk_125MHz_clk_wiz_0
  Path Type:              Hold (Min at Fast Process Corner)
  Requirement:            0.000ns  (clk_125MHz_clk_wiz_0 rise@0.000ns - clk_125MHz_clk_wiz_0 rise@0.000ns)
  Data Path Delay:        0.131ns  (logic 0.056ns (42.823%)  route 0.075ns (57.177%))
  Logic Levels:           1  (LUT6=1)
  Clock Path Skew:        0.026ns (DCD - SCD - CPR)
    Destination Clock Delay (DCD):    -0.127ns
    Source Clock Delay      (SCD):    -0.201ns
    Clock Pessimism Removal (CPR):    0.048ns
  Clock Net Delay (Source):      1.043ns (routing 0.568ns, distribution 0.475ns)
  Clock Net Delay (Destination): 1.191ns (routing 0.637ns, distribution 0.554ns)

    Location             Delay type                Incr(ns)  Path(ns)    Netlist Resource(s)
  -------------------------------------------------------------------    -------------------
                         (clock clk_125MHz_clk_wiz_0 rise edge)
                                                      0.000     0.000 r  
    D7                                                0.000     0.000 r  i_clk_100mhz_p (IN)
                         net (fo=0)                   0.079     0.079    u_clk_wiz_0/inst/clkin1_ibufds/I
    HPIOBDIFFINBUF_X0Y60 DIFFINBUF (Prop_DIFFINBUF_HPIOBDIFFINBUF_DIFF_IN_P_O)
                                                      0.295     0.374 r  u_clk_wiz_0/inst/clkin1_ibufds/DIFFINBUF_INST/O
                         net (fo=1, routed)           0.040     0.414    u_clk_wiz_0/inst/clkin1_ibufds/OUT
    D7                   IBUFCTRL (Prop_IBUFCTRL_HPIOB_M_I_O)
                                                      0.000     0.414 r  u_clk_wiz_0/inst/clkin1_ibufds/IBUFCTRL_INST/O
                         net (fo=1, routed)           0.196     0.610    u_clk_wiz_0/inst/clk_in1_clk_wiz_0
    MMCM_X0Y2            MMCME4_ADV (Prop_MMCM_CLKIN1_CLKOUT1)
                                                     -2.020    -1.410 r  u_clk_wiz_0/inst/mmcme4_adv_inst/CLKOUT1
                         net (fo=1, routed)           0.149    -1.261    u_clk_wiz_0/inst/clk_125MHz_clk_wiz_0
    BUFGCE_X0Y54         BUFGCE (Prop_BUFCE_BUFGCE_I_O)
                                                      0.017    -1.244 r  u_clk_wiz_0/inst/clkout2_buf/O
    X1Y0 (CLOCK_ROOT)    net (fo=53, routed)          1.043    -0.201    u_hdmi_tx/i_wrap/pxClkX5
    SLICE_X38Y0          FDRE                                         r  u_hdmi_tx/i_wrap/TMDS_2/i_GBox/cntMod5_reg[0]/C
  -------------------------------------------------------------------    -------------------
    SLICE_X38Y0          FDRE (Prop_DFF2_SLICEL_C_Q)
                                                      0.041    -0.160 r  u_hdmi_tx/i_wrap/TMDS_2/i_GBox/cntMod5_reg[0]/Q
                         net (fo=10, routed)          0.058    -0.102    u_hdmi_tx/i_wrap/TMDS_2/i_GBox/cntMod5_reg_n_0_[0]
    SLICE_X38Y1          LUT6 (Prop_H6LUT_SLICEL_I1_O)
                                                      0.015    -0.087 r  u_hdmi_tx/i_wrap/sReg[1]_i_1__1/O
                         net (fo=1, routed)           0.017    -0.070    u_hdmi_tx/i_wrap/sReg[1]_i_1__1_n_0
    SLICE_X38Y1          FDRE                                         r  u_hdmi_tx/i_wrap/TMDS_2/i_GBox/sReg_reg[1]/D
  -------------------------------------------------------------------    -------------------

                         (clock clk_125MHz_clk_wiz_0 rise edge)
                                                      0.000     0.000 r  
    D7                                                0.000     0.000 r  i_clk_100mhz_p (IN)
                         net (fo=0)                   0.100     0.100    u_clk_wiz_0/inst/clkin1_ibufds/I
    HPIOBDIFFINBUF_X0Y60 DIFFINBUF (Prop_DIFFINBUF_HPIOBDIFFINBUF_DIFF_IN_P_O)
                                                      0.400     0.500 r  u_clk_wiz_0/inst/clkin1_ibufds/DIFFINBUF_INST/O
                         net (fo=1, routed)           0.050     0.550    u_clk_wiz_0/inst/clkin1_ibufds/OUT
    D7                   IBUFCTRL (Prop_IBUFCTRL_HPIOB_M_I_O)
                                                      0.000     0.550 r  u_clk_wiz_0/inst/clkin1_ibufds/IBUFCTRL_INST/O
                         net (fo=1, routed)           0.222     0.772    u_clk_wiz_0/inst/clk_in1_clk_wiz_0
    MMCM_X0Y2            MMCME4_ADV (Prop_MMCM_CLKIN1_CLKOUT1)
                                                     -2.279    -1.507 r  u_clk_wiz_0/inst/mmcme4_adv_inst/CLKOUT1
                         net (fo=1, routed)           0.170    -1.337    u_clk_wiz_0/inst/clk_125MHz_clk_wiz_0
    BUFGCE_X0Y54         BUFGCE (Prop_BUFCE_BUFGCE_I_O)
                                                      0.019    -1.318 r  u_clk_wiz_0/inst/clkout2_buf/O
    X1Y0 (CLOCK_ROOT)    net (fo=53, routed)          1.191    -0.127    u_hdmi_tx/i_wrap/pxClkX5
    SLICE_X38Y1          FDRE                                         r  u_hdmi_tx/i_wrap/TMDS_2/i_GBox/sReg_reg[1]/C
                         clock pessimism             -0.048    -0.174    
    SLICE_X38Y1          FDRE (Hold_HFF_SLICEL_C_D)
                                                      0.046    -0.128    u_hdmi_tx/i_wrap/TMDS_2/i_GBox/sReg_reg[1]
  -------------------------------------------------------------------
                         required time                          0.128    
                         arrival time                          -0.070    
  -------------------------------------------------------------------
                         slack                                  0.058    

Slack (MET) :             0.059ns  (arrival time - required time)
  Source:                 u_hdmi_tx/i_wrap/TMDS_0/i_GBox/sReg_reg[8]/C
                            (rising edge-triggered cell FDRE clocked by clk_125MHz_clk_wiz_0  {rise@0.000ns fall@4.000ns period=8.000ns})
  Destination:            u_hdmi_tx/i_wrap/TMDS_0/i_GBox/sReg_reg[6]/D
                            (rising edge-triggered cell FDRE clocked by clk_125MHz_clk_wiz_0  {rise@0.000ns fall@4.000ns period=8.000ns})
  Path Group:             clk_125MHz_clk_wiz_0
  Path Type:              Hold (Min at Fast Process Corner)
  Requirement:            0.000ns  (clk_125MHz_clk_wiz_0 rise@0.000ns - clk_125MHz_clk_wiz_0 rise@0.000ns)
  Data Path Delay:        0.121ns  (logic 0.079ns (65.289%)  route 0.042ns (34.711%))
  Logic Levels:           1  (LUT6=1)
  Clock Path Skew:        0.016ns (DCD - SCD - CPR)
    Destination Clock Delay (DCD):    -0.151ns
    Source Clock Delay      (SCD):    -0.219ns
    Clock Pessimism Removal (CPR):    0.051ns
  Clock Net Delay (Source):      1.025ns (routing 0.568ns, distribution 0.457ns)
  Clock Net Delay (Destination): 1.166ns (routing 0.637ns, distribution 0.529ns)

    Location             Delay type                Incr(ns)  Path(ns)    Netlist Resource(s)
  -------------------------------------------------------------------    -------------------
                         (clock clk_125MHz_clk_wiz_0 rise edge)
                                                      0.000     0.000 r  
    D7                                                0.000     0.000 r  i_clk_100mhz_p (IN)
                         net (fo=0)                   0.079     0.079    u_clk_wiz_0/inst/clkin1_ibufds/I
    HPIOBDIFFINBUF_X0Y60 DIFFINBUF (Prop_DIFFINBUF_HPIOBDIFFINBUF_DIFF_IN_P_O)
                                                      0.295     0.374 r  u_clk_wiz_0/inst/clkin1_ibufds/DIFFINBUF_INST/O
                         net (fo=1, routed)           0.040     0.414    u_clk_wiz_0/inst/clkin1_ibufds/OUT
    D7                   IBUFCTRL (Prop_IBUFCTRL_HPIOB_M_I_O)
                                                      0.000     0.414 r  u_clk_wiz_0/inst/clkin1_ibufds/IBUFCTRL_INST/O
                         net (fo=1, routed)           0.196     0.610    u_clk_wiz_0/inst/clk_in1_clk_wiz_0
    MMCM_X0Y2            MMCME4_ADV (Prop_MMCM_CLKIN1_CLKOUT1)
                                                     -2.020    -1.410 r  u_clk_wiz_0/inst/mmcme4_adv_inst/CLKOUT1
                         net (fo=1, routed)           0.149    -1.261    u_clk_wiz_0/inst/clk_125MHz_clk_wiz_0
    BUFGCE_X0Y54         BUFGCE (Prop_BUFCE_BUFGCE_I_O)
                                                      0.017    -1.244 r  u_clk_wiz_0/inst/clkout2_buf/O
    X1Y0 (CLOCK_ROOT)    net (fo=53, routed)          1.025    -0.219    u_hdmi_tx/i_wrap/pxClkX5
    SLICE_X35Y7          FDRE                                         r  u_hdmi_tx/i_wrap/TMDS_0/i_GBox/sReg_reg[8]/C
  -------------------------------------------------------------------    -------------------
    SLICE_X35Y7          FDRE (Prop_AFF_SLICEL_C_Q)
                                                      0.039    -0.180 r  u_hdmi_tx/i_wrap/TMDS_0/i_GBox/sReg_reg[8]/Q
                         net (fo=1, routed)           0.026    -0.154    u_hdmi_tx/i_wrap/TMDS_0/i_GBox/sReg_reg_n_0_[8]
    SLICE_X35Y7          LUT6 (Prop_G6LUT_SLICEL_I5_O)
                                                      0.040    -0.114 r  u_hdmi_tx/i_wrap/sReg[6]_i_1/O
                         net (fo=1, routed)           0.016    -0.098    u_hdmi_tx/i_wrap/sReg[6]_i_1_n_0
    SLICE_X35Y7          FDRE                                         r  u_hdmi_tx/i_wrap/TMDS_0/i_GBox/sReg_reg[6]/D
  -------------------------------------------------------------------    -------------------

                         (clock clk_125MHz_clk_wiz_0 rise edge)
                                                      0.000     0.000 r  
    D7                                                0.000     0.000 r  i_clk_100mhz_p (IN)
                         net (fo=0)                   0.100     0.100    u_clk_wiz_0/inst/clkin1_ibufds/I
    HPIOBDIFFINBUF_X0Y60 DIFFINBUF (Prop_DIFFINBUF_HPIOBDIFFINBUF_DIFF_IN_P_O)
                                                      0.400     0.500 r  u_clk_wiz_0/inst/clkin1_ibufds/DIFFINBUF_INST/O
                         net (fo=1, routed)           0.050     0.550    u_clk_wiz_0/inst/clkin1_ibufds/OUT
    D7                   IBUFCTRL (Prop_IBUFCTRL_HPIOB_M_I_O)
                                                      0.000     0.550 r  u_clk_wiz_0/inst/clkin1_ibufds/IBUFCTRL_INST/O
                         net (fo=1, routed)           0.222     0.772    u_clk_wiz_0/inst/clk_in1_clk_wiz_0
    MMCM_X0Y2            MMCME4_ADV (Prop_MMCM_CLKIN1_CLKOUT1)
                                                     -2.279    -1.507 r  u_clk_wiz_0/inst/mmcme4_adv_inst/CLKOUT1
                         net (fo=1, routed)           0.170    -1.337    u_clk_wiz_0/inst/clk_125MHz_clk_wiz_0
    BUFGCE_X0Y54         BUFGCE (Prop_BUFCE_BUFGCE_I_O)
                                                      0.019    -1.318 r  u_clk_wiz_0/inst/clkout2_buf/O
    X1Y0 (CLOCK_ROOT)    net (fo=53, routed)          1.166    -0.151    u_hdmi_tx/i_wrap/pxClkX5
    SLICE_X35Y7          FDRE                                         r  u_hdmi_tx/i_wrap/TMDS_0/i_GBox/sReg_reg[6]/C
                         clock pessimism             -0.051    -0.202    
    SLICE_X35Y7          FDRE (Hold_GFF_SLICEL_C_D)
                                                      0.046    -0.156    u_hdmi_tx/i_wrap/TMDS_0/i_GBox/sReg_reg[6]
  -------------------------------------------------------------------
                         required time                          0.156    
                         arrival time                          -0.098    
  -------------------------------------------------------------------
                         slack                                  0.059    





Pulse Width Checks
--------------------------------------------------------------------------------------
Clock Name:         clk_125MHz_clk_wiz_0
Waveform(ns):       { 0.000 4.000 }
Period(ns):         8.000
Sources:            { u_clk_wiz_0/inst/mmcme4_adv_inst/CLKOUT1 }

Check Type        Corner  Lib Pin             Reference Pin  Required(ns)  Actual(ns)  Slack(ns)  Location          Pin
Min Period        n/a     OSERDESE3/CLK       n/a            8.000         8.000       0.000      HDIOLOGIC_M_X1Y3  u_hdmi_tx/i_wrap/TMDS_0/i_ODDRE_N/CLK
Min Period        n/a     OSERDESE3/CLK       n/a            8.000         8.000       0.000      HDIOLOGIC_S_X1Y3  u_hdmi_tx/i_wrap/TMDS_0/i_ODDRE_P/CLK
Min Period        n/a     OSERDESE3/CLK       n/a            8.000         8.000       0.000      HDIOLOGIC_M_X1Y2  u_hdmi_tx/i_wrap/TMDS_1/i_ODDRE_N/CLK
Min Period        n/a     OSERDESE3/CLK       n/a            8.000         8.000       0.000      HDIOLOGIC_S_X1Y2  u_hdmi_tx/i_wrap/TMDS_1/i_ODDRE_P/CLK
Min Period        n/a     OSERDESE3/CLK       n/a            8.000         8.000       0.000      HDIOLOGIC_S_X1Y1  u_hdmi_tx/i_wrap/TMDS_2/i_ODDRE_N/CLK
Min Period        n/a     OSERDESE3/CLK       n/a            8.000         8.000       0.000      HDIOLOGIC_M_X1Y1  u_hdmi_tx/i_wrap/TMDS_2/i_ODDRE_P/CLK
Min Period        n/a     OSERDESE3/CLK       n/a            8.000         8.000       0.000      HDIOLOGIC_M_X1Y5  u_hdmi_tx/i_wrap/TMDS_3/i_ODDRE_N/CLK
Min Period        n/a     OSERDESE3/CLK       n/a            8.000         8.000       0.000      HDIOLOGIC_S_X1Y5  u_hdmi_tx/i_wrap/TMDS_3/i_ODDRE_P/CLK
Min Period        n/a     BUFGCE/I            n/a            1.290         8.000       6.710      BUFGCE_X0Y54      u_clk_wiz_0/inst/clkout2_buf/I
Min Period        n/a     MMCME4_ADV/CLKOUT1  n/a            1.071         8.000       6.929      MMCM_X0Y2         u_clk_wiz_0/inst/mmcme4_adv_inst/CLKOUT1
Low Pulse Width   Slow    OSERDESE3/CLK       n/a            4.000         4.000       0.000      HDIOLOGIC_M_X1Y3  u_hdmi_tx/i_wrap/TMDS_0/i_ODDRE_N/CLK
Low Pulse Width   Fast    OSERDESE3/CLK       n/a            4.000         4.000       0.000      HDIOLOGIC_M_X1Y3  u_hdmi_tx/i_wrap/TMDS_0/i_ODDRE_N/CLK
Low Pulse Width   Slow    OSERDESE3/CLK       n/a            4.000         4.000       0.000      HDIOLOGIC_S_X1Y3  u_hdmi_tx/i_wrap/TMDS_0/i_ODDRE_P/CLK
Low Pulse Width   Fast    OSERDESE3/CLK       n/a            4.000         4.000       0.000      HDIOLOGIC_S_X1Y3  u_hdmi_tx/i_wrap/TMDS_0/i_ODDRE_P/CLK
Low Pulse Width   Slow    OSERDESE3/CLK       n/a            4.000         4.000       0.000      HDIOLOGIC_M_X1Y2  u_hdmi_tx/i_wrap/TMDS_1/i_ODDRE_N/CLK
Low Pulse Width   Fast    OSERDESE3/CLK       n/a            4.000         4.000       0.000      HDIOLOGIC_M_X1Y2  u_hdmi_tx/i_wrap/TMDS_1/i_ODDRE_N/CLK
Low Pulse Width   Slow    OSERDESE3/CLK       n/a            4.000         4.000       0.000      HDIOLOGIC_S_X1Y2  u_hdmi_tx/i_wrap/TMDS_1/i_ODDRE_P/CLK
Low Pulse Width   Fast    OSERDESE3/CLK       n/a            4.000         4.000       0.000      HDIOLOGIC_S_X1Y2  u_hdmi_tx/i_wrap/TMDS_1/i_ODDRE_P/CLK
Low Pulse Width   Slow    OSERDESE3/CLK       n/a            4.000         4.000       0.000      HDIOLOGIC_S_X1Y1  u_hdmi_tx/i_wrap/TMDS_2/i_ODDRE_N/CLK
Low Pulse Width   Fast    OSERDESE3/CLK       n/a            4.000         4.000       0.000      HDIOLOGIC_S_X1Y1  u_hdmi_tx/i_wrap/TMDS_2/i_ODDRE_N/CLK
High Pulse Width  Slow    OSERDESE3/CLK       n/a            4.000         4.000       0.000      HDIOLOGIC_M_X1Y3  u_hdmi_tx/i_wrap/TMDS_0/i_ODDRE_N/CLK
High Pulse Width  Fast    OSERDESE3/CLK       n/a            4.000         4.000       0.000      HDIOLOGIC_M_X1Y3  u_hdmi_tx/i_wrap/TMDS_0/i_ODDRE_N/CLK
High Pulse Width  Slow    OSERDESE3/CLK       n/a            4.000         4.000       0.000      HDIOLOGIC_S_X1Y3  u_hdmi_tx/i_wrap/TMDS_0/i_ODDRE_P/CLK
High Pulse Width  Fast    OSERDESE3/CLK       n/a            4.000         4.000       0.000      HDIOLOGIC_S_X1Y3  u_hdmi_tx/i_wrap/TMDS_0/i_ODDRE_P/CLK
High Pulse Width  Slow    OSERDESE3/CLK       n/a            4.000         4.000       0.000      HDIOLOGIC_M_X1Y2  u_hdmi_tx/i_wrap/TMDS_1/i_ODDRE_N/CLK
High Pulse Width  Fast    OSERDESE3/CLK       n/a            4.000         4.000       0.000      HDIOLOGIC_M_X1Y2  u_hdmi_tx/i_wrap/TMDS_1/i_ODDRE_N/CLK
High Pulse Width  Slow    OSERDESE3/CLK       n/a            4.000         4.000       0.000      HDIOLOGIC_S_X1Y2  u_hdmi_tx/i_wrap/TMDS_1/i_ODDRE_P/CLK
High Pulse Width  Fast    OSERDESE3/CLK       n/a            4.000         4.000       0.000      HDIOLOGIC_S_X1Y2  u_hdmi_tx/i_wrap/TMDS_1/i_ODDRE_P/CLK
High Pulse Width  Slow    OSERDESE3/CLK       n/a            4.000         4.000       0.000      HDIOLOGIC_S_X1Y1  u_hdmi_tx/i_wrap/TMDS_2/i_ODDRE_N/CLK
High Pulse Width  Fast    OSERDESE3/CLK       n/a            4.000         4.000       0.000      HDIOLOGIC_S_X1Y1  u_hdmi_tx/i_wrap/TMDS_2/i_ODDRE_N/CLK



---------------------------------------------------------------------------------------------------
From Clock:  clk_25MHz_clk_wiz_0
  To Clock:  clk_25MHz_clk_wiz_0

Setup :            0  Failing Endpoints,  Worst Slack       35.578ns,  Total Violation        0.000ns
Hold  :            0  Failing Endpoints,  Worst Slack        0.041ns,  Total Violation        0.000ns
PW    :            0  Failing Endpoints,  Worst Slack       19.725ns,  Total Violation        0.000ns
---------------------------------------------------------------------------------------------------


Max Delay Paths
--------------------------------------------------------------------------------------
Slack (MET) :             35.578ns  (required time - arrival time)
  Source:                 u_hdmi_tx/i_wrap/TMDS_0/i_Enc/qD_reg[6]/C
                            (rising edge-triggered cell FDRE clocked by clk_25MHz_clk_wiz_0  {rise@0.000ns fall@20.000ns period=40.000ns})
  Destination:            u_hdmi_tx/i_wrap/TMDS_0/i_Enc/Cnt_reg[2]/D
                            (rising edge-triggered cell FDRE clocked by clk_25MHz_clk_wiz_0  {rise@0.000ns fall@20.000ns period=40.000ns})
  Path Group:             clk_25MHz_clk_wiz_0
  Path Type:              Setup (Max at Slow Process Corner)
  Requirement:            40.000ns  (clk_25MHz_clk_wiz_0 rise@40.000ns - clk_25MHz_clk_wiz_0 rise@0.000ns)
  Data Path Delay:        4.255ns  (logic 0.720ns (16.923%)  route 3.535ns (83.077%))
  Logic Levels:           7  (LUT3=1 LUT4=1 LUT6=5)
  Clock Path Skew:        -0.110ns (DCD - SCD + CPR)
    Destination Clock Delay (DCD):    -0.242ns = ( 39.758 - 40.000 ) 
    Source Clock Delay      (SCD):    -0.185ns
    Clock Pessimism Removal (CPR):    -0.053ns
  Clock Uncertainty:      0.082ns  ((TSJ^2 + DJ^2)^1/2) / 2 + PE
    Total System Jitter     (TSJ):    0.071ns
    Discrete Jitter          (DJ):    0.148ns
    Phase Error              (PE):    0.000ns
  Clock Net Delay (Source):      1.903ns (routing 0.847ns, distribution 1.056ns)
  Clock Net Delay (Destination): 1.663ns (routing 0.770ns, distribution 0.893ns)

    Location             Delay type                Incr(ns)  Path(ns)    Netlist Resource(s)
  -------------------------------------------------------------------    -------------------
                         (clock clk_25MHz_clk_wiz_0 rise edge)
                                                      0.000     0.000 r  
    D7                                                0.000     0.000 r  i_clk_100mhz_p (IN)
                         net (fo=0)                   0.100     0.100    u_clk_wiz_0/inst/clkin1_ibufds/I
    HPIOBDIFFINBUF_X0Y60 DIFFINBUF (Prop_DIFFINBUF_HPIOBDIFFINBUF_DIFF_IN_P_O)
                                                      0.629     0.729 r  u_clk_wiz_0/inst/clkin1_ibufds/DIFFINBUF_INST/O
                         net (fo=1, routed)           0.050     0.779    u_clk_wiz_0/inst/clkin1_ibufds/OUT
    D7                   IBUFCTRL (Prop_IBUFCTRL_HPIOB_M_I_O)
                                                      0.000     0.779 r  u_clk_wiz_0/inst/clkin1_ibufds/IBUFCTRL_INST/O
                         net (fo=1, routed)           0.384     1.163    u_clk_wiz_0/inst/clk_in1_clk_wiz_0
    MMCM_X0Y2            MMCME4_ADV (Prop_MMCM_CLKIN1_CLKOUT0)
                                                     -3.524    -2.361 r  u_clk_wiz_0/inst/mmcme4_adv_inst/CLKOUT0
                         net (fo=1, routed)           0.245    -2.116    u_clk_wiz_0/inst/clk_25MHz_clk_wiz_0
    BUFGCE_X0Y49         BUFGCE (Prop_BUFCE_BUFGCE_I_O)
                                                      0.028    -2.088 r  u_clk_wiz_0/inst/clkout1_buf/O
    X1Y1 (CLOCK_ROOT)    net (fo=87, routed)          1.903    -0.185    u_hdmi_tx/i_wrap/pxClk
    SLICE_X37Y5          FDRE                                         r  u_hdmi_tx/i_wrap/TMDS_0/i_Enc/qD_reg[6]/C
  -------------------------------------------------------------------    -------------------
    SLICE_X37Y5          FDRE (Prop_AFF_SLICEM_C_Q)
                                                      0.077    -0.108 r  u_hdmi_tx/i_wrap/TMDS_0/i_Enc/qD_reg[6]/Q
                         net (fo=8, routed)           0.788     0.680    u_hdmi_tx/i_wrap/TMDS_0/i_Enc/p_10_in
    SLICE_X34Y6          LUT3 (Prop_D5LUT_SLICEM_I2_O)
                                                      0.110     0.790 f  u_hdmi_tx/i_wrap/g0_b2_i_4/O
                         net (fo=1, routed)           0.638     1.428    u_hdmi_tx/i_wrap/g0_b2_i_4_n_0
    SLICE_X36Y7          LUT6 (Prop_D6LUT_SLICEL_I5_O)
                                                      0.122     1.550 r  u_hdmi_tx/i_wrap/g0_b2_i_1/O
                         net (fo=21, routed)          0.540     2.090    u_hdmi_tx/i_wrap/g0_b2_i_1_n_0
    SLICE_X34Y6          LUT6 (Prop_H6LUT_SLICEM_I4_O)
                                                      0.053     2.143 r  u_hdmi_tx/i_wrap/g0_b1__2/O
                         net (fo=4, routed)           0.413     2.557    u_hdmi_tx/i_wrap/g0_b1__2_n_0
    SLICE_X35Y5          LUT6 (Prop_A6LUT_SLICEL_I0_O)
                                                      0.035     2.592 f  u_hdmi_tx/i_wrap/Cnt[4]_i_10__1/O
                         net (fo=12, routed)          0.327     2.919    u_hdmi_tx/i_wrap/Cnt[4]_i_10__1_n_0
    SLICE_X33Y4          LUT4 (Prop_C5LUT_SLICEL_I0_O)
                                                      0.110     3.029 r  u_hdmi_tx/i_wrap/Cnt[4]_i_4/O
                         net (fo=8, routed)           0.517     3.546    u_hdmi_tx/i_wrap/Cnt[4]_i_4_n_0
    SLICE_X35Y5          LUT6 (Prop_H6LUT_SLICEL_I0_O)
                                                      0.124     3.670 r  u_hdmi_tx/i_wrap/Cnt[2]_i_2/O
                         net (fo=1, routed)           0.262     3.932    u_hdmi_tx/i_wrap/Cnt[2]_i_2_n_0
    SLICE_X35Y5          LUT6 (Prop_D6LUT_SLICEL_I0_O)
                                                      0.089     4.021 r  u_hdmi_tx/i_wrap/Cnt[2]_i_1/O
                         net (fo=1, routed)           0.049     4.070    u_hdmi_tx/i_wrap/Cnt[2]_i_1_n_0
    SLICE_X35Y5          FDRE                                         r  u_hdmi_tx/i_wrap/TMDS_0/i_Enc/Cnt_reg[2]/D
  -------------------------------------------------------------------    -------------------

                         (clock clk_25MHz_clk_wiz_0 rise edge)
                                                     40.000    40.000 r  
    D7                                                0.000    40.000 r  i_clk_100mhz_p (IN)
                         net (fo=0)                   0.079    40.079    u_clk_wiz_0/inst/clkin1_ibufds/I
    HPIOBDIFFINBUF_X0Y60 DIFFINBUF (Prop_DIFFINBUF_HPIOBDIFFINBUF_DIFF_IN_P_O)
                                                      0.519    40.598 r  u_clk_wiz_0/inst/clkin1_ibufds/DIFFINBUF_INST/O
                         net (fo=1, routed)           0.040    40.638    u_clk_wiz_0/inst/clkin1_ibufds/OUT
    D7                   IBUFCTRL (Prop_IBUFCTRL_HPIOB_M_I_O)
                                                      0.000    40.638 r  u_clk_wiz_0/inst/clkin1_ibufds/IBUFCTRL_INST/O
                         net (fo=1, routed)           0.333    40.971    u_clk_wiz_0/inst/clk_in1_clk_wiz_0
    MMCM_X0Y2            MMCME4_ADV (Prop_MMCM_CLKIN1_CLKOUT0)
                                                     -3.115    37.856 r  u_clk_wiz_0/inst/mmcme4_adv_inst/CLKOUT0
                         net (fo=1, routed)           0.215    38.071    u_clk_wiz_0/inst/clk_25MHz_clk_wiz_0
    BUFGCE_X0Y49         BUFGCE (Prop_BUFCE_BUFGCE_I_O)
                                                      0.024    38.095 r  u_clk_wiz_0/inst/clkout1_buf/O
    X1Y1 (CLOCK_ROOT)    net (fo=87, routed)          1.663    39.758    u_hdmi_tx/i_wrap/pxClk
    SLICE_X35Y5          FDRE                                         r  u_hdmi_tx/i_wrap/TMDS_0/i_Enc/Cnt_reg[2]/C
                         clock pessimism             -0.053    39.705    
                         clock uncertainty           -0.082    39.623    
    SLICE_X35Y5          FDRE (Setup_DFF_SLICEL_C_D)
                                                      0.025    39.648    u_hdmi_tx/i_wrap/TMDS_0/i_Enc/Cnt_reg[2]
  -------------------------------------------------------------------
                         required time                         39.648    
                         arrival time                          -4.070    
  -------------------------------------------------------------------
                         slack                                 35.578    

Slack (MET) :             35.929ns  (required time - arrival time)
  Source:                 u_hdmi_tx/i_wrap/TMDS_0/i_Enc/qD_reg[6]/C
                            (rising edge-triggered cell FDRE clocked by clk_25MHz_clk_wiz_0  {rise@0.000ns fall@20.000ns period=40.000ns})
  Destination:            u_hdmi_tx/i_wrap/TMDS_0/i_Enc/Cnt_reg[4]/D
                            (rising edge-triggered cell FDRE clocked by clk_25MHz_clk_wiz_0  {rise@0.000ns fall@20.000ns period=40.000ns})
  Path Group:             clk_25MHz_clk_wiz_0
  Path Type:              Setup (Max at Slow Process Corner)
  Requirement:            40.000ns  (clk_25MHz_clk_wiz_0 rise@40.000ns - clk_25MHz_clk_wiz_0 rise@0.000ns)
  Data Path Delay:        3.908ns  (logic 0.825ns (21.111%)  route 3.083ns (78.889%))
  Logic Levels:           7  (LUT3=1 LUT5=1 LUT6=5)
  Clock Path Skew:        -0.106ns (DCD - SCD + CPR)
    Destination Clock Delay (DCD):    -0.238ns = ( 39.762 - 40.000 ) 
    Source Clock Delay      (SCD):    -0.185ns
    Clock Pessimism Removal (CPR):    -0.053ns
  Clock Uncertainty:      0.082ns  ((TSJ^2 + DJ^2)^1/2) / 2 + PE
    Total System Jitter     (TSJ):    0.071ns
    Discrete Jitter          (DJ):    0.148ns
    Phase Error              (PE):    0.000ns
  Clock Net Delay (Source):      1.903ns (routing 0.847ns, distribution 1.056ns)
  Clock Net Delay (Destination): 1.667ns (routing 0.770ns, distribution 0.897ns)

    Location             Delay type                Incr(ns)  Path(ns)    Netlist Resource(s)
  -------------------------------------------------------------------    -------------------
                         (clock clk_25MHz_clk_wiz_0 rise edge)
                                                      0.000     0.000 r  
    D7                                                0.000     0.000 r  i_clk_100mhz_p (IN)
                         net (fo=0)                   0.100     0.100    u_clk_wiz_0/inst/clkin1_ibufds/I
    HPIOBDIFFINBUF_X0Y60 DIFFINBUF (Prop_DIFFINBUF_HPIOBDIFFINBUF_DIFF_IN_P_O)
                                                      0.629     0.729 r  u_clk_wiz_0/inst/clkin1_ibufds/DIFFINBUF_INST/O
                         net (fo=1, routed)           0.050     0.779    u_clk_wiz_0/inst/clkin1_ibufds/OUT
    D7                   IBUFCTRL (Prop_IBUFCTRL_HPIOB_M_I_O)
                                                      0.000     0.779 r  u_clk_wiz_0/inst/clkin1_ibufds/IBUFCTRL_INST/O
                         net (fo=1, routed)           0.384     1.163    u_clk_wiz_0/inst/clk_in1_clk_wiz_0
    MMCM_X0Y2            MMCME4_ADV (Prop_MMCM_CLKIN1_CLKOUT0)
                                                     -3.524    -2.361 r  u_clk_wiz_0/inst/mmcme4_adv_inst/CLKOUT0
                         net (fo=1, routed)           0.245    -2.116    u_clk_wiz_0/inst/clk_25MHz_clk_wiz_0
    BUFGCE_X0Y49         BUFGCE (Prop_BUFCE_BUFGCE_I_O)
                                                      0.028    -2.088 r  u_clk_wiz_0/inst/clkout1_buf/O
    X1Y1 (CLOCK_ROOT)    net (fo=87, routed)          1.903    -0.185    u_hdmi_tx/i_wrap/pxClk
    SLICE_X37Y5          FDRE                                         r  u_hdmi_tx/i_wrap/TMDS_0/i_Enc/qD_reg[6]/C
  -------------------------------------------------------------------    -------------------
    SLICE_X37Y5          FDRE (Prop_AFF_SLICEM_C_Q)
                                                      0.077    -0.108 r  u_hdmi_tx/i_wrap/TMDS_0/i_Enc/qD_reg[6]/Q
                         net (fo=8, routed)           0.788     0.680    u_hdmi_tx/i_wrap/TMDS_0/i_Enc/p_10_in
    SLICE_X34Y6          LUT3 (Prop_D5LUT_SLICEM_I2_O)
                                                      0.110     0.790 f  u_hdmi_tx/i_wrap/g0_b2_i_4/O
                         net (fo=1, routed)           0.638     1.428    u_hdmi_tx/i_wrap/g0_b2_i_4_n_0
    SLICE_X36Y7          LUT6 (Prop_D6LUT_SLICEL_I5_O)
                                                      0.122     1.550 r  u_hdmi_tx/i_wrap/g0_b2_i_1/O
                         net (fo=21, routed)          0.540     2.090    u_hdmi_tx/i_wrap/g0_b2_i_1_n_0
    SLICE_X34Y6          LUT6 (Prop_H6LUT_SLICEM_I4_O)
                                                      0.053     2.143 r  u_hdmi_tx/i_wrap/g0_b1__2/O
                         net (fo=4, routed)           0.412     2.556    u_hdmi_tx/i_wrap/g0_b1__2_n_0
    SLICE_X35Y5          LUT6 (Prop_B6LUT_SLICEL_I5_O)
                                                      0.036     2.592 r  u_hdmi_tx/i_wrap/Cnt[3]_i_8/O
                         net (fo=5, routed)           0.197     2.789    u_hdmi_tx/i_wrap/Cnt[3]_i_8_n_0
    SLICE_X34Y4          LUT5 (Prop_C5LUT_SLICEM_I2_O)
                                                      0.159     2.948 r  u_hdmi_tx/i_wrap/Cnt[3]_i_3/O
                         net (fo=2, routed)           0.246     3.194    u_hdmi_tx/i_wrap/Cnt[3]_i_3_n_0
    SLICE_X34Y5          LUT6 (Prop_C6LUT_SLICEM_I0_O)
                                                      0.123     3.317 r  u_hdmi_tx/i_wrap/Cnt[4]_i_8/O
                         net (fo=1, routed)           0.189     3.506    u_hdmi_tx/i_wrap/Cnt[4]_i_8_n_0
    SLICE_X34Y5          LUT6 (Prop_D6LUT_SLICEM_I5_O)
                                                      0.145     3.651 r  u_hdmi_tx/i_wrap/Cnt[4]_i_2/O
                         net (fo=1, routed)           0.072     3.723    u_hdmi_tx/i_wrap/Cnt[4]_i_2_n_0
    SLICE_X34Y5          FDRE                                         r  u_hdmi_tx/i_wrap/TMDS_0/i_Enc/Cnt_reg[4]/D
  -------------------------------------------------------------------    -------------------

                         (clock clk_25MHz_clk_wiz_0 rise edge)
                                                     40.000    40.000 r  
    D7                                                0.000    40.000 r  i_clk_100mhz_p (IN)
                         net (fo=0)                   0.079    40.079    u_clk_wiz_0/inst/clkin1_ibufds/I
    HPIOBDIFFINBUF_X0Y60 DIFFINBUF (Prop_DIFFINBUF_HPIOBDIFFINBUF_DIFF_IN_P_O)
                                                      0.519    40.598 r  u_clk_wiz_0/inst/clkin1_ibufds/DIFFINBUF_INST/O
                         net (fo=1, routed)           0.040    40.638    u_clk_wiz_0/inst/clkin1_ibufds/OUT
    D7                   IBUFCTRL (Prop_IBUFCTRL_HPIOB_M_I_O)
                                                      0.000    40.638 r  u_clk_wiz_0/inst/clkin1_ibufds/IBUFCTRL_INST/O
                         net (fo=1, routed)           0.333    40.971    u_clk_wiz_0/inst/clk_in1_clk_wiz_0
    MMCM_X0Y2            MMCME4_ADV (Prop_MMCM_CLKIN1_CLKOUT0)
                                                     -3.115    37.856 r  u_clk_wiz_0/inst/mmcme4_adv_inst/CLKOUT0
                         net (fo=1, routed)           0.215    38.071    u_clk_wiz_0/inst/clk_25MHz_clk_wiz_0
    BUFGCE_X0Y49         BUFGCE (Prop_BUFCE_BUFGCE_I_O)
                                                      0.024    38.095 r  u_clk_wiz_0/inst/clkout1_buf/O
    X1Y1 (CLOCK_ROOT)    net (fo=87, routed)          1.667    39.762    u_hdmi_tx/i_wrap/pxClk
    SLICE_X34Y5          FDRE                                         r  u_hdmi_tx/i_wrap/TMDS_0/i_Enc/Cnt_reg[4]/C
                         clock pessimism             -0.053    39.709    
                         clock uncertainty           -0.082    39.627    
    SLICE_X34Y5          FDRE (Setup_DFF_SLICEM_C_D)
                                                      0.025    39.652    u_hdmi_tx/i_wrap/TMDS_0/i_Enc/Cnt_reg[4]
  -------------------------------------------------------------------
                         required time                         39.652    
                         arrival time                          -3.723    
  -------------------------------------------------------------------
                         slack                                 35.929    

Slack (MET) :             36.074ns  (required time - arrival time)
  Source:                 u_hdmi_tx/i_wrap/TMDS_0/i_Enc/qD_reg[6]/C
                            (rising edge-triggered cell FDRE clocked by clk_25MHz_clk_wiz_0  {rise@0.000ns fall@20.000ns period=40.000ns})
  Destination:            u_hdmi_tx/i_wrap/TMDS_0/i_Enc/Cnt_reg[3]/D
                            (rising edge-triggered cell FDRE clocked by clk_25MHz_clk_wiz_0  {rise@0.000ns fall@20.000ns period=40.000ns})
  Path Group:             clk_25MHz_clk_wiz_0
  Path Type:              Setup (Max at Slow Process Corner)
  Requirement:            40.000ns  (clk_25MHz_clk_wiz_0 rise@40.000ns - clk_25MHz_clk_wiz_0 rise@0.000ns)
  Data Path Delay:        3.751ns  (logic 0.784ns (20.903%)  route 2.967ns (79.097%))
  Logic Levels:           7  (LUT3=1 LUT4=1 LUT5=1 LUT6=4)
  Clock Path Skew:        -0.119ns (DCD - SCD + CPR)
    Destination Clock Delay (DCD):    -0.251ns = ( 39.749 - 40.000 ) 
    Source Clock Delay      (SCD):    -0.185ns
    Clock Pessimism Removal (CPR):    -0.053ns
  Clock Uncertainty:      0.082ns  ((TSJ^2 + DJ^2)^1/2) / 2 + PE
    Total System Jitter     (TSJ):    0.071ns
    Discrete Jitter          (DJ):    0.148ns
    Phase Error              (PE):    0.000ns
  Clock Net Delay (Source):      1.903ns (routing 0.847ns, distribution 1.056ns)
  Clock Net Delay (Destination): 1.654ns (routing 0.770ns, distribution 0.884ns)

    Location             Delay type                Incr(ns)  Path(ns)    Netlist Resource(s)
  -------------------------------------------------------------------    -------------------
                         (clock clk_25MHz_clk_wiz_0 rise edge)
                                                      0.000     0.000 r  
    D7                                                0.000     0.000 r  i_clk_100mhz_p (IN)
                         net (fo=0)                   0.100     0.100    u_clk_wiz_0/inst/clkin1_ibufds/I
    HPIOBDIFFINBUF_X0Y60 DIFFINBUF (Prop_DIFFINBUF_HPIOBDIFFINBUF_DIFF_IN_P_O)
                                                      0.629     0.729 r  u_clk_wiz_0/inst/clkin1_ibufds/DIFFINBUF_INST/O
                         net (fo=1, routed)           0.050     0.779    u_clk_wiz_0/inst/clkin1_ibufds/OUT
    D7                   IBUFCTRL (Prop_IBUFCTRL_HPIOB_M_I_O)
                                                      0.000     0.779 r  u_clk_wiz_0/inst/clkin1_ibufds/IBUFCTRL_INST/O
                         net (fo=1, routed)           0.384     1.163    u_clk_wiz_0/inst/clk_in1_clk_wiz_0
    MMCM_X0Y2            MMCME4_ADV (Prop_MMCM_CLKIN1_CLKOUT0)
                                                     -3.524    -2.361 r  u_clk_wiz_0/inst/mmcme4_adv_inst/CLKOUT0
                         net (fo=1, routed)           0.245    -2.116    u_clk_wiz_0/inst/clk_25MHz_clk_wiz_0
    BUFGCE_X0Y49         BUFGCE (Prop_BUFCE_BUFGCE_I_O)
                                                      0.028    -2.088 r  u_clk_wiz_0/inst/clkout1_buf/O
    X1Y1 (CLOCK_ROOT)    net (fo=87, routed)          1.903    -0.185    u_hdmi_tx/i_wrap/pxClk
    SLICE_X37Y5          FDRE                                         r  u_hdmi_tx/i_wrap/TMDS_0/i_Enc/qD_reg[6]/C
  -------------------------------------------------------------------    -------------------
    SLICE_X37Y5          FDRE (Prop_AFF_SLICEM_C_Q)
                                                      0.077    -0.108 r  u_hdmi_tx/i_wrap/TMDS_0/i_Enc/qD_reg[6]/Q
                         net (fo=8, routed)           0.788     0.680    u_hdmi_tx/i_wrap/TMDS_0/i_Enc/p_10_in
    SLICE_X34Y6          LUT3 (Prop_D5LUT_SLICEM_I2_O)
                                                      0.110     0.790 f  u_hdmi_tx/i_wrap/g0_b2_i_4/O
                         net (fo=1, routed)           0.638     1.428    u_hdmi_tx/i_wrap/g0_b2_i_4_n_0
    SLICE_X36Y7          LUT6 (Prop_D6LUT_SLICEL_I5_O)
                                                      0.122     1.550 r  u_hdmi_tx/i_wrap/g0_b2_i_1/O
                         net (fo=21, routed)          0.540     2.090    u_hdmi_tx/i_wrap/g0_b2_i_1_n_0
    SLICE_X34Y6          LUT6 (Prop_H6LUT_SLICEM_I4_O)
                                                      0.053     2.143 r  u_hdmi_tx/i_wrap/g0_b1__2/O
                         net (fo=4, routed)           0.412     2.556    u_hdmi_tx/i_wrap/g0_b1__2_n_0
    SLICE_X35Y5          LUT6 (Prop_B6LUT_SLICEL_I5_O)
                                                      0.036     2.592 f  u_hdmi_tx/i_wrap/Cnt[3]_i_8/O
                         net (fo=5, routed)           0.197     2.789    u_hdmi_tx/i_wrap/Cnt[3]_i_8_n_0
    SLICE_X34Y4          LUT4 (Prop_C6LUT_SLICEM_I2_O)
                                                      0.145     2.934 r  u_hdmi_tx/i_wrap/Cnt[4]_i_14/O
                         net (fo=2, routed)           0.131     3.065    u_hdmi_tx/i_wrap/Cnt[4]_i_14_n_0
    SLICE_X34Y4          LUT6 (Prop_H6LUT_SLICEM_I5_O)
                                                      0.152     3.217 r  u_hdmi_tx/i_wrap/Cnt[3]_i_2/O
                         net (fo=1, routed)           0.211     3.428    u_hdmi_tx/i_wrap/Cnt[3]_i_2_n_0
    SLICE_X33Y4          LUT5 (Prop_D6LUT_SLICEL_I0_O)
                                                      0.089     3.517 r  u_hdmi_tx/i_wrap/Cnt[3]_i_1/O
                         net (fo=1, routed)           0.049     3.566    u_hdmi_tx/i_wrap/Cnt[3]_i_1_n_0
    SLICE_X33Y4          FDRE                                         r  u_hdmi_tx/i_wrap/TMDS_0/i_Enc/Cnt_reg[3]/D
  -------------------------------------------------------------------    -------------------

                         (clock clk_25MHz_clk_wiz_0 rise edge)
                                                     40.000    40.000 r  
    D7                                                0.000    40.000 r  i_clk_100mhz_p (IN)
                         net (fo=0)                   0.079    40.079    u_clk_wiz_0/inst/clkin1_ibufds/I
    HPIOBDIFFINBUF_X0Y60 DIFFINBUF (Prop_DIFFINBUF_HPIOBDIFFINBUF_DIFF_IN_P_O)
                                                      0.519    40.598 r  u_clk_wiz_0/inst/clkin1_ibufds/DIFFINBUF_INST/O
                         net (fo=1, routed)           0.040    40.638    u_clk_wiz_0/inst/clkin1_ibufds/OUT
    D7                   IBUFCTRL (Prop_IBUFCTRL_HPIOB_M_I_O)
                                                      0.000    40.638 r  u_clk_wiz_0/inst/clkin1_ibufds/IBUFCTRL_INST/O
                         net (fo=1, routed)           0.333    40.971    u_clk_wiz_0/inst/clk_in1_clk_wiz_0
    MMCM_X0Y2            MMCME4_ADV (Prop_MMCM_CLKIN1_CLKOUT0)
                                                     -3.115    37.856 r  u_clk_wiz_0/inst/mmcme4_adv_inst/CLKOUT0
                         net (fo=1, routed)           0.215    38.071    u_clk_wiz_0/inst/clk_25MHz_clk_wiz_0
    BUFGCE_X0Y49         BUFGCE (Prop_BUFCE_BUFGCE_I_O)
                                                      0.024    38.095 r  u_clk_wiz_0/inst/clkout1_buf/O
    X1Y1 (CLOCK_ROOT)    net (fo=87, routed)          1.654    39.749    u_hdmi_tx/i_wrap/pxClk
    SLICE_X33Y4          FDRE                                         r  u_hdmi_tx/i_wrap/TMDS_0/i_Enc/Cnt_reg[3]/C
                         clock pessimism             -0.053    39.697    
                         clock uncertainty           -0.082    39.615    
    SLICE_X33Y4          FDRE (Setup_DFF_SLICEL_C_D)
                                                      0.025    39.640    u_hdmi_tx/i_wrap/TMDS_0/i_Enc/Cnt_reg[3]
  -------------------------------------------------------------------
                         required time                         39.640    
                         arrival time                          -3.566    
  -------------------------------------------------------------------
                         slack                                 36.074    

Slack (MET) :             36.317ns  (required time - arrival time)
  Source:                 u_hdmi_tx/i_wrap/TMDS_0/i_Enc/qD_reg[6]/C
                            (rising edge-triggered cell FDRE clocked by clk_25MHz_clk_wiz_0  {rise@0.000ns fall@20.000ns period=40.000ns})
  Destination:            u_hdmi_tx/i_wrap/TMDS_0/i_Enc/Cnt_reg[1]/D
                            (rising edge-triggered cell FDRE clocked by clk_25MHz_clk_wiz_0  {rise@0.000ns fall@20.000ns period=40.000ns})
  Path Group:             clk_25MHz_clk_wiz_0
  Path Type:              Setup (Max at Slow Process Corner)
  Requirement:            40.000ns  (clk_25MHz_clk_wiz_0 rise@40.000ns - clk_25MHz_clk_wiz_0 rise@0.000ns)
  Data Path Delay:        3.512ns  (logic 0.725ns (20.642%)  route 2.787ns (79.358%))
  Logic Levels:           6  (LUT2=1 LUT3=1 LUT5=1 LUT6=3)
  Clock Path Skew:        -0.114ns (DCD - SCD + CPR)
    Destination Clock Delay (DCD):    -0.246ns = ( 39.754 - 40.000 ) 
    Source Clock Delay      (SCD):    -0.185ns
    Clock Pessimism Removal (CPR):    -0.053ns
  Clock Uncertainty:      0.082ns  ((TSJ^2 + DJ^2)^1/2) / 2 + PE
    Total System Jitter     (TSJ):    0.071ns
    Discrete Jitter          (DJ):    0.148ns
    Phase Error              (PE):    0.000ns
  Clock Net Delay (Source):      1.903ns (routing 0.847ns, distribution 1.056ns)
  Clock Net Delay (Destination): 1.659ns (routing 0.770ns, distribution 0.889ns)

    Location             Delay type                Incr(ns)  Path(ns)    Netlist Resource(s)
  -------------------------------------------------------------------    -------------------
                         (clock clk_25MHz_clk_wiz_0 rise edge)
                                                      0.000     0.000 r  
    D7                                                0.000     0.000 r  i_clk_100mhz_p (IN)
                         net (fo=0)                   0.100     0.100    u_clk_wiz_0/inst/clkin1_ibufds/I
    HPIOBDIFFINBUF_X0Y60 DIFFINBUF (Prop_DIFFINBUF_HPIOBDIFFINBUF_DIFF_IN_P_O)
                                                      0.629     0.729 r  u_clk_wiz_0/inst/clkin1_ibufds/DIFFINBUF_INST/O
                         net (fo=1, routed)           0.050     0.779    u_clk_wiz_0/inst/clkin1_ibufds/OUT
    D7                   IBUFCTRL (Prop_IBUFCTRL_HPIOB_M_I_O)
                                                      0.000     0.779 r  u_clk_wiz_0/inst/clkin1_ibufds/IBUFCTRL_INST/O
                         net (fo=1, routed)           0.384     1.163    u_clk_wiz_0/inst/clk_in1_clk_wiz_0
    MMCM_X0Y2            MMCME4_ADV (Prop_MMCM_CLKIN1_CLKOUT0)
                                                     -3.524    -2.361 r  u_clk_wiz_0/inst/mmcme4_adv_inst/CLKOUT0
                         net (fo=1, routed)           0.245    -2.116    u_clk_wiz_0/inst/clk_25MHz_clk_wiz_0
    BUFGCE_X0Y49         BUFGCE (Prop_BUFCE_BUFGCE_I_O)
                                                      0.028    -2.088 r  u_clk_wiz_0/inst/clkout1_buf/O
    X1Y1 (CLOCK_ROOT)    net (fo=87, routed)          1.903    -0.185    u_hdmi_tx/i_wrap/pxClk
    SLICE_X37Y5          FDRE                                         r  u_hdmi_tx/i_wrap/TMDS_0/i_Enc/qD_reg[6]/C
  -------------------------------------------------------------------    -------------------
    SLICE_X37Y5          FDRE (Prop_AFF_SLICEM_C_Q)
                                                      0.077    -0.108 r  u_hdmi_tx/i_wrap/TMDS_0/i_Enc/qD_reg[6]/Q
                         net (fo=8, routed)           0.788     0.680    u_hdmi_tx/i_wrap/TMDS_0/i_Enc/p_10_in
    SLICE_X34Y6          LUT3 (Prop_D5LUT_SLICEM_I2_O)
                                                      0.110     0.790 f  u_hdmi_tx/i_wrap/g0_b2_i_4/O
                         net (fo=1, routed)           0.638     1.428    u_hdmi_tx/i_wrap/g0_b2_i_4_n_0
    SLICE_X36Y7          LUT6 (Prop_D6LUT_SLICEL_I5_O)
                                                      0.122     1.550 r  u_hdmi_tx/i_wrap/g0_b2_i_1/O
                         net (fo=21, routed)          0.681     2.232    u_hdmi_tx/i_wrap/g0_b2_i_1_n_0
    SLICE_X34Y5          LUT6 (Prop_G6LUT_SLICEM_I2_O)
                                                      0.150     2.382 r  u_hdmi_tx/i_wrap/Cnt[4]_i_13/O
                         net (fo=9, routed)           0.223     2.605    u_hdmi_tx/i_wrap/Cnt[4]_i_13_n_0
    SLICE_X33Y4          LUT2 (Prop_C6LUT_SLICEL_I1_O)
                                                      0.050     2.655 f  u_hdmi_tx/i_wrap/Cnt[4]_i_11/O
                         net (fo=5, routed)           0.222     2.876    u_hdmi_tx/i_wrap/Cnt[4]_i_11_n_0
    SLICE_X35Y4          LUT6 (Prop_H6LUT_SLICEL_I1_O)
                                                      0.150     3.026 r  u_hdmi_tx/i_wrap/Cnt[4]_i_6/O
                         net (fo=7, routed)           0.220     3.247    u_hdmi_tx/i_wrap/Cnt[4]_i_6_n_0
    SLICE_X35Y4          LUT5 (Prop_D5LUT_SLICEL_I2_O)
                                                      0.066     3.313 r  u_hdmi_tx/i_wrap/Cnt[1]_i_1/O
                         net (fo=1, routed)           0.015     3.328    u_hdmi_tx/i_wrap/Cnt[1]_i_1_n_0
    SLICE_X35Y4          FDRE                                         r  u_hdmi_tx/i_wrap/TMDS_0/i_Enc/Cnt_reg[1]/D
  -------------------------------------------------------------------    -------------------

                         (clock clk_25MHz_clk_wiz_0 rise edge)
                                                     40.000    40.000 r  
    D7                                                0.000    40.000 r  i_clk_100mhz_p (IN)
                         net (fo=0)                   0.079    40.079    u_clk_wiz_0/inst/clkin1_ibufds/I
    HPIOBDIFFINBUF_X0Y60 DIFFINBUF (Prop_DIFFINBUF_HPIOBDIFFINBUF_DIFF_IN_P_O)
                                                      0.519    40.598 r  u_clk_wiz_0/inst/clkin1_ibufds/DIFFINBUF_INST/O
                         net (fo=1, routed)           0.040    40.638    u_clk_wiz_0/inst/clkin1_ibufds/OUT
    D7                   IBUFCTRL (Prop_IBUFCTRL_HPIOB_M_I_O)
                                                      0.000    40.638 r  u_clk_wiz_0/inst/clkin1_ibufds/IBUFCTRL_INST/O
                         net (fo=1, routed)           0.333    40.971    u_clk_wiz_0/inst/clk_in1_clk_wiz_0
    MMCM_X0Y2            MMCME4_ADV (Prop_MMCM_CLKIN1_CLKOUT0)
                                                     -3.115    37.856 r  u_clk_wiz_0/inst/mmcme4_adv_inst/CLKOUT0
                         net (fo=1, routed)           0.215    38.071    u_clk_wiz_0/inst/clk_25MHz_clk_wiz_0
    BUFGCE_X0Y49         BUFGCE (Prop_BUFCE_BUFGCE_I_O)
                                                      0.024    38.095 r  u_clk_wiz_0/inst/clkout1_buf/O
    X1Y1 (CLOCK_ROOT)    net (fo=87, routed)          1.659    39.754    u_hdmi_tx/i_wrap/pxClk
    SLICE_X35Y4          FDRE                                         r  u_hdmi_tx/i_wrap/TMDS_0/i_Enc/Cnt_reg[1]/C
                         clock pessimism             -0.053    39.702    
                         clock uncertainty           -0.082    39.619    
    SLICE_X35Y4          FDRE (Setup_DFF2_SLICEL_C_D)
                                                      0.025    39.644    u_hdmi_tx/i_wrap/TMDS_0/i_Enc/Cnt_reg[1]
  -------------------------------------------------------------------
                         required time                         39.644    
                         arrival time                          -3.328    
  -------------------------------------------------------------------
                         slack                                 36.317    

Slack (MET) :             36.468ns  (required time - arrival time)
  Source:                 u_hdmi_tx/i_wrap/TMDS_2/i_Enc/qD_reg[0]/C
                            (rising edge-triggered cell FDRE clocked by clk_25MHz_clk_wiz_0  {rise@0.000ns fall@20.000ns period=40.000ns})
  Destination:            u_hdmi_tx/i_wrap/TMDS_2/i_Enc/Cnt_reg[2]/D
                            (rising edge-triggered cell FDRE clocked by clk_25MHz_clk_wiz_0  {rise@0.000ns fall@20.000ns period=40.000ns})
  Path Group:             clk_25MHz_clk_wiz_0
  Path Type:              Setup (Max at Slow Process Corner)
  Requirement:            40.000ns  (clk_25MHz_clk_wiz_0 rise@40.000ns - clk_25MHz_clk_wiz_0 rise@0.000ns)
  Data Path Delay:        3.397ns  (logic 0.521ns (15.337%)  route 2.876ns (84.663%))
  Logic Levels:           7  (LUT4=1 LUT5=1 LUT6=4 MUXF7=1)
  Clock Path Skew:        -0.078ns (DCD - SCD + CPR)
    Destination Clock Delay (DCD):    -0.183ns = ( 39.817 - 40.000 ) 
    Source Clock Delay      (SCD):    -0.158ns
    Clock Pessimism Removal (CPR):    -0.053ns
  Clock Uncertainty:      0.082ns  ((TSJ^2 + DJ^2)^1/2) / 2 + PE
    Total System Jitter     (TSJ):    0.071ns
    Discrete Jitter          (DJ):    0.148ns
    Phase Error              (PE):    0.000ns
  Clock Net Delay (Source):      1.930ns (routing 0.847ns, distribution 1.083ns)
  Clock Net Delay (Destination): 1.722ns (routing 0.770ns, distribution 0.952ns)

    Location             Delay type                Incr(ns)  Path(ns)    Netlist Resource(s)
  -------------------------------------------------------------------    -------------------
                         (clock clk_25MHz_clk_wiz_0 rise edge)
                                                      0.000     0.000 r  
    D7                                                0.000     0.000 r  i_clk_100mhz_p (IN)
                         net (fo=0)                   0.100     0.100    u_clk_wiz_0/inst/clkin1_ibufds/I
    HPIOBDIFFINBUF_X0Y60 DIFFINBUF (Prop_DIFFINBUF_HPIOBDIFFINBUF_DIFF_IN_P_O)
                                                      0.629     0.729 r  u_clk_wiz_0/inst/clkin1_ibufds/DIFFINBUF_INST/O
                         net (fo=1, routed)           0.050     0.779    u_clk_wiz_0/inst/clkin1_ibufds/OUT
    D7                   IBUFCTRL (Prop_IBUFCTRL_HPIOB_M_I_O)
                                                      0.000     0.779 r  u_clk_wiz_0/inst/clkin1_ibufds/IBUFCTRL_INST/O
                         net (fo=1, routed)           0.384     1.163    u_clk_wiz_0/inst/clk_in1_clk_wiz_0
    MMCM_X0Y2            MMCME4_ADV (Prop_MMCM_CLKIN1_CLKOUT0)
                                                     -3.524    -2.361 r  u_clk_wiz_0/inst/mmcme4_adv_inst/CLKOUT0
                         net (fo=1, routed)           0.245    -2.116    u_clk_wiz_0/inst/clk_25MHz_clk_wiz_0
    BUFGCE_X0Y49         BUFGCE (Prop_BUFCE_BUFGCE_I_O)
                                                      0.028    -2.088 r  u_clk_wiz_0/inst/clkout1_buf/O
    X1Y1 (CLOCK_ROOT)    net (fo=87, routed)          1.930    -0.158    u_hdmi_tx/i_wrap/pxClk
    SLICE_X38Y3          FDRE                                         r  u_hdmi_tx/i_wrap/TMDS_2/i_Enc/qD_reg[0]/C
  -------------------------------------------------------------------    -------------------
    SLICE_X38Y3          FDRE (Prop_DFF_SLICEL_C_Q)
                                                      0.079    -0.079 r  u_hdmi_tx/i_wrap/TMDS_2/i_Enc/qD_reg[0]/Q
                         net (fo=13, routed)          0.932     0.853    u_hdmi_tx/i_wrap/TMDS_2/i_Enc/qD_reg_n_0_[0]
    SLICE_X39Y2          LUT5 (Prop_B5LUT_SLICEM_I0_O)
                                                      0.072     0.925 r  u_hdmi_tx/i_wrap/g0_b2__1/O
                         net (fo=2, routed)           0.352     1.277    u_hdmi_tx/i_wrap/g0_b2__1_n_0
    SLICE_X39Y1          LUT6 (Prop_F6LUT_SLICEM_I0_O)
                                                      0.037     1.314 r  u_hdmi_tx/i_wrap/g0_b2_i_1__1/O
                         net (fo=23, routed)          0.339     1.653    u_hdmi_tx/i_wrap/g0_b2_i_1__1_n_0
    SLICE_X39Y2          LUT6 (Prop_H6LUT_SLICEM_I4_O)
                                                      0.039     1.692 r  u_hdmi_tx/i_wrap/g0_b1__4/O
                         net (fo=4, routed)           0.252     1.944    u_hdmi_tx/i_wrap/g0_b1__4_n_0
    SLICE_X40Y2          LUT6 (Prop_G6LUT_SLICEM_I0_O)
                                                      0.052     1.996 f  u_hdmi_tx/i_wrap/Cnt[4]_i_11__1/O
                         net (fo=8, routed)           0.374     2.370    u_hdmi_tx/i_wrap/Cnt[4]_i_11__1_n_0
    SLICE_X41Y1          LUT4 (Prop_C6LUT_SLICEL_I0_O)
                                                      0.123     2.493 r  u_hdmi_tx/i_wrap/Cnt[4]_i_4__1/O
                         net (fo=8, routed)           0.574     3.067    u_hdmi_tx/i_wrap/Cnt[4]_i_4__1_n_0
    SLICE_X40Y2          LUT6 (Prop_C6LUT_SLICEM_I0_O)
                                                      0.051     3.118 r  u_hdmi_tx/i_wrap/Cnt[2]_i_3__1/O
                         net (fo=1, routed)           0.021     3.139    u_hdmi_tx/i_wrap/Cnt[2]_i_3__1_n_0
    SLICE_X40Y2          MUXF7 (Prop_F7MUX_CD_SLICEM_I1_O)
                                                      0.068     3.207 r  u_hdmi_tx/i_wrap/Cnt_reg[2]_i_1__0/O
                         net (fo=1, routed)           0.032     3.239    u_hdmi_tx/i_wrap/Cnt_reg[2]_i_1__0_n_0
    SLICE_X40Y2          FDRE                                         r  u_hdmi_tx/i_wrap/TMDS_2/i_Enc/Cnt_reg[2]/D
  -------------------------------------------------------------------    -------------------

                         (clock clk_25MHz_clk_wiz_0 rise edge)
                                                     40.000    40.000 r  
    D7                                                0.000    40.000 r  i_clk_100mhz_p (IN)
                         net (fo=0)                   0.079    40.079    u_clk_wiz_0/inst/clkin1_ibufds/I
    HPIOBDIFFINBUF_X0Y60 DIFFINBUF (Prop_DIFFINBUF_HPIOBDIFFINBUF_DIFF_IN_P_O)
                                                      0.519    40.598 r  u_clk_wiz_0/inst/clkin1_ibufds/DIFFINBUF_INST/O
                         net (fo=1, routed)           0.040    40.638    u_clk_wiz_0/inst/clkin1_ibufds/OUT
    D7                   IBUFCTRL (Prop_IBUFCTRL_HPIOB_M_I_O)
                                                      0.000    40.638 r  u_clk_wiz_0/inst/clkin1_ibufds/IBUFCTRL_INST/O
                         net (fo=1, routed)           0.333    40.971    u_clk_wiz_0/inst/clk_in1_clk_wiz_0
    MMCM_X0Y2            MMCME4_ADV (Prop_MMCM_CLKIN1_CLKOUT0)
                                                     -3.115    37.856 r  u_clk_wiz_0/inst/mmcme4_adv_inst/CLKOUT0
                         net (fo=1, routed)           0.215    38.071    u_clk_wiz_0/inst/clk_25MHz_clk_wiz_0
    BUFGCE_X0Y49         BUFGCE (Prop_BUFCE_BUFGCE_I_O)
                                                      0.024    38.095 r  u_clk_wiz_0/inst/clkout1_buf/O
    X1Y1 (CLOCK_ROOT)    net (fo=87, routed)          1.722    39.817    u_hdmi_tx/i_wrap/pxClk
    SLICE_X40Y2          FDRE                                         r  u_hdmi_tx/i_wrap/TMDS_2/i_Enc/Cnt_reg[2]/C
                         clock pessimism             -0.053    39.764    
                         clock uncertainty           -0.082    39.682    
    SLICE_X40Y2          FDRE (Setup_DFF_SLICEM_C_D)
                                                      0.025    39.707    u_hdmi_tx/i_wrap/TMDS_2/i_Enc/Cnt_reg[2]
  -------------------------------------------------------------------
                         required time                         39.707    
                         arrival time                          -3.239    
  -------------------------------------------------------------------
                         slack                                 36.468    

Slack (MET) :             36.483ns  (required time - arrival time)
  Source:                 u_hdmi_tx/i_wrap/TMDS_1/i_Enc/qD_reg[2]/C
                            (rising edge-triggered cell FDRE clocked by clk_25MHz_clk_wiz_0  {rise@0.000ns fall@20.000ns period=40.000ns})
  Destination:            u_hdmi_tx/i_wrap/TMDS_1/i_Enc/Cnt_reg[2]/D
                            (rising edge-triggered cell FDRE clocked by clk_25MHz_clk_wiz_0  {rise@0.000ns fall@20.000ns period=40.000ns})
  Path Group:             clk_25MHz_clk_wiz_0
  Path Type:              Setup (Max at Slow Process Corner)
  Requirement:            40.000ns  (clk_25MHz_clk_wiz_0 rise@40.000ns - clk_25MHz_clk_wiz_0 rise@0.000ns)
  Data Path Delay:        3.369ns  (logic 0.743ns (22.055%)  route 2.626ns (77.945%))
  Logic Levels:           7  (LUT5=2 LUT6=4 MUXF7=1)
  Clock Path Skew:        -0.091ns (DCD - SCD + CPR)
    Destination Clock Delay (DCD):    -0.233ns = ( 39.767 - 40.000 ) 
    Source Clock Delay      (SCD):    -0.195ns
    Clock Pessimism Removal (CPR):    -0.053ns
  Clock Uncertainty:      0.082ns  ((TSJ^2 + DJ^2)^1/2) / 2 + PE
    Total System Jitter     (TSJ):    0.071ns
    Discrete Jitter          (DJ):    0.148ns
    Phase Error              (PE):    0.000ns
  Clock Net Delay (Source):      1.893ns (routing 0.847ns, distribution 1.046ns)
  Clock Net Delay (Destination): 1.672ns (routing 0.770ns, distribution 0.902ns)

    Location             Delay type                Incr(ns)  Path(ns)    Netlist Resource(s)
  -------------------------------------------------------------------    -------------------
                         (clock clk_25MHz_clk_wiz_0 rise edge)
                                                      0.000     0.000 r  
    D7                                                0.000     0.000 r  i_clk_100mhz_p (IN)
                         net (fo=0)                   0.100     0.100    u_clk_wiz_0/inst/clkin1_ibufds/I
    HPIOBDIFFINBUF_X0Y60 DIFFINBUF (Prop_DIFFINBUF_HPIOBDIFFINBUF_DIFF_IN_P_O)
                                                      0.629     0.729 r  u_clk_wiz_0/inst/clkin1_ibufds/DIFFINBUF_INST/O
                         net (fo=1, routed)           0.050     0.779    u_clk_wiz_0/inst/clkin1_ibufds/OUT
    D7                   IBUFCTRL (Prop_IBUFCTRL_HPIOB_M_I_O)
                                                      0.000     0.779 r  u_clk_wiz_0/inst/clkin1_ibufds/IBUFCTRL_INST/O
                         net (fo=1, routed)           0.384     1.163    u_clk_wiz_0/inst/clk_in1_clk_wiz_0
    MMCM_X0Y2            MMCME4_ADV (Prop_MMCM_CLKIN1_CLKOUT0)
                                                     -3.524    -2.361 r  u_clk_wiz_0/inst/mmcme4_adv_inst/CLKOUT0
                         net (fo=1, routed)           0.245    -2.116    u_clk_wiz_0/inst/clk_25MHz_clk_wiz_0
    BUFGCE_X0Y49         BUFGCE (Prop_BUFCE_BUFGCE_I_O)
                                                      0.028    -2.088 r  u_clk_wiz_0/inst/clkout1_buf/O
    X1Y1 (CLOCK_ROOT)    net (fo=87, routed)          1.893    -0.195    u_hdmi_tx/i_wrap/pxClk
    SLICE_X37Y4          FDRE                                         r  u_hdmi_tx/i_wrap/TMDS_1/i_Enc/qD_reg[2]/C
  -------------------------------------------------------------------    -------------------
    SLICE_X37Y4          FDRE (Prop_DFF_SLICEM_C_Q)
                                                      0.078    -0.117 r  u_hdmi_tx/i_wrap/TMDS_1/i_Enc/qD_reg[2]/Q
                         net (fo=8, routed)           0.744     0.627    u_hdmi_tx/i_wrap/TMDS_1/i_Enc/p_2_in
    SLICE_X36Y5          LUT5 (Prop_D5LUT_SLICEL_I2_O)
                                                      0.066     0.693 r  u_hdmi_tx/i_wrap/g0_b1__0/O
                         net (fo=2, routed)           0.411     1.104    u_hdmi_tx/i_wrap/g0_b1__0_n_0
    SLICE_X36Y5          LUT6 (Prop_G6LUT_SLICEL_I5_O)
                                                      0.097     1.201 r  u_hdmi_tx/i_wrap/g0_b2_i_3__0/O
                         net (fo=1, routed)           0.195     1.396    u_hdmi_tx/i_wrap/g0_b2_i_3__0_n_0
    SLICE_X36Y5          LUT6 (Prop_H6LUT_SLICEL_I0_O)
                                                      0.036     1.432 r  u_hdmi_tx/i_wrap/g0_b2_i_1__0/O
                         net (fo=22, routed)          0.266     1.698    u_hdmi_tx/i_wrap/g0_b2_i_1__0_n_0
    SLICE_X37Y3          LUT6 (Prop_H6LUT_SLICEM_I4_O)
                                                      0.090     1.788 r  u_hdmi_tx/i_wrap/g0_b1__3/O
                         net (fo=2, routed)           0.181     1.970    u_hdmi_tx/i_wrap/g0_b1__3_n_0
    SLICE_X36Y3          LUT6 (Prop_F6LUT_SLICEL_I0_O)
                                                      0.148     2.118 r  u_hdmi_tx/i_wrap/Cnt[4]_i_13__0/O
                         net (fo=9, routed)           0.356     2.474    u_hdmi_tx/i_wrap/Cnt[4]_i_13__0_n_0
    SLICE_X35Y3          LUT5 (Prop_C5LUT_SLICEL_I3_O)
                                                      0.158     2.632 r  u_hdmi_tx/i_wrap/Cnt[4]_i_5__0/O
                         net (fo=8, routed)           0.441     3.073    u_hdmi_tx/i_wrap/Cnt[4]_i_5__0_n_0
    SLICE_X36Y2          MUXF7 (Prop_F7MUX_CD_SLICEL_S_O)
                                                      0.070     3.143 r  u_hdmi_tx/i_wrap/Cnt_reg[2]_i_1/O
                         net (fo=1, routed)           0.031     3.174    u_hdmi_tx/i_wrap/Cnt_reg[2]_i_1_n_0
    SLICE_X36Y2          FDRE                                         r  u_hdmi_tx/i_wrap/TMDS_1/i_Enc/Cnt_reg[2]/D
  -------------------------------------------------------------------    -------------------

                         (clock clk_25MHz_clk_wiz_0 rise edge)
                                                     40.000    40.000 r  
    D7                                                0.000    40.000 r  i_clk_100mhz_p (IN)
                         net (fo=0)                   0.079    40.079    u_clk_wiz_0/inst/clkin1_ibufds/I
    HPIOBDIFFINBUF_X0Y60 DIFFINBUF (Prop_DIFFINBUF_HPIOBDIFFINBUF_DIFF_IN_P_O)
                                                      0.519    40.598 r  u_clk_wiz_0/inst/clkin1_ibufds/DIFFINBUF_INST/O
                         net (fo=1, routed)           0.040    40.638    u_clk_wiz_0/inst/clkin1_ibufds/OUT
    D7                   IBUFCTRL (Prop_IBUFCTRL_HPIOB_M_I_O)
                                                      0.000    40.638 r  u_clk_wiz_0/inst/clkin1_ibufds/IBUFCTRL_INST/O
                         net (fo=1, routed)           0.333    40.971    u_clk_wiz_0/inst/clk_in1_clk_wiz_0
    MMCM_X0Y2            MMCME4_ADV (Prop_MMCM_CLKIN1_CLKOUT0)
                                                     -3.115    37.856 r  u_clk_wiz_0/inst/mmcme4_adv_inst/CLKOUT0
                         net (fo=1, routed)           0.215    38.071    u_clk_wiz_0/inst/clk_25MHz_clk_wiz_0
    BUFGCE_X0Y49         BUFGCE (Prop_BUFCE_BUFGCE_I_O)
                                                      0.024    38.095 r  u_clk_wiz_0/inst/clkout1_buf/O
    X1Y1 (CLOCK_ROOT)    net (fo=87, routed)          1.672    39.767    u_hdmi_tx/i_wrap/pxClk
    SLICE_X36Y2          FDRE                                         r  u_hdmi_tx/i_wrap/TMDS_1/i_Enc/Cnt_reg[2]/C
                         clock pessimism             -0.053    39.714    
                         clock uncertainty           -0.082    39.632    
    SLICE_X36Y2          FDRE (Setup_DFF_SLICEL_C_D)
                                                      0.025    39.657    u_hdmi_tx/i_wrap/TMDS_1/i_Enc/Cnt_reg[2]
  -------------------------------------------------------------------
                         required time                         39.657    
                         arrival time                          -3.174    
  -------------------------------------------------------------------
                         slack                                 36.483    

Slack (MET) :             36.502ns  (required time - arrival time)
  Source:                 u_hdmi_tx/i_wrap/TMDS_1/i_Enc/qD_reg[2]/C
                            (rising edge-triggered cell FDRE clocked by clk_25MHz_clk_wiz_0  {rise@0.000ns fall@20.000ns period=40.000ns})
  Destination:            u_hdmi_tx/i_wrap/TMDS_1/i_Enc/Cnt_reg[1]/D
                            (rising edge-triggered cell FDRE clocked by clk_25MHz_clk_wiz_0  {rise@0.000ns fall@20.000ns period=40.000ns})
  Path Group:             clk_25MHz_clk_wiz_0
  Path Type:              Setup (Max at Slow Process Corner)
  Requirement:            40.000ns  (clk_25MHz_clk_wiz_0 rise@40.000ns - clk_25MHz_clk_wiz_0 rise@0.000ns)
  Data Path Delay:        3.350ns  (logic 0.771ns (23.016%)  route 2.579ns (76.984%))
  Logic Levels:           7  (LUT5=3 LUT6=4)
  Clock Path Skew:        -0.091ns (DCD - SCD + CPR)
    Destination Clock Delay (DCD):    -0.233ns = ( 39.767 - 40.000 ) 
    Source Clock Delay      (SCD):    -0.195ns
    Clock Pessimism Removal (CPR):    -0.053ns
  Clock Uncertainty:      0.082ns  ((TSJ^2 + DJ^2)^1/2) / 2 + PE
    Total System Jitter     (TSJ):    0.071ns
    Discrete Jitter          (DJ):    0.148ns
    Phase Error              (PE):    0.000ns
  Clock Net Delay (Source):      1.893ns (routing 0.847ns, distribution 1.046ns)
  Clock Net Delay (Destination): 1.672ns (routing 0.770ns, distribution 0.902ns)

    Location             Delay type                Incr(ns)  Path(ns)    Netlist Resource(s)
  -------------------------------------------------------------------    -------------------
                         (clock clk_25MHz_clk_wiz_0 rise edge)
                                                      0.000     0.000 r  
    D7                                                0.000     0.000 r  i_clk_100mhz_p (IN)
                         net (fo=0)                   0.100     0.100    u_clk_wiz_0/inst/clkin1_ibufds/I
    HPIOBDIFFINBUF_X0Y60 DIFFINBUF (Prop_DIFFINBUF_HPIOBDIFFINBUF_DIFF_IN_P_O)
                                                      0.629     0.729 r  u_clk_wiz_0/inst/clkin1_ibufds/DIFFINBUF_INST/O
                         net (fo=1, routed)           0.050     0.779    u_clk_wiz_0/inst/clkin1_ibufds/OUT
    D7                   IBUFCTRL (Prop_IBUFCTRL_HPIOB_M_I_O)
                                                      0.000     0.779 r  u_clk_wiz_0/inst/clkin1_ibufds/IBUFCTRL_INST/O
                         net (fo=1, routed)           0.384     1.163    u_clk_wiz_0/inst/clk_in1_clk_wiz_0
    MMCM_X0Y2            MMCME4_ADV (Prop_MMCM_CLKIN1_CLKOUT0)
                                                     -3.524    -2.361 r  u_clk_wiz_0/inst/mmcme4_adv_inst/CLKOUT0
                         net (fo=1, routed)           0.245    -2.116    u_clk_wiz_0/inst/clk_25MHz_clk_wiz_0
    BUFGCE_X0Y49         BUFGCE (Prop_BUFCE_BUFGCE_I_O)
                                                      0.028    -2.088 r  u_clk_wiz_0/inst/clkout1_buf/O
    X1Y1 (CLOCK_ROOT)    net (fo=87, routed)          1.893    -0.195    u_hdmi_tx/i_wrap/pxClk
    SLICE_X37Y4          FDRE                                         r  u_hdmi_tx/i_wrap/TMDS_1/i_Enc/qD_reg[2]/C
  -------------------------------------------------------------------    -------------------
    SLICE_X37Y4          FDRE (Prop_DFF_SLICEM_C_Q)
                                                      0.078    -0.117 r  u_hdmi_tx/i_wrap/TMDS_1/i_Enc/qD_reg[2]/Q
                         net (fo=8, routed)           0.744     0.627    u_hdmi_tx/i_wrap/TMDS_1/i_Enc/p_2_in
    SLICE_X36Y5          LUT5 (Prop_D5LUT_SLICEL_I2_O)
                                                      0.066     0.693 r  u_hdmi_tx/i_wrap/g0_b1__0/O
                         net (fo=2, routed)           0.411     1.104    u_hdmi_tx/i_wrap/g0_b1__0_n_0
    SLICE_X36Y5          LUT6 (Prop_G6LUT_SLICEL_I5_O)
                                                      0.097     1.201 r  u_hdmi_tx/i_wrap/g0_b2_i_3__0/O
                         net (fo=1, routed)           0.195     1.396    u_hdmi_tx/i_wrap/g0_b2_i_3__0_n_0
    SLICE_X36Y5          LUT6 (Prop_H6LUT_SLICEL_I0_O)
                                                      0.036     1.432 r  u_hdmi_tx/i_wrap/g0_b2_i_1__0/O
                         net (fo=22, routed)          0.266     1.698    u_hdmi_tx/i_wrap/g0_b2_i_1__0_n_0
    SLICE_X37Y3          LUT6 (Prop_H6LUT_SLICEM_I4_O)
                                                      0.090     1.788 r  u_hdmi_tx/i_wrap/g0_b1__3/O
                         net (fo=2, routed)           0.181     1.970    u_hdmi_tx/i_wrap/g0_b1__3_n_0
    SLICE_X36Y3          LUT6 (Prop_F6LUT_SLICEL_I0_O)
                                                      0.148     2.118 r  u_hdmi_tx/i_wrap/Cnt[4]_i_13__0/O
                         net (fo=9, routed)           0.356     2.474    u_hdmi_tx/i_wrap/Cnt[4]_i_13__0_n_0
    SLICE_X35Y3          LUT5 (Prop_C5LUT_SLICEL_I3_O)
                                                      0.158     2.632 r  u_hdmi_tx/i_wrap/Cnt[4]_i_5__0/O
                         net (fo=8, routed)           0.376     3.008    u_hdmi_tx/i_wrap/Cnt[4]_i_5__0_n_0
    SLICE_X36Y2          LUT5 (Prop_B6LUT_SLICEL_I2_O)
                                                      0.098     3.106 r  u_hdmi_tx/i_wrap/Cnt[1]_i_1__0/O
                         net (fo=1, routed)           0.049     3.155    u_hdmi_tx/i_wrap/Cnt[1]_i_1__0_n_0
    SLICE_X36Y2          FDRE                                         r  u_hdmi_tx/i_wrap/TMDS_1/i_Enc/Cnt_reg[1]/D
  -------------------------------------------------------------------    -------------------

                         (clock clk_25MHz_clk_wiz_0 rise edge)
                                                     40.000    40.000 r  
    D7                                                0.000    40.000 r  i_clk_100mhz_p (IN)
                         net (fo=0)                   0.079    40.079    u_clk_wiz_0/inst/clkin1_ibufds/I
    HPIOBDIFFINBUF_X0Y60 DIFFINBUF (Prop_DIFFINBUF_HPIOBDIFFINBUF_DIFF_IN_P_O)
                                                      0.519    40.598 r  u_clk_wiz_0/inst/clkin1_ibufds/DIFFINBUF_INST/O
                         net (fo=1, routed)           0.040    40.638    u_clk_wiz_0/inst/clkin1_ibufds/OUT
    D7                   IBUFCTRL (Prop_IBUFCTRL_HPIOB_M_I_O)
                                                      0.000    40.638 r  u_clk_wiz_0/inst/clkin1_ibufds/IBUFCTRL_INST/O
                         net (fo=1, routed)           0.333    40.971    u_clk_wiz_0/inst/clk_in1_clk_wiz_0
    MMCM_X0Y2            MMCME4_ADV (Prop_MMCM_CLKIN1_CLKOUT0)
                                                     -3.115    37.856 r  u_clk_wiz_0/inst/mmcme4_adv_inst/CLKOUT0
                         net (fo=1, routed)           0.215    38.071    u_clk_wiz_0/inst/clk_25MHz_clk_wiz_0
    BUFGCE_X0Y49         BUFGCE (Prop_BUFCE_BUFGCE_I_O)
                                                      0.024    38.095 r  u_clk_wiz_0/inst/clkout1_buf/O
    X1Y1 (CLOCK_ROOT)    net (fo=87, routed)          1.672    39.767    u_hdmi_tx/i_wrap/pxClk
    SLICE_X36Y2          FDRE                                         r  u_hdmi_tx/i_wrap/TMDS_1/i_Enc/Cnt_reg[1]/C
                         clock pessimism             -0.053    39.714    
                         clock uncertainty           -0.082    39.632    
    SLICE_X36Y2          FDRE (Setup_BFF_SLICEL_C_D)
                                                      0.025    39.657    u_hdmi_tx/i_wrap/TMDS_1/i_Enc/Cnt_reg[1]
  -------------------------------------------------------------------
                         required time                         39.657    
                         arrival time                          -3.155    
  -------------------------------------------------------------------
                         slack                                 36.502    

Slack (MET) :             36.521ns  (required time - arrival time)
  Source:                 u_hdmi_tx/i_wrap/TMDS_1/i_Enc/qD_reg[2]/C
                            (rising edge-triggered cell FDRE clocked by clk_25MHz_clk_wiz_0  {rise@0.000ns fall@20.000ns period=40.000ns})
  Destination:            u_hdmi_tx/i_wrap/TMDS_1/i_Enc/Cnt_reg[4]/D
                            (rising edge-triggered cell FDRE clocked by clk_25MHz_clk_wiz_0  {rise@0.000ns fall@20.000ns period=40.000ns})
  Path Group:             clk_25MHz_clk_wiz_0
  Path Type:              Setup (Max at Slow Process Corner)
  Requirement:            40.000ns  (clk_25MHz_clk_wiz_0 rise@40.000ns - clk_25MHz_clk_wiz_0 rise@0.000ns)
  Data Path Delay:        3.323ns  (logic 0.783ns (23.564%)  route 2.540ns (76.436%))
  Logic Levels:           8  (LUT4=1 LUT5=1 LUT6=6)
  Clock Path Skew:        -0.099ns (DCD - SCD + CPR)
    Destination Clock Delay (DCD):    -0.241ns = ( 39.759 - 40.000 ) 
    Source Clock Delay      (SCD):    -0.195ns
    Clock Pessimism Removal (CPR):    -0.053ns
  Clock Uncertainty:      0.082ns  ((TSJ^2 + DJ^2)^1/2) / 2 + PE
    Total System Jitter     (TSJ):    0.071ns
    Discrete Jitter          (DJ):    0.148ns
    Phase Error              (PE):    0.000ns
  Clock Net Delay (Source):      1.893ns (routing 0.847ns, distribution 1.046ns)
  Clock Net Delay (Destination): 1.664ns (routing 0.770ns, distribution 0.894ns)

    Location             Delay type                Incr(ns)  Path(ns)    Netlist Resource(s)
  -------------------------------------------------------------------    -------------------
                         (clock clk_25MHz_clk_wiz_0 rise edge)
                                                      0.000     0.000 r  
    D7                                                0.000     0.000 r  i_clk_100mhz_p (IN)
                         net (fo=0)                   0.100     0.100    u_clk_wiz_0/inst/clkin1_ibufds/I
    HPIOBDIFFINBUF_X0Y60 DIFFINBUF (Prop_DIFFINBUF_HPIOBDIFFINBUF_DIFF_IN_P_O)
                                                      0.629     0.729 r  u_clk_wiz_0/inst/clkin1_ibufds/DIFFINBUF_INST/O
                         net (fo=1, routed)           0.050     0.779    u_clk_wiz_0/inst/clkin1_ibufds/OUT
    D7                   IBUFCTRL (Prop_IBUFCTRL_HPIOB_M_I_O)
                                                      0.000     0.779 r  u_clk_wiz_0/inst/clkin1_ibufds/IBUFCTRL_INST/O
                         net (fo=1, routed)           0.384     1.163    u_clk_wiz_0/inst/clk_in1_clk_wiz_0
    MMCM_X0Y2            MMCME4_ADV (Prop_MMCM_CLKIN1_CLKOUT0)
                                                     -3.524    -2.361 r  u_clk_wiz_0/inst/mmcme4_adv_inst/CLKOUT0
                         net (fo=1, routed)           0.245    -2.116    u_clk_wiz_0/inst/clk_25MHz_clk_wiz_0
    BUFGCE_X0Y49         BUFGCE (Prop_BUFCE_BUFGCE_I_O)
                                                      0.028    -2.088 r  u_clk_wiz_0/inst/clkout1_buf/O
    X1Y1 (CLOCK_ROOT)    net (fo=87, routed)          1.893    -0.195    u_hdmi_tx/i_wrap/pxClk
    SLICE_X37Y4          FDRE                                         r  u_hdmi_tx/i_wrap/TMDS_1/i_Enc/qD_reg[2]/C
  -------------------------------------------------------------------    -------------------
    SLICE_X37Y4          FDRE (Prop_DFF_SLICEM_C_Q)
                                                      0.078    -0.117 r  u_hdmi_tx/i_wrap/TMDS_1/i_Enc/qD_reg[2]/Q
                         net (fo=8, routed)           0.744     0.627    u_hdmi_tx/i_wrap/TMDS_1/i_Enc/p_2_in
    SLICE_X36Y5          LUT5 (Prop_D5LUT_SLICEL_I2_O)
                                                      0.066     0.693 r  u_hdmi_tx/i_wrap/g0_b1__0/O
                         net (fo=2, routed)           0.411     1.104    u_hdmi_tx/i_wrap/g0_b1__0_n_0
    SLICE_X36Y5          LUT6 (Prop_G6LUT_SLICEL_I5_O)
                                                      0.097     1.201 r  u_hdmi_tx/i_wrap/g0_b2_i_3__0/O
                         net (fo=1, routed)           0.195     1.396    u_hdmi_tx/i_wrap/g0_b2_i_3__0_n_0
    SLICE_X36Y5          LUT6 (Prop_H6LUT_SLICEL_I0_O)
                                                      0.036     1.432 r  u_hdmi_tx/i_wrap/g0_b2_i_1__0/O
                         net (fo=22, routed)          0.266     1.698    u_hdmi_tx/i_wrap/g0_b2_i_1__0_n_0
    SLICE_X37Y3          LUT6 (Prop_H6LUT_SLICEM_I4_O)
                                                      0.090     1.788 r  u_hdmi_tx/i_wrap/g0_b1__3/O
                         net (fo=2, routed)           0.333     2.121    u_hdmi_tx/i_wrap/g0_b1__3_n_0
    SLICE_X36Y3          LUT6 (Prop_G6LUT_SLICEL_I5_O)
                                                      0.050     2.171 r  u_hdmi_tx/i_wrap/Cnt[4]_i_12__0/O
                         net (fo=14, routed)          0.311     2.482    u_hdmi_tx/i_wrap/Cnt[4]_i_12__0_n_0
    SLICE_X35Y3          LUT4 (Prop_D6LUT_SLICEL_I1_O)
                                                      0.146     2.628 r  u_hdmi_tx/i_wrap/Cnt[4]_i_10/O
                         net (fo=1, routed)           0.143     2.771    u_hdmi_tx/i_wrap/Cnt[4]_i_10_n_0
    SLICE_X35Y2          LUT6 (Prop_H6LUT_SLICEL_I2_O)
                                                      0.124     2.895 r  u_hdmi_tx/i_wrap/Cnt[4]_i_2__0/O
                         net (fo=1, routed)           0.087     2.982    u_hdmi_tx/i_wrap/Cnt[4]_i_2__0_n_0
    SLICE_X35Y2          LUT6 (Prop_C6LUT_SLICEL_I0_O)
                                                      0.096     3.078 r  u_hdmi_tx/i_wrap/Cnt[4]_i_1__0/O
                         net (fo=1, routed)           0.050     3.128    u_hdmi_tx/i_wrap/Cnt[4]_i_1__0_n_0
    SLICE_X35Y2          FDRE                                         r  u_hdmi_tx/i_wrap/TMDS_1/i_Enc/Cnt_reg[4]/D
  -------------------------------------------------------------------    -------------------

                         (clock clk_25MHz_clk_wiz_0 rise edge)
                                                     40.000    40.000 r  
    D7                                                0.000    40.000 r  i_clk_100mhz_p (IN)
                         net (fo=0)                   0.079    40.079    u_clk_wiz_0/inst/clkin1_ibufds/I
    HPIOBDIFFINBUF_X0Y60 DIFFINBUF (Prop_DIFFINBUF_HPIOBDIFFINBUF_DIFF_IN_P_O)
                                                      0.519    40.598 r  u_clk_wiz_0/inst/clkin1_ibufds/DIFFINBUF_INST/O
                         net (fo=1, routed)           0.040    40.638    u_clk_wiz_0/inst/clkin1_ibufds/OUT
    D7                   IBUFCTRL (Prop_IBUFCTRL_HPIOB_M_I_O)
                                                      0.000    40.638 r  u_clk_wiz_0/inst/clkin1_ibufds/IBUFCTRL_INST/O
                         net (fo=1, routed)           0.333    40.971    u_clk_wiz_0/inst/clk_in1_clk_wiz_0
    MMCM_X0Y2            MMCME4_ADV (Prop_MMCM_CLKIN1_CLKOUT0)
                                                     -3.115    37.856 r  u_clk_wiz_0/inst/mmcme4_adv_inst/CLKOUT0
                         net (fo=1, routed)           0.215    38.071    u_clk_wiz_0/inst/clk_25MHz_clk_wiz_0
    BUFGCE_X0Y49         BUFGCE (Prop_BUFCE_BUFGCE_I_O)
                                                      0.024    38.095 r  u_clk_wiz_0/inst/clkout1_buf/O
    X1Y1 (CLOCK_ROOT)    net (fo=87, routed)          1.664    39.759    u_hdmi_tx/i_wrap/pxClk
    SLICE_X35Y2          FDRE                                         r  u_hdmi_tx/i_wrap/TMDS_1/i_Enc/Cnt_reg[4]/C
                         clock pessimism             -0.053    39.706    
                         clock uncertainty           -0.082    39.624    
    SLICE_X35Y2          FDRE (Setup_CFF_SLICEL_C_D)
                                                      0.025    39.649    u_hdmi_tx/i_wrap/TMDS_1/i_Enc/Cnt_reg[4]
  -------------------------------------------------------------------
                         required time                         39.649    
                         arrival time                          -3.128    
  -------------------------------------------------------------------
                         slack                                 36.521    

Slack (MET) :             36.527ns  (required time - arrival time)
  Source:                 u_hdmi_tx/i_wrap/TMDS_2/i_Enc/qD_reg[0]/C
                            (rising edge-triggered cell FDRE clocked by clk_25MHz_clk_wiz_0  {rise@0.000ns fall@20.000ns period=40.000ns})
  Destination:            u_hdmi_tx/i_wrap/TMDS_2/i_Enc/Cnt_reg[1]/D
                            (rising edge-triggered cell FDRE clocked by clk_25MHz_clk_wiz_0  {rise@0.000ns fall@20.000ns period=40.000ns})
  Path Group:             clk_25MHz_clk_wiz_0
  Path Type:              Setup (Max at Slow Process Corner)
  Requirement:            40.000ns  (clk_25MHz_clk_wiz_0 rise@40.000ns - clk_25MHz_clk_wiz_0 rise@0.000ns)
  Data Path Delay:        3.338ns  (logic 0.502ns (15.039%)  route 2.836ns (84.961%))
  Logic Levels:           6  (LUT4=1 LUT5=2 LUT6=3)
  Clock Path Skew:        -0.078ns (DCD - SCD + CPR)
    Destination Clock Delay (DCD):    -0.183ns = ( 39.817 - 40.000 ) 
    Source Clock Delay      (SCD):    -0.158ns
    Clock Pessimism Removal (CPR):    -0.053ns
  Clock Uncertainty:      0.082ns  ((TSJ^2 + DJ^2)^1/2) / 2 + PE
    Total System Jitter     (TSJ):    0.071ns
    Discrete Jitter          (DJ):    0.148ns
    Phase Error              (PE):    0.000ns
  Clock Net Delay (Source):      1.930ns (routing 0.847ns, distribution 1.083ns)
  Clock Net Delay (Destination): 1.722ns (routing 0.770ns, distribution 0.952ns)

    Location             Delay type                Incr(ns)  Path(ns)    Netlist Resource(s)
  -------------------------------------------------------------------    -------------------
                         (clock clk_25MHz_clk_wiz_0 rise edge)
                                                      0.000     0.000 r  
    D7                                                0.000     0.000 r  i_clk_100mhz_p (IN)
                         net (fo=0)                   0.100     0.100    u_clk_wiz_0/inst/clkin1_ibufds/I
    HPIOBDIFFINBUF_X0Y60 DIFFINBUF (Prop_DIFFINBUF_HPIOBDIFFINBUF_DIFF_IN_P_O)
                                                      0.629     0.729 r  u_clk_wiz_0/inst/clkin1_ibufds/DIFFINBUF_INST/O
                         net (fo=1, routed)           0.050     0.779    u_clk_wiz_0/inst/clkin1_ibufds/OUT
    D7                   IBUFCTRL (Prop_IBUFCTRL_HPIOB_M_I_O)
                                                      0.000     0.779 r  u_clk_wiz_0/inst/clkin1_ibufds/IBUFCTRL_INST/O
                         net (fo=1, routed)           0.384     1.163    u_clk_wiz_0/inst/clk_in1_clk_wiz_0
    MMCM_X0Y2            MMCME4_ADV (Prop_MMCM_CLKIN1_CLKOUT0)
                                                     -3.524    -2.361 r  u_clk_wiz_0/inst/mmcme4_adv_inst/CLKOUT0
                         net (fo=1, routed)           0.245    -2.116    u_clk_wiz_0/inst/clk_25MHz_clk_wiz_0
    BUFGCE_X0Y49         BUFGCE (Prop_BUFCE_BUFGCE_I_O)
                                                      0.028    -2.088 r  u_clk_wiz_0/inst/clkout1_buf/O
    X1Y1 (CLOCK_ROOT)    net (fo=87, routed)          1.930    -0.158    u_hdmi_tx/i_wrap/pxClk
    SLICE_X38Y3          FDRE                                         r  u_hdmi_tx/i_wrap/TMDS_2/i_Enc/qD_reg[0]/C
  -------------------------------------------------------------------    -------------------
    SLICE_X38Y3          FDRE (Prop_DFF_SLICEL_C_Q)
                                                      0.079    -0.079 r  u_hdmi_tx/i_wrap/TMDS_2/i_Enc/qD_reg[0]/Q
                         net (fo=13, routed)          0.932     0.853    u_hdmi_tx/i_wrap/TMDS_2/i_Enc/qD_reg_n_0_[0]
    SLICE_X39Y2          LUT5 (Prop_B5LUT_SLICEM_I0_O)
                                                      0.072     0.925 r  u_hdmi_tx/i_wrap/g0_b2__1/O
                         net (fo=2, routed)           0.352     1.277    u_hdmi_tx/i_wrap/g0_b2__1_n_0
    SLICE_X39Y1          LUT6 (Prop_F6LUT_SLICEM_I0_O)
                                                      0.037     1.314 r  u_hdmi_tx/i_wrap/g0_b2_i_1__1/O
                         net (fo=23, routed)          0.339     1.653    u_hdmi_tx/i_wrap/g0_b2_i_1__1_n_0
    SLICE_X39Y2          LUT6 (Prop_H6LUT_SLICEM_I4_O)
                                                      0.039     1.692 r  u_hdmi_tx/i_wrap/g0_b1__4/O
                         net (fo=4, routed)           0.252     1.944    u_hdmi_tx/i_wrap/g0_b1__4_n_0
    SLICE_X40Y2          LUT6 (Prop_G6LUT_SLICEM_I0_O)
                                                      0.052     1.996 f  u_hdmi_tx/i_wrap/Cnt[4]_i_11__1/O
                         net (fo=8, routed)           0.374     2.370    u_hdmi_tx/i_wrap/Cnt[4]_i_11__1_n_0
    SLICE_X41Y1          LUT4 (Prop_C6LUT_SLICEL_I0_O)
                                                      0.123     2.493 r  u_hdmi_tx/i_wrap/Cnt[4]_i_4__1/O
                         net (fo=8, routed)           0.528     3.021    u_hdmi_tx/i_wrap/Cnt[4]_i_4__1_n_0
    SLICE_X40Y2          LUT5 (Prop_B6LUT_SLICEM_I1_O)
                                                      0.100     3.121 r  u_hdmi_tx/i_wrap/Cnt[1]_i_1__1/O
                         net (fo=1, routed)           0.059     3.180    u_hdmi_tx/i_wrap/Cnt[1]_i_1__1_n_0
    SLICE_X40Y2          FDRE                                         r  u_hdmi_tx/i_wrap/TMDS_2/i_Enc/Cnt_reg[1]/D
  -------------------------------------------------------------------    -------------------

                         (clock clk_25MHz_clk_wiz_0 rise edge)
                                                     40.000    40.000 r  
    D7                                                0.000    40.000 r  i_clk_100mhz_p (IN)
                         net (fo=0)                   0.079    40.079    u_clk_wiz_0/inst/clkin1_ibufds/I
    HPIOBDIFFINBUF_X0Y60 DIFFINBUF (Prop_DIFFINBUF_HPIOBDIFFINBUF_DIFF_IN_P_O)
                                                      0.519    40.598 r  u_clk_wiz_0/inst/clkin1_ibufds/DIFFINBUF_INST/O
                         net (fo=1, routed)           0.040    40.638    u_clk_wiz_0/inst/clkin1_ibufds/OUT
    D7                   IBUFCTRL (Prop_IBUFCTRL_HPIOB_M_I_O)
                                                      0.000    40.638 r  u_clk_wiz_0/inst/clkin1_ibufds/IBUFCTRL_INST/O
                         net (fo=1, routed)           0.333    40.971    u_clk_wiz_0/inst/clk_in1_clk_wiz_0
    MMCM_X0Y2            MMCME4_ADV (Prop_MMCM_CLKIN1_CLKOUT0)
                                                     -3.115    37.856 r  u_clk_wiz_0/inst/mmcme4_adv_inst/CLKOUT0
                         net (fo=1, routed)           0.215    38.071    u_clk_wiz_0/inst/clk_25MHz_clk_wiz_0
    BUFGCE_X0Y49         BUFGCE (Prop_BUFCE_BUFGCE_I_O)
                                                      0.024    38.095 r  u_clk_wiz_0/inst/clkout1_buf/O
    X1Y1 (CLOCK_ROOT)    net (fo=87, routed)          1.722    39.817    u_hdmi_tx/i_wrap/pxClk
    SLICE_X40Y2          FDRE                                         r  u_hdmi_tx/i_wrap/TMDS_2/i_Enc/Cnt_reg[1]/C
                         clock pessimism             -0.053    39.764    
                         clock uncertainty           -0.082    39.682    
    SLICE_X40Y2          FDRE (Setup_BFF_SLICEM_C_D)
                                                      0.025    39.707    u_hdmi_tx/i_wrap/TMDS_2/i_Enc/Cnt_reg[1]
  -------------------------------------------------------------------
                         required time                         39.707    
                         arrival time                          -3.180    
  -------------------------------------------------------------------
                         slack                                 36.527    

Slack (MET) :             36.540ns  (required time - arrival time)
  Source:                 u_hdmi_tx/i_wrap/TMDS_1/i_Enc/qD_reg[2]/C
                            (rising edge-triggered cell FDRE clocked by clk_25MHz_clk_wiz_0  {rise@0.000ns fall@20.000ns period=40.000ns})
  Destination:            u_hdmi_tx/i_wrap/TMDS_1/i_Enc/Cnt_reg[3]/D
                            (rising edge-triggered cell FDRE clocked by clk_25MHz_clk_wiz_0  {rise@0.000ns fall@20.000ns period=40.000ns})
  Path Group:             clk_25MHz_clk_wiz_0
  Path Type:              Setup (Max at Slow Process Corner)
  Requirement:            40.000ns  (clk_25MHz_clk_wiz_0 rise@40.000ns - clk_25MHz_clk_wiz_0 rise@0.000ns)
  Data Path Delay:        3.308ns  (logic 0.772ns (23.340%)  route 2.536ns (76.660%))
  Logic Levels:           8  (LUT4=2 LUT5=1 LUT6=5)
  Clock Path Skew:        -0.095ns (DCD - SCD + CPR)
    Destination Clock Delay (DCD):    -0.237ns = ( 39.763 - 40.000 ) 
    Source Clock Delay      (SCD):    -0.195ns
    Clock Pessimism Removal (CPR):    -0.053ns
  Clock Uncertainty:      0.082ns  ((TSJ^2 + DJ^2)^1/2) / 2 + PE
    Total System Jitter     (TSJ):    0.071ns
    Discrete Jitter          (DJ):    0.148ns
    Phase Error              (PE):    0.000ns
  Clock Net Delay (Source):      1.893ns (routing 0.847ns, distribution 1.046ns)
  Clock Net Delay (Destination): 1.668ns (routing 0.770ns, distribution 0.898ns)

    Location             Delay type                Incr(ns)  Path(ns)    Netlist Resource(s)
  -------------------------------------------------------------------    -------------------
                         (clock clk_25MHz_clk_wiz_0 rise edge)
                                                      0.000     0.000 r  
    D7                                                0.000     0.000 r  i_clk_100mhz_p (IN)
                         net (fo=0)                   0.100     0.100    u_clk_wiz_0/inst/clkin1_ibufds/I
    HPIOBDIFFINBUF_X0Y60 DIFFINBUF (Prop_DIFFINBUF_HPIOBDIFFINBUF_DIFF_IN_P_O)
                                                      0.629     0.729 r  u_clk_wiz_0/inst/clkin1_ibufds/DIFFINBUF_INST/O
                         net (fo=1, routed)           0.050     0.779    u_clk_wiz_0/inst/clkin1_ibufds/OUT
    D7                   IBUFCTRL (Prop_IBUFCTRL_HPIOB_M_I_O)
                                                      0.000     0.779 r  u_clk_wiz_0/inst/clkin1_ibufds/IBUFCTRL_INST/O
                         net (fo=1, routed)           0.384     1.163    u_clk_wiz_0/inst/clk_in1_clk_wiz_0
    MMCM_X0Y2            MMCME4_ADV (Prop_MMCM_CLKIN1_CLKOUT0)
                                                     -3.524    -2.361 r  u_clk_wiz_0/inst/mmcme4_adv_inst/CLKOUT0
                         net (fo=1, routed)           0.245    -2.116    u_clk_wiz_0/inst/clk_25MHz_clk_wiz_0
    BUFGCE_X0Y49         BUFGCE (Prop_BUFCE_BUFGCE_I_O)
                                                      0.028    -2.088 r  u_clk_wiz_0/inst/clkout1_buf/O
    X1Y1 (CLOCK_ROOT)    net (fo=87, routed)          1.893    -0.195    u_hdmi_tx/i_wrap/pxClk
    SLICE_X37Y4          FDRE                                         r  u_hdmi_tx/i_wrap/TMDS_1/i_Enc/qD_reg[2]/C
  -------------------------------------------------------------------    -------------------
    SLICE_X37Y4          FDRE (Prop_DFF_SLICEM_C_Q)
                                                      0.078    -0.117 r  u_hdmi_tx/i_wrap/TMDS_1/i_Enc/qD_reg[2]/Q
                         net (fo=8, routed)           0.744     0.627    u_hdmi_tx/i_wrap/TMDS_1/i_Enc/p_2_in
    SLICE_X36Y5          LUT5 (Prop_D5LUT_SLICEL_I2_O)
                                                      0.066     0.693 r  u_hdmi_tx/i_wrap/g0_b1__0/O
                         net (fo=2, routed)           0.411     1.104    u_hdmi_tx/i_wrap/g0_b1__0_n_0
    SLICE_X36Y5          LUT6 (Prop_G6LUT_SLICEL_I5_O)
                                                      0.097     1.201 r  u_hdmi_tx/i_wrap/g0_b2_i_3__0/O
                         net (fo=1, routed)           0.195     1.396    u_hdmi_tx/i_wrap/g0_b2_i_3__0_n_0
    SLICE_X36Y5          LUT6 (Prop_H6LUT_SLICEL_I0_O)
                                                      0.036     1.432 r  u_hdmi_tx/i_wrap/g0_b2_i_1__0/O
                         net (fo=22, routed)          0.266     1.698    u_hdmi_tx/i_wrap/g0_b2_i_1__0_n_0
    SLICE_X37Y3          LUT6 (Prop_H6LUT_SLICEM_I4_O)
                                                      0.090     1.788 r  u_hdmi_tx/i_wrap/g0_b1__3/O
                         net (fo=2, routed)           0.333     2.121    u_hdmi_tx/i_wrap/g0_b1__3_n_0
    SLICE_X36Y3          LUT6 (Prop_G6LUT_SLICEL_I5_O)
                                                      0.050     2.171 f  u_hdmi_tx/i_wrap/Cnt[4]_i_12__0/O
                         net (fo=14, routed)          0.251     2.422    u_hdmi_tx/i_wrap/Cnt[4]_i_12__0_n_0
    SLICE_X34Y2          LUT4 (Prop_B5LUT_SLICEM_I2_O)
                                                      0.143     2.565 r  u_hdmi_tx/i_wrap/Cnt[4]_i_15__0/O
                         net (fo=2, routed)           0.220     2.785    u_hdmi_tx/i_wrap/Cnt[4]_i_15__0_n_0
    SLICE_X34Y2          LUT4 (Prop_E6LUT_SLICEM_I3_O)
                                                      0.124     2.909 r  u_hdmi_tx/i_wrap/Cnt[3]_i_4__1/O
                         net (fo=1, routed)           0.044     2.953    u_hdmi_tx/i_wrap/Cnt[3]_i_4__1_n_0
    SLICE_X34Y2          LUT6 (Prop_D6LUT_SLICEM_I3_O)
                                                      0.088     3.041 r  u_hdmi_tx/i_wrap/Cnt[3]_i_1__0/O
                         net (fo=1, routed)           0.072     3.113    u_hdmi_tx/i_wrap/Cnt[3]_i_1__0_n_0
    SLICE_X34Y2          FDRE                                         r  u_hdmi_tx/i_wrap/TMDS_1/i_Enc/Cnt_reg[3]/D
  -------------------------------------------------------------------    -------------------

                         (clock clk_25MHz_clk_wiz_0 rise edge)
                                                     40.000    40.000 r  
    D7                                                0.000    40.000 r  i_clk_100mhz_p (IN)
                         net (fo=0)                   0.079    40.079    u_clk_wiz_0/inst/clkin1_ibufds/I
    HPIOBDIFFINBUF_X0Y60 DIFFINBUF (Prop_DIFFINBUF_HPIOBDIFFINBUF_DIFF_IN_P_O)
                                                      0.519    40.598 r  u_clk_wiz_0/inst/clkin1_ibufds/DIFFINBUF_INST/O
                         net (fo=1, routed)           0.040    40.638    u_clk_wiz_0/inst/clkin1_ibufds/OUT
    D7                   IBUFCTRL (Prop_IBUFCTRL_HPIOB_M_I_O)
                                                      0.000    40.638 r  u_clk_wiz_0/inst/clkin1_ibufds/IBUFCTRL_INST/O
                         net (fo=1, routed)           0.333    40.971    u_clk_wiz_0/inst/clk_in1_clk_wiz_0
    MMCM_X0Y2            MMCME4_ADV (Prop_MMCM_CLKIN1_CLKOUT0)
                                                     -3.115    37.856 r  u_clk_wiz_0/inst/mmcme4_adv_inst/CLKOUT0
                         net (fo=1, routed)           0.215    38.071    u_clk_wiz_0/inst/clk_25MHz_clk_wiz_0
    BUFGCE_X0Y49         BUFGCE (Prop_BUFCE_BUFGCE_I_O)
                                                      0.024    38.095 r  u_clk_wiz_0/inst/clkout1_buf/O
    X1Y1 (CLOCK_ROOT)    net (fo=87, routed)          1.668    39.763    u_hdmi_tx/i_wrap/pxClk
    SLICE_X34Y2          FDRE                                         r  u_hdmi_tx/i_wrap/TMDS_1/i_Enc/Cnt_reg[3]/C
                         clock pessimism             -0.053    39.710    
                         clock uncertainty           -0.082    39.628    
    SLICE_X34Y2          FDRE (Setup_DFF_SLICEM_C_D)
                                                      0.025    39.653    u_hdmi_tx/i_wrap/TMDS_1/i_Enc/Cnt_reg[3]
  -------------------------------------------------------------------
                         required time                         39.653    
                         arrival time                          -3.113    
  -------------------------------------------------------------------
                         slack                                 36.540    





Min Delay Paths
--------------------------------------------------------------------------------------
Slack (MET) :             0.041ns  (arrival time - required time)
  Source:                 u_video_timing/DE_Y_reg/C
                            (rising edge-triggered cell FDRE clocked by clk_25MHz_clk_wiz_0  {rise@0.000ns fall@20.000ns period=40.000ns})
  Destination:            u_hdmi_tx/i_wrap/TMDS_0/i_Enc/qDE_reg/D
                            (rising edge-triggered cell FDRE clocked by clk_25MHz_clk_wiz_0  {rise@0.000ns fall@20.000ns period=40.000ns})
  Path Group:             clk_25MHz_clk_wiz_0
  Path Type:              Hold (Min at Fast Process Corner)
  Requirement:            0.000ns  (clk_25MHz_clk_wiz_0 rise@0.000ns - clk_25MHz_clk_wiz_0 rise@0.000ns)
  Data Path Delay:        0.094ns  (logic 0.058ns (61.802%)  route 0.036ns (38.198%))
  Logic Levels:           1  (LUT2=1)
  Clock Path Skew:        0.006ns (DCD - SCD - CPR)
    Destination Clock Delay (DCD):    -0.114ns
    Source Clock Delay      (SCD):    -0.179ns
    Clock Pessimism Removal (CPR):    0.060ns
  Clock Net Delay (Source):      1.068ns (routing 0.465ns, distribution 0.603ns)
  Clock Net Delay (Destination): 1.208ns (routing 0.519ns, distribution 0.689ns)

    Location             Delay type                Incr(ns)  Path(ns)    Netlist Resource(s)
  -------------------------------------------------------------------    -------------------
                         (clock clk_25MHz_clk_wiz_0 rise edge)
                                                      0.000     0.000 r  
    D7                                                0.000     0.000 r  i_clk_100mhz_p (IN)
                         net (fo=0)                   0.079     0.079    u_clk_wiz_0/inst/clkin1_ibufds/I
    HPIOBDIFFINBUF_X0Y60 DIFFINBUF (Prop_DIFFINBUF_HPIOBDIFFINBUF_DIFF_IN_P_O)
                                                      0.295     0.374 r  u_clk_wiz_0/inst/clkin1_ibufds/DIFFINBUF_INST/O
                         net (fo=1, routed)           0.040     0.414    u_clk_wiz_0/inst/clkin1_ibufds/OUT
    D7                   IBUFCTRL (Prop_IBUFCTRL_HPIOB_M_I_O)
                                                      0.000     0.414 r  u_clk_wiz_0/inst/clkin1_ibufds/IBUFCTRL_INST/O
                         net (fo=1, routed)           0.196     0.610    u_clk_wiz_0/inst/clk_in1_clk_wiz_0
    MMCM_X0Y2            MMCME4_ADV (Prop_MMCM_CLKIN1_CLKOUT0)
                                                     -2.020    -1.410 r  u_clk_wiz_0/inst/mmcme4_adv_inst/CLKOUT0
                         net (fo=1, routed)           0.146    -1.264    u_clk_wiz_0/inst/clk_25MHz_clk_wiz_0
    BUFGCE_X0Y49         BUFGCE (Prop_BUFCE_BUFGCE_I_O)
                                                      0.017    -1.247 r  u_clk_wiz_0/inst/clkout1_buf/O
    X1Y1 (CLOCK_ROOT)    net (fo=87, routed)          1.068    -0.179    u_video_timing/CLK
    SLICE_X39Y8          FDRE                                         r  u_video_timing/DE_Y_reg/C
  -------------------------------------------------------------------    -------------------
    SLICE_X39Y8          FDRE (Prop_FFF_SLICEM_C_Q)
                                                      0.037    -0.142 r  u_video_timing/DE_Y_reg/Q
                         net (fo=2, routed)           0.030    -0.112    u_video_timing/DE_Y
    SLICE_X39Y8          LUT2 (Prop_H5LUT_SLICEM_I1_O)
                                                      0.021    -0.091 r  u_video_timing/i_wrap_i_2/O
                         net (fo=1, routed)           0.006    -0.085    u_hdmi_tx/i_wrap/DE
    SLICE_X39Y8          FDRE                                         r  u_hdmi_tx/i_wrap/TMDS_0/i_Enc/qDE_reg/D
  -------------------------------------------------------------------    -------------------

                         (clock clk_25MHz_clk_wiz_0 rise edge)
                                                      0.000     0.000 r  
    D7                                                0.000     0.000 r  i_clk_100mhz_p (IN)
                         net (fo=0)                   0.100     0.100    u_clk_wiz_0/inst/clkin1_ibufds/I
    HPIOBDIFFINBUF_X0Y60 DIFFINBUF (Prop_DIFFINBUF_HPIOBDIFFINBUF_DIFF_IN_P_O)
                                                      0.400     0.500 r  u_clk_wiz_0/inst/clkin1_ibufds/DIFFINBUF_INST/O
                         net (fo=1, routed)           0.050     0.550    u_clk_wiz_0/inst/clkin1_ibufds/OUT
    D7                   IBUFCTRL (Prop_IBUFCTRL_HPIOB_M_I_O)
                                                      0.000     0.550 r  u_clk_wiz_0/inst/clkin1_ibufds/IBUFCTRL_INST/O
                         net (fo=1, routed)           0.222     0.772    u_clk_wiz_0/inst/clk_in1_clk_wiz_0
    MMCM_X0Y2            MMCME4_ADV (Prop_MMCM_CLKIN1_CLKOUT0)
                                                     -2.279    -1.507 r  u_clk_wiz_0/inst/mmcme4_adv_inst/CLKOUT0
                         net (fo=1, routed)           0.166    -1.341    u_clk_wiz_0/inst/clk_25MHz_clk_wiz_0
    BUFGCE_X0Y49         BUFGCE (Prop_BUFCE_BUFGCE_I_O)
                                                      0.019    -1.322 r  u_clk_wiz_0/inst/clkout1_buf/O
    X1Y1 (CLOCK_ROOT)    net (fo=87, routed)          1.208    -0.114    u_hdmi_tx/i_wrap/pxClk
    SLICE_X39Y8          FDRE                                         r  u_hdmi_tx/i_wrap/TMDS_0/i_Enc/qDE_reg/C
                         clock pessimism             -0.060    -0.173    
    SLICE_X39Y8          FDRE (Hold_HFF2_SLICEM_C_D)
                                                      0.047    -0.126    u_hdmi_tx/i_wrap/TMDS_0/i_Enc/qDE_reg
  -------------------------------------------------------------------
                         required time                          0.126    
                         arrival time                          -0.085    
  -------------------------------------------------------------------
                         slack                                  0.041    

Slack (MET) :             0.043ns  (arrival time - required time)
  Source:                 u_img_gen/Sq_posY_reg[4]/C
                            (rising edge-triggered cell FDRE clocked by clk_25MHz_clk_wiz_0  {rise@0.000ns fall@20.000ns period=40.000ns})
  Destination:            u_img_gen/Sq_posY_reg[6]/D
                            (rising edge-triggered cell FDRE clocked by clk_25MHz_clk_wiz_0  {rise@0.000ns fall@20.000ns period=40.000ns})
  Path Group:             clk_25MHz_clk_wiz_0
  Path Type:              Hold (Min at Slow Process Corner)
  Requirement:            0.000ns  (clk_25MHz_clk_wiz_0 rise@0.000ns - clk_25MHz_clk_wiz_0 rise@0.000ns)
  Data Path Delay:        0.199ns  (logic 0.111ns (55.871%)  route 0.088ns (44.129%))
  Logic Levels:           1  (CARRY8=1)
  Clock Path Skew:        0.096ns (DCD - SCD - CPR)
    Destination Clock Delay (DCD):    -0.151ns
    Source Clock Delay      (SCD):    -0.193ns
    Clock Pessimism Removal (CPR):    -0.053ns
  Clock Net Delay (Source):      1.712ns (routing 0.770ns, distribution 0.942ns)
  Clock Net Delay (Destination): 1.937ns (routing 0.847ns, distribution 1.090ns)

    Location             Delay type                Incr(ns)  Path(ns)    Netlist Resource(s)
  -------------------------------------------------------------------    -------------------
                         (clock clk_25MHz_clk_wiz_0 rise edge)
                                                      0.000     0.000 r  
    D7                                                0.000     0.000 r  i_clk_100mhz_p (IN)
                         net (fo=0)                   0.079     0.079    u_clk_wiz_0/inst/clkin1_ibufds/I
    HPIOBDIFFINBUF_X0Y60 DIFFINBUF (Prop_DIFFINBUF_HPIOBDIFFINBUF_DIFF_IN_P_O)
                                                      0.519     0.598 r  u_clk_wiz_0/inst/clkin1_ibufds/DIFFINBUF_INST/O
                         net (fo=1, routed)           0.040     0.638    u_clk_wiz_0/inst/clkin1_ibufds/OUT
    D7                   IBUFCTRL (Prop_IBUFCTRL_HPIOB_M_I_O)
                                                      0.000     0.638 r  u_clk_wiz_0/inst/clkin1_ibufds/IBUFCTRL_INST/O
                         net (fo=1, routed)           0.333     0.971    u_clk_wiz_0/inst/clk_in1_clk_wiz_0
    MMCM_X0Y2            MMCME4_ADV (Prop_MMCM_CLKIN1_CLKOUT0)
                                                     -3.115    -2.144 r  u_clk_wiz_0/inst/mmcme4_adv_inst/CLKOUT0
                         net (fo=1, routed)           0.215    -1.929    u_clk_wiz_0/inst/clk_25MHz_clk_wiz_0
    BUFGCE_X0Y49         BUFGCE (Prop_BUFCE_BUFGCE_I_O)
                                                      0.024    -1.905 r  u_clk_wiz_0/inst/clkout1_buf/O
    X1Y1 (CLOCK_ROOT)    net (fo=87, routed)          1.712    -0.193    u_img_gen/CLK
    SLICE_X38Y6          FDRE                                         r  u_img_gen/Sq_posY_reg[4]/C
  -------------------------------------------------------------------    -------------------
    SLICE_X38Y6          FDRE (Prop_BFF2_SLICEL_C_Q)
                                                      0.060    -0.133 r  u_img_gen/Sq_posY_reg[4]/Q
                         net (fo=11, routed)          0.078    -0.055    u_img_gen/Sq_posY_reg[9]_0[4]
    SLICE_X39Y6          CARRY8 (Prop_CARRY8_SLICEM_DI[4]_O[5])
                                                      0.051    -0.004 r  u_img_gen/next_posY_carry/O[5]
                         net (fo=2, routed)           0.010     0.006    u_img_gen/next_posY[6]
    SLICE_X39Y6          FDRE                                         r  u_img_gen/Sq_posY_reg[6]/D
  -------------------------------------------------------------------    -------------------

                         (clock clk_25MHz_clk_wiz_0 rise edge)
                                                      0.000     0.000 r  
    D7                                                0.000     0.000 r  i_clk_100mhz_p (IN)
                         net (fo=0)                   0.100     0.100    u_clk_wiz_0/inst/clkin1_ibufds/I
    HPIOBDIFFINBUF_X0Y60 DIFFINBUF (Prop_DIFFINBUF_HPIOBDIFFINBUF_DIFF_IN_P_O)
                                                      0.629     0.729 r  u_clk_wiz_0/inst/clkin1_ibufds/DIFFINBUF_INST/O
                         net (fo=1, routed)           0.050     0.779    u_clk_wiz_0/inst/clkin1_ibufds/OUT
    D7                   IBUFCTRL (Prop_IBUFCTRL_HPIOB_M_I_O)
                                                      0.000     0.779 r  u_clk_wiz_0/inst/clkin1_ibufds/IBUFCTRL_INST/O
                         net (fo=1, routed)           0.384     1.163    u_clk_wiz_0/inst/clk_in1_clk_wiz_0
    MMCM_X0Y2            MMCME4_ADV (Prop_MMCM_CLKIN1_CLKOUT0)
                                                     -3.524    -2.361 r  u_clk_wiz_0/inst/mmcme4_adv_inst/CLKOUT0
                         net (fo=1, routed)           0.245    -2.116    u_clk_wiz_0/inst/clk_25MHz_clk_wiz_0
    BUFGCE_X0Y49         BUFGCE (Prop_BUFCE_BUFGCE_I_O)
                                                      0.028    -2.088 r  u_clk_wiz_0/inst/clkout1_buf/O
    X1Y1 (CLOCK_ROOT)    net (fo=87, routed)          1.937    -0.151    u_img_gen/CLK
    SLICE_X39Y6          FDRE                                         r  u_img_gen/Sq_posY_reg[6]/C
                         clock pessimism              0.053    -0.097    
    SLICE_X39Y6          FDRE (Hold_FFF_SLICEM_C_D)
                                                      0.060    -0.037    u_img_gen/Sq_posY_reg[6]
  -------------------------------------------------------------------
                         required time                          0.037    
                         arrival time                           0.006    
  -------------------------------------------------------------------
                         slack                                  0.043    

Slack (MET) :             0.048ns  (arrival time - required time)
  Source:                 u_hdmi_tx/i_wrap/TMDS_1/i_Enc/Cnt_reg[1]/C
                            (rising edge-triggered cell FDRE clocked by clk_25MHz_clk_wiz_0  {rise@0.000ns fall@20.000ns period=40.000ns})
  Destination:            u_hdmi_tx/i_wrap/TMDS_1/i_Enc/Cnt_reg[1]/D
                            (rising edge-triggered cell FDRE clocked by clk_25MHz_clk_wiz_0  {rise@0.000ns fall@20.000ns period=40.000ns})
  Path Group:             clk_25MHz_clk_wiz_0
  Path Type:              Hold (Min at Fast Process Corner)
  Requirement:            0.000ns  (clk_25MHz_clk_wiz_0 rise@0.000ns - clk_25MHz_clk_wiz_0 rise@0.000ns)
  Data Path Delay:        0.100ns  (logic 0.054ns (54.204%)  route 0.046ns (45.796%))
  Logic Levels:           1  (LUT5=1)
  Clock Path Skew:        0.006ns (DCD - SCD - CPR)
    Destination Clock Delay (DCD):    -0.144ns
    Source Clock Delay      (SCD):    -0.207ns
    Clock Pessimism Removal (CPR):    0.057ns
  Clock Net Delay (Source):      1.040ns (routing 0.465ns, distribution 0.575ns)
  Clock Net Delay (Destination): 1.178ns (routing 0.519ns, distribution 0.659ns)

    Location             Delay type                Incr(ns)  Path(ns)    Netlist Resource(s)
  -------------------------------------------------------------------    -------------------
                         (clock clk_25MHz_clk_wiz_0 rise edge)
                                                      0.000     0.000 r  
    D7                                                0.000     0.000 r  i_clk_100mhz_p (IN)
                         net (fo=0)                   0.079     0.079    u_clk_wiz_0/inst/clkin1_ibufds/I
    HPIOBDIFFINBUF_X0Y60 DIFFINBUF (Prop_DIFFINBUF_HPIOBDIFFINBUF_DIFF_IN_P_O)
                                                      0.295     0.374 r  u_clk_wiz_0/inst/clkin1_ibufds/DIFFINBUF_INST/O
                         net (fo=1, routed)           0.040     0.414    u_clk_wiz_0/inst/clkin1_ibufds/OUT
    D7                   IBUFCTRL (Prop_IBUFCTRL_HPIOB_M_I_O)
                                                      0.000     0.414 r  u_clk_wiz_0/inst/clkin1_ibufds/IBUFCTRL_INST/O
                         net (fo=1, routed)           0.196     0.610    u_clk_wiz_0/inst/clk_in1_clk_wiz_0
    MMCM_X0Y2            MMCME4_ADV (Prop_MMCM_CLKIN1_CLKOUT0)
                                                     -2.020    -1.410 r  u_clk_wiz_0/inst/mmcme4_adv_inst/CLKOUT0
                         net (fo=1, routed)           0.146    -1.264    u_clk_wiz_0/inst/clk_25MHz_clk_wiz_0
    BUFGCE_X0Y49         BUFGCE (Prop_BUFCE_BUFGCE_I_O)
                                                      0.017    -1.247 r  u_clk_wiz_0/inst/clkout1_buf/O
    X1Y1 (CLOCK_ROOT)    net (fo=87, routed)          1.040    -0.207    u_hdmi_tx/i_wrap/pxClk
    SLICE_X36Y2          FDRE                                         r  u_hdmi_tx/i_wrap/TMDS_1/i_Enc/Cnt_reg[1]/C
  -------------------------------------------------------------------    -------------------
    SLICE_X36Y2          FDRE (Prop_BFF_SLICEL_C_Q)
                                                      0.039    -0.168 r  u_hdmi_tx/i_wrap/TMDS_1/i_Enc/Cnt_reg[1]/Q
                         net (fo=8, routed)           0.031    -0.137    u_hdmi_tx/i_wrap/TMDS_1/i_Enc/Cnt_reg_n_0_[1]
    SLICE_X36Y2          LUT5 (Prop_B6LUT_SLICEL_I3_O)
                                                      0.015    -0.122 r  u_hdmi_tx/i_wrap/Cnt[1]_i_1__0/O
                         net (fo=1, routed)           0.015    -0.107    u_hdmi_tx/i_wrap/Cnt[1]_i_1__0_n_0
    SLICE_X36Y2          FDRE                                         r  u_hdmi_tx/i_wrap/TMDS_1/i_Enc/Cnt_reg[1]/D
  -------------------------------------------------------------------    -------------------

                         (clock clk_25MHz_clk_wiz_0 rise edge)
                                                      0.000     0.000 r  
    D7                                                0.000     0.000 r  i_clk_100mhz_p (IN)
                         net (fo=0)                   0.100     0.100    u_clk_wiz_0/inst/clkin1_ibufds/I
    HPIOBDIFFINBUF_X0Y60 DIFFINBUF (Prop_DIFFINBUF_HPIOBDIFFINBUF_DIFF_IN_P_O)
                                                      0.400     0.500 r  u_clk_wiz_0/inst/clkin1_ibufds/DIFFINBUF_INST/O
                         net (fo=1, routed)           0.050     0.550    u_clk_wiz_0/inst/clkin1_ibufds/OUT
    D7                   IBUFCTRL (Prop_IBUFCTRL_HPIOB_M_I_O)
                                                      0.000     0.550 r  u_clk_wiz_0/inst/clkin1_ibufds/IBUFCTRL_INST/O
                         net (fo=1, routed)           0.222     0.772    u_clk_wiz_0/inst/clk_in1_clk_wiz_0
    MMCM_X0Y2            MMCME4_ADV (Prop_MMCM_CLKIN1_CLKOUT0)
                                                     -2.279    -1.507 r  u_clk_wiz_0/inst/mmcme4_adv_inst/CLKOUT0
                         net (fo=1, routed)           0.166    -1.341    u_clk_wiz_0/inst/clk_25MHz_clk_wiz_0
    BUFGCE_X0Y49         BUFGCE (Prop_BUFCE_BUFGCE_I_O)
                                                      0.019    -1.322 r  u_clk_wiz_0/inst/clkout1_buf/O
    X1Y1 (CLOCK_ROOT)    net (fo=87, routed)          1.178    -0.144    u_hdmi_tx/i_wrap/pxClk
    SLICE_X36Y2          FDRE                                         r  u_hdmi_tx/i_wrap/TMDS_1/i_Enc/Cnt_reg[1]/C
                         clock pessimism             -0.057    -0.201    
    SLICE_X36Y2          FDRE (Hold_BFF_SLICEL_C_D)
                                                      0.046    -0.155    u_hdmi_tx/i_wrap/TMDS_1/i_Enc/Cnt_reg[1]
  -------------------------------------------------------------------
                         required time                          0.155    
                         arrival time                          -0.107    
  -------------------------------------------------------------------
                         slack                                  0.048    

Slack (MET) :             0.049ns  (arrival time - required time)
  Source:                 u_video_timing/cntX_reg[6]/C
                            (rising edge-triggered cell FDRE clocked by clk_25MHz_clk_wiz_0  {rise@0.000ns fall@20.000ns period=40.000ns})
  Destination:            u_video_timing/cntX_reg[7]/D
                            (rising edge-triggered cell FDRE clocked by clk_25MHz_clk_wiz_0  {rise@0.000ns fall@20.000ns period=40.000ns})
  Path Group:             clk_25MHz_clk_wiz_0
  Path Type:              Hold (Min at Fast Process Corner)
  Requirement:            0.000ns  (clk_25MHz_clk_wiz_0 rise@0.000ns - clk_25MHz_clk_wiz_0 rise@0.000ns)
  Data Path Delay:        0.102ns  (logic 0.060ns (58.700%)  route 0.042ns (41.300%))
  Logic Levels:           1  (LUT5=1)
  Clock Path Skew:        0.006ns (DCD - SCD - CPR)
    Destination Clock Delay (DCD):    -0.135ns
    Source Clock Delay      (SCD):    -0.199ns
    Clock Pessimism Removal (CPR):    0.059ns
  Clock Net Delay (Source):      1.048ns (routing 0.465ns, distribution 0.583ns)
  Clock Net Delay (Destination): 1.187ns (routing 0.519ns, distribution 0.668ns)

    Location             Delay type                Incr(ns)  Path(ns)    Netlist Resource(s)
  -------------------------------------------------------------------    -------------------
                         (clock clk_25MHz_clk_wiz_0 rise edge)
                                                      0.000     0.000 r  
    D7                                                0.000     0.000 r  i_clk_100mhz_p (IN)
                         net (fo=0)                   0.079     0.079    u_clk_wiz_0/inst/clkin1_ibufds/I
    HPIOBDIFFINBUF_X0Y60 DIFFINBUF (Prop_DIFFINBUF_HPIOBDIFFINBUF_DIFF_IN_P_O)
                                                      0.295     0.374 r  u_clk_wiz_0/inst/clkin1_ibufds/DIFFINBUF_INST/O
                         net (fo=1, routed)           0.040     0.414    u_clk_wiz_0/inst/clkin1_ibufds/OUT
    D7                   IBUFCTRL (Prop_IBUFCTRL_HPIOB_M_I_O)
                                                      0.000     0.414 r  u_clk_wiz_0/inst/clkin1_ibufds/IBUFCTRL_INST/O
                         net (fo=1, routed)           0.196     0.610    u_clk_wiz_0/inst/clk_in1_clk_wiz_0
    MMCM_X0Y2            MMCME4_ADV (Prop_MMCM_CLKIN1_CLKOUT0)
                                                     -2.020    -1.410 r  u_clk_wiz_0/inst/mmcme4_adv_inst/CLKOUT0
                         net (fo=1, routed)           0.146    -1.264    u_clk_wiz_0/inst/clk_25MHz_clk_wiz_0
    BUFGCE_X0Y49         BUFGCE (Prop_BUFCE_BUFGCE_I_O)
                                                      0.017    -1.247 r  u_clk_wiz_0/inst/clkout1_buf/O
    X1Y1 (CLOCK_ROOT)    net (fo=87, routed)          1.048    -0.199    u_video_timing/CLK
    SLICE_X37Y8          FDRE                                         r  u_video_timing/cntX_reg[6]/C
  -------------------------------------------------------------------    -------------------
    SLICE_X37Y8          FDRE (Prop_HFF_SLICEM_C_Q)
                                                      0.039    -0.160 r  u_video_timing/cntX_reg[6]/Q
                         net (fo=15, routed)          0.036    -0.124    u_video_timing/Q[6]
    SLICE_X37Y8          LUT5 (Prop_H5LUT_SLICEM_I4_O)
                                                      0.021    -0.103 r  u_video_timing/cntX[7]_i_1/O
                         net (fo=1, routed)           0.006    -0.097    u_video_timing/cntX[7]_i_1_n_0
    SLICE_X37Y8          FDRE                                         r  u_video_timing/cntX_reg[7]/D
  -------------------------------------------------------------------    -------------------

                         (clock clk_25MHz_clk_wiz_0 rise edge)
                                                      0.000     0.000 r  
    D7                                                0.000     0.000 r  i_clk_100mhz_p (IN)
                         net (fo=0)                   0.100     0.100    u_clk_wiz_0/inst/clkin1_ibufds/I
    HPIOBDIFFINBUF_X0Y60 DIFFINBUF (Prop_DIFFINBUF_HPIOBDIFFINBUF_DIFF_IN_P_O)
                                                      0.400     0.500 r  u_clk_wiz_0/inst/clkin1_ibufds/DIFFINBUF_INST/O
                         net (fo=1, routed)           0.050     0.550    u_clk_wiz_0/inst/clkin1_ibufds/OUT
    D7                   IBUFCTRL (Prop_IBUFCTRL_HPIOB_M_I_O)
                                                      0.000     0.550 r  u_clk_wiz_0/inst/clkin1_ibufds/IBUFCTRL_INST/O
                         net (fo=1, routed)           0.222     0.772    u_clk_wiz_0/inst/clk_in1_clk_wiz_0
    MMCM_X0Y2            MMCME4_ADV (Prop_MMCM_CLKIN1_CLKOUT0)
                                                     -2.279    -1.507 r  u_clk_wiz_0/inst/mmcme4_adv_inst/CLKOUT0
                         net (fo=1, routed)           0.166    -1.341    u_clk_wiz_0/inst/clk_25MHz_clk_wiz_0
    BUFGCE_X0Y49         BUFGCE (Prop_BUFCE_BUFGCE_I_O)
                                                      0.019    -1.322 r  u_clk_wiz_0/inst/clkout1_buf/O
    X1Y1 (CLOCK_ROOT)    net (fo=87, routed)          1.187    -0.135    u_video_timing/CLK
    SLICE_X37Y8          FDRE                                         r  u_video_timing/cntX_reg[7]/C
                         clock pessimism             -0.059    -0.193    
    SLICE_X37Y8          FDRE (Hold_HFF2_SLICEM_C_D)
                                                      0.047    -0.146    u_video_timing/cntX_reg[7]
  -------------------------------------------------------------------
                         required time                          0.146    
                         arrival time                          -0.097    
  -------------------------------------------------------------------
                         slack                                  0.049    

Slack (MET) :             0.052ns  (arrival time - required time)
  Source:                 u_video_timing/cntY_reg[5]/C
                            (rising edge-triggered cell FDRE clocked by clk_25MHz_clk_wiz_0  {rise@0.000ns fall@20.000ns period=40.000ns})
  Destination:            u_video_timing/cntY_reg[5]/D
                            (rising edge-triggered cell FDRE clocked by clk_25MHz_clk_wiz_0  {rise@0.000ns fall@20.000ns period=40.000ns})
  Path Group:             clk_25MHz_clk_wiz_0
  Path Type:              Hold (Min at Fast Process Corner)
  Requirement:            0.000ns  (clk_25MHz_clk_wiz_0 rise@0.000ns - clk_25MHz_clk_wiz_0 rise@0.000ns)
  Data Path Delay:        0.104ns  (logic 0.052ns (50.227%)  route 0.052ns (49.774%))
  Logic Levels:           1  (LUT6=1)
  Clock Path Skew:        0.006ns (DCD - SCD - CPR)
    Destination Clock Delay (DCD):    -0.111ns
    Source Clock Delay      (SCD):    -0.177ns
    Clock Pessimism Removal (CPR):    0.060ns
  Clock Net Delay (Source):      1.070ns (routing 0.465ns, distribution 0.605ns)
  Clock Net Delay (Destination): 1.211ns (routing 0.519ns, distribution 0.692ns)

    Location             Delay type                Incr(ns)  Path(ns)    Netlist Resource(s)
  -------------------------------------------------------------------    -------------------
                         (clock clk_25MHz_clk_wiz_0 rise edge)
                                                      0.000     0.000 r  
    D7                                                0.000     0.000 r  i_clk_100mhz_p (IN)
                         net (fo=0)                   0.079     0.079    u_clk_wiz_0/inst/clkin1_ibufds/I
    HPIOBDIFFINBUF_X0Y60 DIFFINBUF (Prop_DIFFINBUF_HPIOBDIFFINBUF_DIFF_IN_P_O)
                                                      0.295     0.374 r  u_clk_wiz_0/inst/clkin1_ibufds/DIFFINBUF_INST/O
                         net (fo=1, routed)           0.040     0.414    u_clk_wiz_0/inst/clkin1_ibufds/OUT
    D7                   IBUFCTRL (Prop_IBUFCTRL_HPIOB_M_I_O)
                                                      0.000     0.414 r  u_clk_wiz_0/inst/clkin1_ibufds/IBUFCTRL_INST/O
                         net (fo=1, routed)           0.196     0.610    u_clk_wiz_0/inst/clk_in1_clk_wiz_0
    MMCM_X0Y2            MMCME4_ADV (Prop_MMCM_CLKIN1_CLKOUT0)
                                                     -2.020    -1.410 r  u_clk_wiz_0/inst/mmcme4_adv_inst/CLKOUT0
                         net (fo=1, routed)           0.146    -1.264    u_clk_wiz_0/inst/clk_25MHz_clk_wiz_0
    BUFGCE_X0Y49         BUFGCE (Prop_BUFCE_BUFGCE_I_O)
                                                      0.017    -1.247 r  u_clk_wiz_0/inst/clkout1_buf/O
    X1Y1 (CLOCK_ROOT)    net (fo=87, routed)          1.070    -0.177    u_video_timing/CLK
    SLICE_X40Y3          FDRE                                         r  u_video_timing/cntY_reg[5]/C
  -------------------------------------------------------------------    -------------------
    SLICE_X40Y3          FDRE (Prop_BFF_SLICEM_C_Q)
                                                      0.038    -0.139 r  u_video_timing/cntY_reg[5]/Q
                         net (fo=13, routed)          0.031    -0.108    u_video_timing/cntY_reg[9]_0[5]
    SLICE_X40Y3          LUT6 (Prop_B6LUT_SLICEM_I0_O)
                                                      0.014    -0.094 r  u_video_timing/cntY[5]_i_1/O
                         net (fo=1, routed)           0.021    -0.073    u_video_timing/plusOp__0[5]
    SLICE_X40Y3          FDRE                                         r  u_video_timing/cntY_reg[5]/D
  -------------------------------------------------------------------    -------------------

                         (clock clk_25MHz_clk_wiz_0 rise edge)
                                                      0.000     0.000 r  
    D7                                                0.000     0.000 r  i_clk_100mhz_p (IN)
                         net (fo=0)                   0.100     0.100    u_clk_wiz_0/inst/clkin1_ibufds/I
    HPIOBDIFFINBUF_X0Y60 DIFFINBUF (Prop_DIFFINBUF_HPIOBDIFFINBUF_DIFF_IN_P_O)
                                                      0.400     0.500 r  u_clk_wiz_0/inst/clkin1_ibufds/DIFFINBUF_INST/O
                         net (fo=1, routed)           0.050     0.550    u_clk_wiz_0/inst/clkin1_ibufds/OUT
    D7                   IBUFCTRL (Prop_IBUFCTRL_HPIOB_M_I_O)
                                                      0.000     0.550 r  u_clk_wiz_0/inst/clkin1_ibufds/IBUFCTRL_INST/O
                         net (fo=1, routed)           0.222     0.772    u_clk_wiz_0/inst/clk_in1_clk_wiz_0
    MMCM_X0Y2            MMCME4_ADV (Prop_MMCM_CLKIN1_CLKOUT0)
                                                     -2.279    -1.507 r  u_clk_wiz_0/inst/mmcme4_adv_inst/CLKOUT0
                         net (fo=1, routed)           0.166    -1.341    u_clk_wiz_0/inst/clk_25MHz_clk_wiz_0
    BUFGCE_X0Y49         BUFGCE (Prop_BUFCE_BUFGCE_I_O)
                                                      0.019    -1.322 r  u_clk_wiz_0/inst/clkout1_buf/O
    X1Y1 (CLOCK_ROOT)    net (fo=87, routed)          1.211    -0.111    u_video_timing/CLK
    SLICE_X40Y3          FDRE                                         r  u_video_timing/cntY_reg[5]/C
                         clock pessimism             -0.060    -0.171    
    SLICE_X40Y3          FDRE (Hold_BFF_SLICEM_C_D)
                                                      0.046    -0.125    u_video_timing/cntY_reg[5]
  -------------------------------------------------------------------
                         required time                          0.125    
                         arrival time                          -0.073    
  -------------------------------------------------------------------
                         slack                                  0.052    

Slack (MET) :             0.054ns  (arrival time - required time)
  Source:                 u_video_timing/HSync_reg/C
                            (rising edge-triggered cell FDRE clocked by clk_25MHz_clk_wiz_0  {rise@0.000ns fall@20.000ns period=40.000ns})
  Destination:            u_video_timing/HSync_reg/D
                            (rising edge-triggered cell FDRE clocked by clk_25MHz_clk_wiz_0  {rise@0.000ns fall@20.000ns period=40.000ns})
  Path Group:             clk_25MHz_clk_wiz_0
  Path Type:              Hold (Min at Fast Process Corner)
  Requirement:            0.000ns  (clk_25MHz_clk_wiz_0 rise@0.000ns - clk_25MHz_clk_wiz_0 rise@0.000ns)
  Data Path Delay:        0.106ns  (logic 0.053ns (49.956%)  route 0.053ns (50.044%))
  Logic Levels:           1  (LUT6=1)
  Clock Path Skew:        0.006ns (DCD - SCD - CPR)
    Destination Clock Delay (DCD):    -0.134ns
    Source Clock Delay      (SCD):    -0.198ns
    Clock Pessimism Removal (CPR):    0.059ns
  Clock Net Delay (Source):      1.049ns (routing 0.465ns, distribution 0.584ns)
  Clock Net Delay (Destination): 1.188ns (routing 0.519ns, distribution 0.669ns)

    Location             Delay type                Incr(ns)  Path(ns)    Netlist Resource(s)
  -------------------------------------------------------------------    -------------------
                         (clock clk_25MHz_clk_wiz_0 rise edge)
                                                      0.000     0.000 r  
    D7                                                0.000     0.000 r  i_clk_100mhz_p (IN)
                         net (fo=0)                   0.079     0.079    u_clk_wiz_0/inst/clkin1_ibufds/I
    HPIOBDIFFINBUF_X0Y60 DIFFINBUF (Prop_DIFFINBUF_HPIOBDIFFINBUF_DIFF_IN_P_O)
                                                      0.295     0.374 r  u_clk_wiz_0/inst/clkin1_ibufds/DIFFINBUF_INST/O
                         net (fo=1, routed)           0.040     0.414    u_clk_wiz_0/inst/clkin1_ibufds/OUT
    D7                   IBUFCTRL (Prop_IBUFCTRL_HPIOB_M_I_O)
                                                      0.000     0.414 r  u_clk_wiz_0/inst/clkin1_ibufds/IBUFCTRL_INST/O
                         net (fo=1, routed)           0.196     0.610    u_clk_wiz_0/inst/clk_in1_clk_wiz_0
    MMCM_X0Y2            MMCME4_ADV (Prop_MMCM_CLKIN1_CLKOUT0)
                                                     -2.020    -1.410 r  u_clk_wiz_0/inst/mmcme4_adv_inst/CLKOUT0
                         net (fo=1, routed)           0.146    -1.264    u_clk_wiz_0/inst/clk_25MHz_clk_wiz_0
    BUFGCE_X0Y49         BUFGCE (Prop_BUFCE_BUFGCE_I_O)
                                                      0.017    -1.247 r  u_clk_wiz_0/inst/clkout1_buf/O
    X1Y1 (CLOCK_ROOT)    net (fo=87, routed)          1.049    -0.198    u_video_timing/CLK
    SLICE_X37Y10         FDRE                                         r  u_video_timing/HSync_reg/C
  -------------------------------------------------------------------    -------------------
    SLICE_X37Y10         FDRE (Prop_DFF_SLICEM_C_Q)
                                                      0.039    -0.159 r  u_video_timing/HSync_reg/Q
                         net (fo=2, routed)           0.027    -0.132    u_video_timing/HSync
    SLICE_X37Y10         LUT6 (Prop_D6LUT_SLICEM_I1_O)
                                                      0.014    -0.118 r  u_video_timing/HSync_i_1/O
                         net (fo=1, routed)           0.026    -0.092    u_video_timing/HSync_i_1_n_0
    SLICE_X37Y10         FDRE                                         r  u_video_timing/HSync_reg/D
  -------------------------------------------------------------------    -------------------

                         (clock clk_25MHz_clk_wiz_0 rise edge)
                                                      0.000     0.000 r  
    D7                                                0.000     0.000 r  i_clk_100mhz_p (IN)
                         net (fo=0)                   0.100     0.100    u_clk_wiz_0/inst/clkin1_ibufds/I
    HPIOBDIFFINBUF_X0Y60 DIFFINBUF (Prop_DIFFINBUF_HPIOBDIFFINBUF_DIFF_IN_P_O)
                                                      0.400     0.500 r  u_clk_wiz_0/inst/clkin1_ibufds/DIFFINBUF_INST/O
                         net (fo=1, routed)           0.050     0.550    u_clk_wiz_0/inst/clkin1_ibufds/OUT
    D7                   IBUFCTRL (Prop_IBUFCTRL_HPIOB_M_I_O)
                                                      0.000     0.550 r  u_clk_wiz_0/inst/clkin1_ibufds/IBUFCTRL_INST/O
                         net (fo=1, routed)           0.222     0.772    u_clk_wiz_0/inst/clk_in1_clk_wiz_0
    MMCM_X0Y2            MMCME4_ADV (Prop_MMCM_CLKIN1_CLKOUT0)
                                                     -2.279    -1.507 r  u_clk_wiz_0/inst/mmcme4_adv_inst/CLKOUT0
                         net (fo=1, routed)           0.166    -1.341    u_clk_wiz_0/inst/clk_25MHz_clk_wiz_0
    BUFGCE_X0Y49         BUFGCE (Prop_BUFCE_BUFGCE_I_O)
                                                      0.019    -1.322 r  u_clk_wiz_0/inst/clkout1_buf/O
    X1Y1 (CLOCK_ROOT)    net (fo=87, routed)          1.188    -0.134    u_video_timing/CLK
    SLICE_X37Y10         FDRE                                         r  u_video_timing/HSync_reg/C
                         clock pessimism             -0.059    -0.192    
    SLICE_X37Y10         FDRE (Hold_DFF_SLICEM_C_D)
                                                      0.046    -0.146    u_video_timing/HSync_reg
  -------------------------------------------------------------------
                         required time                          0.146    
                         arrival time                          -0.092    
  -------------------------------------------------------------------
                         slack                                  0.054    

Slack (MET) :             0.057ns  (arrival time - required time)
  Source:                 u_hdmi_tx/i_wrap/TMDS_1/i_Enc/Cnt_reg[1]/C
                            (rising edge-triggered cell FDRE clocked by clk_25MHz_clk_wiz_0  {rise@0.000ns fall@20.000ns period=40.000ns})
  Destination:            u_hdmi_tx/i_wrap/TMDS_1/i_Enc/Cnt_reg[2]/D
                            (rising edge-triggered cell FDRE clocked by clk_25MHz_clk_wiz_0  {rise@0.000ns fall@20.000ns period=40.000ns})
  Path Group:             clk_25MHz_clk_wiz_0
  Path Type:              Hold (Min at Fast Process Corner)
  Requirement:            0.000ns  (clk_25MHz_clk_wiz_0 rise@0.000ns - clk_25MHz_clk_wiz_0 rise@0.000ns)
  Data Path Delay:        0.109ns  (logic 0.063ns (57.998%)  route 0.046ns (42.002%))
  Logic Levels:           2  (LUT5=1 MUXF7=1)
  Clock Path Skew:        0.006ns (DCD - SCD - CPR)
    Destination Clock Delay (DCD):    -0.144ns
    Source Clock Delay      (SCD):    -0.207ns
    Clock Pessimism Removal (CPR):    0.057ns
  Clock Net Delay (Source):      1.040ns (routing 0.465ns, distribution 0.575ns)
  Clock Net Delay (Destination): 1.178ns (routing 0.519ns, distribution 0.659ns)

    Location             Delay type                Incr(ns)  Path(ns)    Netlist Resource(s)
  -------------------------------------------------------------------    -------------------
                         (clock clk_25MHz_clk_wiz_0 rise edge)
                                                      0.000     0.000 r  
    D7                                                0.000     0.000 r  i_clk_100mhz_p (IN)
                         net (fo=0)                   0.079     0.079    u_clk_wiz_0/inst/clkin1_ibufds/I
    HPIOBDIFFINBUF_X0Y60 DIFFINBUF (Prop_DIFFINBUF_HPIOBDIFFINBUF_DIFF_IN_P_O)
                                                      0.295     0.374 r  u_clk_wiz_0/inst/clkin1_ibufds/DIFFINBUF_INST/O
                         net (fo=1, routed)           0.040     0.414    u_clk_wiz_0/inst/clkin1_ibufds/OUT
    D7                   IBUFCTRL (Prop_IBUFCTRL_HPIOB_M_I_O)
                                                      0.000     0.414 r  u_clk_wiz_0/inst/clkin1_ibufds/IBUFCTRL_INST/O
                         net (fo=1, routed)           0.196     0.610    u_clk_wiz_0/inst/clk_in1_clk_wiz_0
    MMCM_X0Y2            MMCME4_ADV (Prop_MMCM_CLKIN1_CLKOUT0)
                                                     -2.020    -1.410 r  u_clk_wiz_0/inst/mmcme4_adv_inst/CLKOUT0
                         net (fo=1, routed)           0.146    -1.264    u_clk_wiz_0/inst/clk_25MHz_clk_wiz_0
    BUFGCE_X0Y49         BUFGCE (Prop_BUFCE_BUFGCE_I_O)
                                                      0.017    -1.247 r  u_clk_wiz_0/inst/clkout1_buf/O
    X1Y1 (CLOCK_ROOT)    net (fo=87, routed)          1.040    -0.207    u_hdmi_tx/i_wrap/pxClk
    SLICE_X36Y2          FDRE                                         r  u_hdmi_tx/i_wrap/TMDS_1/i_Enc/Cnt_reg[1]/C
  -------------------------------------------------------------------    -------------------
    SLICE_X36Y2          FDRE (Prop_BFF_SLICEL_C_Q)
                                                      0.039    -0.168 r  u_hdmi_tx/i_wrap/TMDS_1/i_Enc/Cnt_reg[1]/Q
                         net (fo=8, routed)           0.032    -0.136    u_hdmi_tx/i_wrap/TMDS_1/i_Enc/Cnt_reg_n_0_[1]
    SLICE_X36Y2          LUT5 (Prop_D6LUT_SLICEL_I4_O)
                                                      0.014    -0.122 r  u_hdmi_tx/i_wrap/Cnt[2]_i_2__0/O
                         net (fo=1, routed)           0.007    -0.115    u_hdmi_tx/i_wrap/Cnt[2]_i_2__0_n_0
    SLICE_X36Y2          MUXF7 (Prop_F7MUX_CD_SLICEL_I0_O)
                                                      0.010    -0.105 r  u_hdmi_tx/i_wrap/Cnt_reg[2]_i_1/O
                         net (fo=1, routed)           0.007    -0.098    u_hdmi_tx/i_wrap/Cnt_reg[2]_i_1_n_0
    SLICE_X36Y2          FDRE                                         r  u_hdmi_tx/i_wrap/TMDS_1/i_Enc/Cnt_reg[2]/D
  -------------------------------------------------------------------    -------------------

                         (clock clk_25MHz_clk_wiz_0 rise edge)
                                                      0.000     0.000 r  
    D7                                                0.000     0.000 r  i_clk_100mhz_p (IN)
                         net (fo=0)                   0.100     0.100    u_clk_wiz_0/inst/clkin1_ibufds/I
    HPIOBDIFFINBUF_X0Y60 DIFFINBUF (Prop_DIFFINBUF_HPIOBDIFFINBUF_DIFF_IN_P_O)
                                                      0.400     0.500 r  u_clk_wiz_0/inst/clkin1_ibufds/DIFFINBUF_INST/O
                         net (fo=1, routed)           0.050     0.550    u_clk_wiz_0/inst/clkin1_ibufds/OUT
    D7                   IBUFCTRL (Prop_IBUFCTRL_HPIOB_M_I_O)
                                                      0.000     0.550 r  u_clk_wiz_0/inst/clkin1_ibufds/IBUFCTRL_INST/O
                         net (fo=1, routed)           0.222     0.772    u_clk_wiz_0/inst/clk_in1_clk_wiz_0
    MMCM_X0Y2            MMCME4_ADV (Prop_MMCM_CLKIN1_CLKOUT0)
                                                     -2.279    -1.507 r  u_clk_wiz_0/inst/mmcme4_adv_inst/CLKOUT0
                         net (fo=1, routed)           0.166    -1.341    u_clk_wiz_0/inst/clk_25MHz_clk_wiz_0
    BUFGCE_X0Y49         BUFGCE (Prop_BUFCE_BUFGCE_I_O)
                                                      0.019    -1.322 r  u_clk_wiz_0/inst/clkout1_buf/O
    X1Y1 (CLOCK_ROOT)    net (fo=87, routed)          1.178    -0.144    u_hdmi_tx/i_wrap/pxClk
    SLICE_X36Y2          FDRE                                         r  u_hdmi_tx/i_wrap/TMDS_1/i_Enc/Cnt_reg[2]/C
                         clock pessimism             -0.057    -0.201    
    SLICE_X36Y2          FDRE (Hold_DFF_SLICEL_C_D)
                                                      0.046    -0.155    u_hdmi_tx/i_wrap/TMDS_1/i_Enc/Cnt_reg[2]
  -------------------------------------------------------------------
                         required time                          0.155    
                         arrival time                          -0.098    
  -------------------------------------------------------------------
                         slack                                  0.057    

Slack (MET) :             0.057ns  (arrival time - required time)
  Source:                 u_hdmi_tx/i_wrap/TMDS_2/i_Enc/Cnt_reg[1]/C
                            (rising edge-triggered cell FDRE clocked by clk_25MHz_clk_wiz_0  {rise@0.000ns fall@20.000ns period=40.000ns})
  Destination:            u_hdmi_tx/i_wrap/TMDS_2/i_Enc/Cnt_reg[1]/D
                            (rising edge-triggered cell FDRE clocked by clk_25MHz_clk_wiz_0  {rise@0.000ns fall@20.000ns period=40.000ns})
  Path Group:             clk_25MHz_clk_wiz_0
  Path Type:              Hold (Min at Fast Process Corner)
  Requirement:            0.000ns  (clk_25MHz_clk_wiz_0 rise@0.000ns - clk_25MHz_clk_wiz_0 rise@0.000ns)
  Data Path Delay:        0.109ns  (logic 0.052ns (47.679%)  route 0.057ns (52.321%))
  Logic Levels:           1  (LUT5=1)
  Clock Path Skew:        0.006ns (DCD - SCD - CPR)
    Destination Clock Delay (DCD):    -0.111ns
    Source Clock Delay      (SCD):    -0.177ns
    Clock Pessimism Removal (CPR):    0.060ns
  Clock Net Delay (Source):      1.070ns (routing 0.465ns, distribution 0.605ns)
  Clock Net Delay (Destination): 1.211ns (routing 0.519ns, distribution 0.692ns)

    Location             Delay type                Incr(ns)  Path(ns)    Netlist Resource(s)
  -------------------------------------------------------------------    -------------------
                         (clock clk_25MHz_clk_wiz_0 rise edge)
                                                      0.000     0.000 r  
    D7                                                0.000     0.000 r  i_clk_100mhz_p (IN)
                         net (fo=0)                   0.079     0.079    u_clk_wiz_0/inst/clkin1_ibufds/I
    HPIOBDIFFINBUF_X0Y60 DIFFINBUF (Prop_DIFFINBUF_HPIOBDIFFINBUF_DIFF_IN_P_O)
                                                      0.295     0.374 r  u_clk_wiz_0/inst/clkin1_ibufds/DIFFINBUF_INST/O
                         net (fo=1, routed)           0.040     0.414    u_clk_wiz_0/inst/clkin1_ibufds/OUT
    D7                   IBUFCTRL (Prop_IBUFCTRL_HPIOB_M_I_O)
                                                      0.000     0.414 r  u_clk_wiz_0/inst/clkin1_ibufds/IBUFCTRL_INST/O
                         net (fo=1, routed)           0.196     0.610    u_clk_wiz_0/inst/clk_in1_clk_wiz_0
    MMCM_X0Y2            MMCME4_ADV (Prop_MMCM_CLKIN1_CLKOUT0)
                                                     -2.020    -1.410 r  u_clk_wiz_0/inst/mmcme4_adv_inst/CLKOUT0
                         net (fo=1, routed)           0.146    -1.264    u_clk_wiz_0/inst/clk_25MHz_clk_wiz_0
    BUFGCE_X0Y49         BUFGCE (Prop_BUFCE_BUFGCE_I_O)
                                                      0.017    -1.247 r  u_clk_wiz_0/inst/clkout1_buf/O
    X1Y1 (CLOCK_ROOT)    net (fo=87, routed)          1.070    -0.177    u_hdmi_tx/i_wrap/pxClk
    SLICE_X40Y2          FDRE                                         r  u_hdmi_tx/i_wrap/TMDS_2/i_Enc/Cnt_reg[1]/C
  -------------------------------------------------------------------    -------------------
    SLICE_X40Y2          FDRE (Prop_BFF_SLICEM_C_Q)
                                                      0.038    -0.139 r  u_hdmi_tx/i_wrap/TMDS_2/i_Enc/Cnt_reg[1]/Q
                         net (fo=8, routed)           0.036    -0.103    u_hdmi_tx/i_wrap/TMDS_2/i_Enc/Cnt_reg_n_0_[1]
    SLICE_X40Y2          LUT5 (Prop_B6LUT_SLICEM_I3_O)
                                                      0.014    -0.089 r  u_hdmi_tx/i_wrap/Cnt[1]_i_1__1/O
                         net (fo=1, routed)           0.021    -0.068    u_hdmi_tx/i_wrap/Cnt[1]_i_1__1_n_0
    SLICE_X40Y2          FDRE                                         r  u_hdmi_tx/i_wrap/TMDS_2/i_Enc/Cnt_reg[1]/D
  -------------------------------------------------------------------    -------------------

                         (clock clk_25MHz_clk_wiz_0 rise edge)
                                                      0.000     0.000 r  
    D7                                                0.000     0.000 r  i_clk_100mhz_p (IN)
                         net (fo=0)                   0.100     0.100    u_clk_wiz_0/inst/clkin1_ibufds/I
    HPIOBDIFFINBUF_X0Y60 DIFFINBUF (Prop_DIFFINBUF_HPIOBDIFFINBUF_DIFF_IN_P_O)
                                                      0.400     0.500 r  u_clk_wiz_0/inst/clkin1_ibufds/DIFFINBUF_INST/O
                         net (fo=1, routed)           0.050     0.550    u_clk_wiz_0/inst/clkin1_ibufds/OUT
    D7                   IBUFCTRL (Prop_IBUFCTRL_HPIOB_M_I_O)
                                                      0.000     0.550 r  u_clk_wiz_0/inst/clkin1_ibufds/IBUFCTRL_INST/O
                         net (fo=1, routed)           0.222     0.772    u_clk_wiz_0/inst/clk_in1_clk_wiz_0
    MMCM_X0Y2            MMCME4_ADV (Prop_MMCM_CLKIN1_CLKOUT0)
                                                     -2.279    -1.507 r  u_clk_wiz_0/inst/mmcme4_adv_inst/CLKOUT0
                         net (fo=1, routed)           0.166    -1.341    u_clk_wiz_0/inst/clk_25MHz_clk_wiz_0
    BUFGCE_X0Y49         BUFGCE (Prop_BUFCE_BUFGCE_I_O)
                                                      0.019    -1.322 r  u_clk_wiz_0/inst/clkout1_buf/O
    X1Y1 (CLOCK_ROOT)    net (fo=87, routed)          1.211    -0.111    u_hdmi_tx/i_wrap/pxClk
    SLICE_X40Y2          FDRE                                         r  u_hdmi_tx/i_wrap/TMDS_2/i_Enc/Cnt_reg[1]/C
                         clock pessimism             -0.060    -0.171    
    SLICE_X40Y2          FDRE (Hold_BFF_SLICEM_C_D)
                                                      0.046    -0.125    u_hdmi_tx/i_wrap/TMDS_2/i_Enc/Cnt_reg[1]
  -------------------------------------------------------------------
                         required time                          0.125    
                         arrival time                          -0.068    
  -------------------------------------------------------------------
                         slack                                  0.057    

Slack (MET) :             0.059ns  (arrival time - required time)
  Source:                 u_video_timing/cntY_reg[7]/C
                            (rising edge-triggered cell FDRE clocked by clk_25MHz_clk_wiz_0  {rise@0.000ns fall@20.000ns period=40.000ns})
  Destination:            u_video_timing/cntY_reg[7]/D
                            (rising edge-triggered cell FDRE clocked by clk_25MHz_clk_wiz_0  {rise@0.000ns fall@20.000ns period=40.000ns})
  Path Group:             clk_25MHz_clk_wiz_0
  Path Type:              Hold (Min at Fast Process Corner)
  Requirement:            0.000ns  (clk_25MHz_clk_wiz_0 rise@0.000ns - clk_25MHz_clk_wiz_0 rise@0.000ns)
  Data Path Delay:        0.111ns  (logic 0.052ns (46.686%)  route 0.059ns (53.314%))
  Logic Levels:           1  (LUT6=1)
  Clock Path Skew:        0.006ns (DCD - SCD - CPR)
    Destination Clock Delay (DCD):    -0.111ns
    Source Clock Delay      (SCD):    -0.177ns
    Clock Pessimism Removal (CPR):    0.061ns
  Clock Net Delay (Source):      1.070ns (routing 0.465ns, distribution 0.605ns)
  Clock Net Delay (Destination): 1.211ns (routing 0.519ns, distribution 0.692ns)

    Location             Delay type                Incr(ns)  Path(ns)    Netlist Resource(s)
  -------------------------------------------------------------------    -------------------
                         (clock clk_25MHz_clk_wiz_0 rise edge)
                                                      0.000     0.000 r  
    D7                                                0.000     0.000 r  i_clk_100mhz_p (IN)
                         net (fo=0)                   0.079     0.079    u_clk_wiz_0/inst/clkin1_ibufds/I
    HPIOBDIFFINBUF_X0Y60 DIFFINBUF (Prop_DIFFINBUF_HPIOBDIFFINBUF_DIFF_IN_P_O)
                                                      0.295     0.374 r  u_clk_wiz_0/inst/clkin1_ibufds/DIFFINBUF_INST/O
                         net (fo=1, routed)           0.040     0.414    u_clk_wiz_0/inst/clkin1_ibufds/OUT
    D7                   IBUFCTRL (Prop_IBUFCTRL_HPIOB_M_I_O)
                                                      0.000     0.414 r  u_clk_wiz_0/inst/clkin1_ibufds/IBUFCTRL_INST/O
                         net (fo=1, routed)           0.196     0.610    u_clk_wiz_0/inst/clk_in1_clk_wiz_0
    MMCM_X0Y2            MMCME4_ADV (Prop_MMCM_CLKIN1_CLKOUT0)
                                                     -2.020    -1.410 r  u_clk_wiz_0/inst/mmcme4_adv_inst/CLKOUT0
                         net (fo=1, routed)           0.146    -1.264    u_clk_wiz_0/inst/clk_25MHz_clk_wiz_0
    BUFGCE_X0Y49         BUFGCE (Prop_BUFCE_BUFGCE_I_O)
                                                      0.017    -1.247 r  u_clk_wiz_0/inst/clkout1_buf/O
    X1Y1 (CLOCK_ROOT)    net (fo=87, routed)          1.070    -0.177    u_video_timing/CLK
    SLICE_X39Y4          FDRE                                         r  u_video_timing/cntY_reg[7]/C
  -------------------------------------------------------------------    -------------------
    SLICE_X39Y4          FDRE (Prop_CFF_SLICEM_C_Q)
                                                      0.038    -0.139 r  u_video_timing/cntY_reg[7]/Q
                         net (fo=20, routed)          0.035    -0.104    u_video_timing/cntY_reg[9]_0[7]
    SLICE_X39Y4          LUT6 (Prop_C6LUT_SLICEM_I0_O)
                                                      0.014    -0.090 r  u_video_timing/cntY[7]_i_1/O
                         net (fo=1, routed)           0.024    -0.066    u_video_timing/plusOp__0[7]
    SLICE_X39Y4          FDRE                                         r  u_video_timing/cntY_reg[7]/D
  -------------------------------------------------------------------    -------------------

                         (clock clk_25MHz_clk_wiz_0 rise edge)
                                                      0.000     0.000 r  
    D7                                                0.000     0.000 r  i_clk_100mhz_p (IN)
                         net (fo=0)                   0.100     0.100    u_clk_wiz_0/inst/clkin1_ibufds/I
    HPIOBDIFFINBUF_X0Y60 DIFFINBUF (Prop_DIFFINBUF_HPIOBDIFFINBUF_DIFF_IN_P_O)
                                                      0.400     0.500 r  u_clk_wiz_0/inst/clkin1_ibufds/DIFFINBUF_INST/O
                         net (fo=1, routed)           0.050     0.550    u_clk_wiz_0/inst/clkin1_ibufds/OUT
    D7                   IBUFCTRL (Prop_IBUFCTRL_HPIOB_M_I_O)
                                                      0.000     0.550 r  u_clk_wiz_0/inst/clkin1_ibufds/IBUFCTRL_INST/O
                         net (fo=1, routed)           0.222     0.772    u_clk_wiz_0/inst/clk_in1_clk_wiz_0
    MMCM_X0Y2            MMCME4_ADV (Prop_MMCM_CLKIN1_CLKOUT0)
                                                     -2.279    -1.507 r  u_clk_wiz_0/inst/mmcme4_adv_inst/CLKOUT0
                         net (fo=1, routed)           0.166    -1.341    u_clk_wiz_0/inst/clk_25MHz_clk_wiz_0
    BUFGCE_X0Y49         BUFGCE (Prop_BUFCE_BUFGCE_I_O)
                                                      0.019    -1.322 r  u_clk_wiz_0/inst/clkout1_buf/O
    X1Y1 (CLOCK_ROOT)    net (fo=87, routed)          1.211    -0.111    u_video_timing/CLK
    SLICE_X39Y4          FDRE                                         r  u_video_timing/cntY_reg[7]/C
                         clock pessimism             -0.061    -0.171    
    SLICE_X39Y4          FDRE (Hold_CFF_SLICEM_C_D)
                                                      0.046    -0.125    u_video_timing/cntY_reg[7]
  -------------------------------------------------------------------
                         required time                          0.125    
                         arrival time                          -0.066    
  -------------------------------------------------------------------
                         slack                                  0.059    

Slack (MET) :             0.061ns  (arrival time - required time)
  Source:                 u_img_gen/Sq_posY_reg[8]/C
                            (rising edge-triggered cell FDRE clocked by clk_25MHz_clk_wiz_0  {rise@0.000ns fall@20.000ns period=40.000ns})
  Destination:            u_img_gen/Sq_posY_reg[9]/D
                            (rising edge-triggered cell FDRE clocked by clk_25MHz_clk_wiz_0  {rise@0.000ns fall@20.000ns period=40.000ns})
  Path Group:             clk_25MHz_clk_wiz_0
  Path Type:              Hold (Min at Fast Process Corner)
  Requirement:            0.000ns  (clk_25MHz_clk_wiz_0 rise@0.000ns - clk_25MHz_clk_wiz_0 rise@0.000ns)
  Data Path Delay:        0.159ns  (logic 0.073ns (45.870%)  route 0.086ns (54.130%))
  Logic Levels:           2  (CARRY8=1 LUT2=1)
  Clock Path Skew:        0.052ns (DCD - SCD - CPR)
    Destination Clock Delay (DCD):    -0.116ns
    Source Clock Delay      (SCD):    -0.182ns
    Clock Pessimism Removal (CPR):    0.015ns
  Clock Net Delay (Source):      1.065ns (routing 0.465ns, distribution 0.600ns)
  Clock Net Delay (Destination): 1.206ns (routing 0.519ns, distribution 0.687ns)

    Location             Delay type                Incr(ns)  Path(ns)    Netlist Resource(s)
  -------------------------------------------------------------------    -------------------
                         (clock clk_25MHz_clk_wiz_0 rise edge)
                                                      0.000     0.000 r  
    D7                                                0.000     0.000 r  i_clk_100mhz_p (IN)
                         net (fo=0)                   0.079     0.079    u_clk_wiz_0/inst/clkin1_ibufds/I
    HPIOBDIFFINBUF_X0Y60 DIFFINBUF (Prop_DIFFINBUF_HPIOBDIFFINBUF_DIFF_IN_P_O)
                                                      0.295     0.374 r  u_clk_wiz_0/inst/clkin1_ibufds/DIFFINBUF_INST/O
                         net (fo=1, routed)           0.040     0.414    u_clk_wiz_0/inst/clkin1_ibufds/OUT
    D7                   IBUFCTRL (Prop_IBUFCTRL_HPIOB_M_I_O)
                                                      0.000     0.414 r  u_clk_wiz_0/inst/clkin1_ibufds/IBUFCTRL_INST/O
                         net (fo=1, routed)           0.196     0.610    u_clk_wiz_0/inst/clk_in1_clk_wiz_0
    MMCM_X0Y2            MMCME4_ADV (Prop_MMCM_CLKIN1_CLKOUT0)
                                                     -2.020    -1.410 r  u_clk_wiz_0/inst/mmcme4_adv_inst/CLKOUT0
                         net (fo=1, routed)           0.146    -1.264    u_clk_wiz_0/inst/clk_25MHz_clk_wiz_0
    BUFGCE_X0Y49         BUFGCE (Prop_BUFCE_BUFGCE_I_O)
                                                      0.017    -1.247 r  u_clk_wiz_0/inst/clkout1_buf/O
    X1Y1 (CLOCK_ROOT)    net (fo=87, routed)          1.065    -0.182    u_img_gen/CLK
    SLICE_X38Y6          FDRE                                         r  u_img_gen/Sq_posY_reg[8]/C
  -------------------------------------------------------------------    -------------------
    SLICE_X38Y6          FDRE (Prop_CFF2_SLICEL_C_Q)
                                                      0.040    -0.142 r  u_img_gen/Sq_posY_reg[8]/Q
                         net (fo=7, routed)           0.069    -0.073    u_img_gen/Sq_posY_reg[9]_0[8]
    SLICE_X39Y7          LUT2 (Prop_A6LUT_SLICEM_I0_O)
                                                      0.014    -0.059 r  u_img_gen/next_posY_carry__0_i_2/O
                         net (fo=1, routed)           0.010    -0.049    u_img_gen/next_posY_carry__0_i_2_n_0
    SLICE_X39Y7          CARRY8 (Prop_CARRY8_SLICEM_S[0]_O[0])
                                                      0.019    -0.030 r  u_img_gen/next_posY_carry__0/O[0]
                         net (fo=2, routed)           0.007    -0.023    u_img_gen/next_posY[9]
    SLICE_X39Y7          FDRE                                         r  u_img_gen/Sq_posY_reg[9]/D
  -------------------------------------------------------------------    -------------------

                         (clock clk_25MHz_clk_wiz_0 rise edge)
                                                      0.000     0.000 r  
    D7                                                0.000     0.000 r  i_clk_100mhz_p (IN)
                         net (fo=0)                   0.100     0.100    u_clk_wiz_0/inst/clkin1_ibufds/I
    HPIOBDIFFINBUF_X0Y60 DIFFINBUF (Prop_DIFFINBUF_HPIOBDIFFINBUF_DIFF_IN_P_O)
                                                      0.400     0.500 r  u_clk_wiz_0/inst/clkin1_ibufds/DIFFINBUF_INST/O
                         net (fo=1, routed)           0.050     0.550    u_clk_wiz_0/inst/clkin1_ibufds/OUT
    D7                   IBUFCTRL (Prop_IBUFCTRL_HPIOB_M_I_O)
                                                      0.000     0.550 r  u_clk_wiz_0/inst/clkin1_ibufds/IBUFCTRL_INST/O
                         net (fo=1, routed)           0.222     0.772    u_clk_wiz_0/inst/clk_in1_clk_wiz_0
    MMCM_X0Y2            MMCME4_ADV (Prop_MMCM_CLKIN1_CLKOUT0)
                                                     -2.279    -1.507 r  u_clk_wiz_0/inst/mmcme4_adv_inst/CLKOUT0
                         net (fo=1, routed)           0.166    -1.341    u_clk_wiz_0/inst/clk_25MHz_clk_wiz_0
    BUFGCE_X0Y49         BUFGCE (Prop_BUFCE_BUFGCE_I_O)
                                                      0.019    -1.322 r  u_clk_wiz_0/inst/clkout1_buf/O
    X1Y1 (CLOCK_ROOT)    net (fo=87, routed)          1.206    -0.116    u_img_gen/CLK
    SLICE_X39Y7          FDRE                                         r  u_img_gen/Sq_posY_reg[9]/C
                         clock pessimism             -0.015    -0.130    
    SLICE_X39Y7          FDRE (Hold_AFF_SLICEM_C_D)
                                                      0.046    -0.084    u_img_gen/Sq_posY_reg[9]
  -------------------------------------------------------------------
                         required time                          0.084    
                         arrival time                          -0.023    
  -------------------------------------------------------------------
                         slack                                  0.061    





Pulse Width Checks
--------------------------------------------------------------------------------------
Clock Name:         clk_25MHz_clk_wiz_0
Waveform(ns):       { 0.000 20.000 }
Period(ns):         40.000
Sources:            { u_clk_wiz_0/inst/mmcme4_adv_inst/CLKOUT0 }

Check Type        Corner  Lib Pin             Reference Pin  Required(ns)  Actual(ns)  Slack(ns)  Location      Pin
Min Period        n/a     BUFGCE/I            n/a            1.290         40.000      38.710     BUFGCE_X0Y49  u_clk_wiz_0/inst/clkout1_buf/I
Min Period        n/a     MMCME4_ADV/CLKOUT0  n/a            1.071         40.000      38.929     MMCM_X0Y2     u_clk_wiz_0/inst/mmcme4_adv_inst/CLKOUT0
Min Period        n/a     FDRE/C              n/a            0.550         40.000      39.450     SLICE_X35Y4   u_hdmi_tx/i_wrap/TMDS_0/i_Enc/Cnt_reg[1]/C
Min Period        n/a     FDRE/C              n/a            0.550         40.000      39.450     SLICE_X35Y5   u_hdmi_tx/i_wrap/TMDS_0/i_Enc/Cnt_reg[2]/C
Min Period        n/a     FDRE/C              n/a            0.550         40.000      39.450     SLICE_X33Y4   u_hdmi_tx/i_wrap/TMDS_0/i_Enc/Cnt_reg[3]/C
Min Period        n/a     FDRE/C              n/a            0.550         40.000      39.450     SLICE_X34Y5   u_hdmi_tx/i_wrap/TMDS_0/i_Enc/Cnt_reg[4]/C
Min Period        n/a     FDRE/C              n/a            0.550         40.000      39.450     SLICE_X37Y10  u_hdmi_tx/i_wrap/TMDS_0/i_Enc/qC1C0_reg[0]/C
Min Period        n/a     FDRE/C              n/a            0.550         40.000      39.450     SLICE_X38Y6   u_hdmi_tx/i_wrap/TMDS_0/i_Enc/qC1C0_reg[1]/C
Min Period        n/a     FDRE/C              n/a            0.550         40.000      39.450     SLICE_X39Y8   u_hdmi_tx/i_wrap/TMDS_0/i_Enc/qDE_reg/C
Min Period        n/a     FDRE/C              n/a            0.550         40.000      39.450     SLICE_X37Y6   u_hdmi_tx/i_wrap/TMDS_0/i_Enc/qD_reg[0]/C
Low Pulse Width   Slow    FDRE/C              n/a            0.275         20.000      19.725     SLICE_X35Y4   u_hdmi_tx/i_wrap/TMDS_0/i_Enc/Cnt_reg[1]/C
Low Pulse Width   Fast    FDRE/C              n/a            0.275         20.000      19.725     SLICE_X35Y4   u_hdmi_tx/i_wrap/TMDS_0/i_Enc/Cnt_reg[1]/C
Low Pulse Width   Slow    FDRE/C              n/a            0.275         20.000      19.725     SLICE_X35Y5   u_hdmi_tx/i_wrap/TMDS_0/i_Enc/Cnt_reg[2]/C
Low Pulse Width   Fast    FDRE/C              n/a            0.275         20.000      19.725     SLICE_X35Y5   u_hdmi_tx/i_wrap/TMDS_0/i_Enc/Cnt_reg[2]/C
Low Pulse Width   Slow    FDRE/C              n/a            0.275         20.000      19.725     SLICE_X33Y4   u_hdmi_tx/i_wrap/TMDS_0/i_Enc/Cnt_reg[3]/C
Low Pulse Width   Fast    FDRE/C              n/a            0.275         20.000      19.725     SLICE_X33Y4   u_hdmi_tx/i_wrap/TMDS_0/i_Enc/Cnt_reg[3]/C
Low Pulse Width   Slow    FDRE/C              n/a            0.275         20.000      19.725     SLICE_X34Y5   u_hdmi_tx/i_wrap/TMDS_0/i_Enc/Cnt_reg[4]/C
Low Pulse Width   Fast    FDRE/C              n/a            0.275         20.000      19.725     SLICE_X34Y5   u_hdmi_tx/i_wrap/TMDS_0/i_Enc/Cnt_reg[4]/C
Low Pulse Width   Slow    FDRE/C              n/a            0.275         20.000      19.725     SLICE_X37Y10  u_hdmi_tx/i_wrap/TMDS_0/i_Enc/qC1C0_reg[0]/C
Low Pulse Width   Fast    FDRE/C              n/a            0.275         20.000      19.725     SLICE_X37Y10  u_hdmi_tx/i_wrap/TMDS_0/i_Enc/qC1C0_reg[0]/C
High Pulse Width  Slow    FDRE/C              n/a            0.275         20.000      19.725     SLICE_X35Y4   u_hdmi_tx/i_wrap/TMDS_0/i_Enc/Cnt_reg[1]/C
High Pulse Width  Fast    FDRE/C              n/a            0.275         20.000      19.725     SLICE_X35Y4   u_hdmi_tx/i_wrap/TMDS_0/i_Enc/Cnt_reg[1]/C
High Pulse Width  Slow    FDRE/C              n/a            0.275         20.000      19.725     SLICE_X35Y5   u_hdmi_tx/i_wrap/TMDS_0/i_Enc/Cnt_reg[2]/C
High Pulse Width  Fast    FDRE/C              n/a            0.275         20.000      19.725     SLICE_X35Y5   u_hdmi_tx/i_wrap/TMDS_0/i_Enc/Cnt_reg[2]/C
High Pulse Width  Slow    FDRE/C              n/a            0.275         20.000      19.725     SLICE_X33Y4   u_hdmi_tx/i_wrap/TMDS_0/i_Enc/Cnt_reg[3]/C
High Pulse Width  Fast    FDRE/C              n/a            0.275         20.000      19.725     SLICE_X33Y4   u_hdmi_tx/i_wrap/TMDS_0/i_Enc/Cnt_reg[3]/C
High Pulse Width  Slow    FDRE/C              n/a            0.275         20.000      19.725     SLICE_X34Y5   u_hdmi_tx/i_wrap/TMDS_0/i_Enc/Cnt_reg[4]/C
High Pulse Width  Fast    FDRE/C              n/a            0.275         20.000      19.725     SLICE_X34Y5   u_hdmi_tx/i_wrap/TMDS_0/i_Enc/Cnt_reg[4]/C
High Pulse Width  Slow    FDRE/C              n/a            0.275         20.000      19.725     SLICE_X37Y10  u_hdmi_tx/i_wrap/TMDS_0/i_Enc/qC1C0_reg[0]/C
High Pulse Width  Fast    FDRE/C              n/a            0.275         20.000      19.725     SLICE_X37Y10  u_hdmi_tx/i_wrap/TMDS_0/i_Enc/qC1C0_reg[0]/C



---------------------------------------------------------------------------------------------------
From Clock:  clkfbout_clk_wiz_0
  To Clock:  clkfbout_clk_wiz_0

Setup :           NA  Failing Endpoints,  Worst Slack           NA  ,  Total Violation           NA
Hold  :           NA  Failing Endpoints,  Worst Slack           NA  ,  Total Violation           NA
PW    :            0  Failing Endpoints,  Worst Slack        8.710ns,  Total Violation        0.000ns
---------------------------------------------------------------------------------------------------


Pulse Width Checks
--------------------------------------------------------------------------------------
Clock Name:         clkfbout_clk_wiz_0
Waveform(ns):       { 0.000 5.000 }
Period(ns):         10.000
Sources:            { u_clk_wiz_0/inst/mmcme4_adv_inst/CLKFBOUT }

Check Type  Corner  Lib Pin              Reference Pin  Required(ns)  Actual(ns)  Slack(ns)  Location      Pin
Min Period  n/a     BUFGCE/I             n/a            1.290         10.000      8.710      BUFGCE_X0Y50  u_clk_wiz_0/inst/clkf_buf/I
Min Period  n/a     MMCME4_ADV/CLKFBOUT  n/a            1.071         10.000      8.929      MMCM_X0Y2     u_clk_wiz_0/inst/mmcme4_adv_inst/CLKFBOUT
Min Period  n/a     MMCME4_ADV/CLKFBIN   n/a            1.071         10.000      8.929      MMCM_X0Y2     u_clk_wiz_0/inst/mmcme4_adv_inst/CLKFBIN
Max Period  n/a     MMCME4_ADV/CLKFBIN   n/a            100.000       10.000      90.000     MMCM_X0Y2     u_clk_wiz_0/inst/mmcme4_adv_inst/CLKFBIN



---------------------------------------------------------------------------------------------------
From Clock:  clk_25MHz_clk_wiz_0
  To Clock:  clk_125MHz_clk_wiz_0

Setup :            0  Failing Endpoints,  Worst Slack        3.211ns,  Total Violation        0.000ns
Hold  :            0  Failing Endpoints,  Worst Slack        0.075ns,  Total Violation        0.000ns
---------------------------------------------------------------------------------------------------


Max Delay Paths
--------------------------------------------------------------------------------------
Slack (MET) :             3.211ns  (required time - arrival time)
  Source:                 u_hdmi_tx/i_wrap/TMDS_0/i_Enc/qD_reg[6]/C
                            (rising edge-triggered cell FDRE clocked by clk_25MHz_clk_wiz_0  {rise@0.000ns fall@20.000ns period=40.000ns})
  Destination:            u_hdmi_tx/i_wrap/TMDS_0/i_GBox/sReg_reg[0]/D
                            (rising edge-triggered cell FDRE clocked by clk_125MHz_clk_wiz_0  {rise@0.000ns fall@4.000ns period=8.000ns})
  Path Group:             clk_125MHz_clk_wiz_0
  Path Type:              Setup (Max at Slow Process Corner)
  Requirement:            8.000ns  (clk_125MHz_clk_wiz_0 rise@8.000ns - clk_25MHz_clk_wiz_0 rise@0.000ns)
  Data Path Delay:        4.331ns  (logic 0.633ns (14.617%)  route 3.698ns (85.383%))
  Logic Levels:           7  (LUT3=1 LUT4=1 LUT5=1 LUT6=4)
  Clock Path Skew:        -0.281ns (DCD - SCD + CPR)
    Destination Clock Delay (DCD):    -0.249ns = ( 7.751 - 8.000 ) 
    Source Clock Delay      (SCD):    -0.185ns
    Clock Pessimism Removal (CPR):    -0.217ns
  Clock Uncertainty:      0.202ns  ((TSJ^2 + DJ^2)^1/2) / 2 + PE
    Total System Jitter     (TSJ):    0.071ns
    Discrete Jitter          (DJ):    0.148ns
    Phase Error              (PE):    0.120ns
  Clock Net Delay (Source):      1.903ns (routing 0.847ns, distribution 1.056ns)
  Clock Net Delay (Destination): 1.651ns (routing 0.938ns, distribution 0.713ns)

    Location             Delay type                Incr(ns)  Path(ns)    Netlist Resource(s)
  -------------------------------------------------------------------    -------------------
                         (clock clk_25MHz_clk_wiz_0 rise edge)
                                                      0.000     0.000 r  
    D7                                                0.000     0.000 r  i_clk_100mhz_p (IN)
                         net (fo=0)                   0.100     0.100    u_clk_wiz_0/inst/clkin1_ibufds/I
    HPIOBDIFFINBUF_X0Y60 DIFFINBUF (Prop_DIFFINBUF_HPIOBDIFFINBUF_DIFF_IN_P_O)
                                                      0.629     0.729 r  u_clk_wiz_0/inst/clkin1_ibufds/DIFFINBUF_INST/O
                         net (fo=1, routed)           0.050     0.779    u_clk_wiz_0/inst/clkin1_ibufds/OUT
    D7                   IBUFCTRL (Prop_IBUFCTRL_HPIOB_M_I_O)
                                                      0.000     0.779 r  u_clk_wiz_0/inst/clkin1_ibufds/IBUFCTRL_INST/O
                         net (fo=1, routed)           0.384     1.163    u_clk_wiz_0/inst/clk_in1_clk_wiz_0
    MMCM_X0Y2            MMCME4_ADV (Prop_MMCM_CLKIN1_CLKOUT0)
                                                     -3.524    -2.361 r  u_clk_wiz_0/inst/mmcme4_adv_inst/CLKOUT0
                         net (fo=1, routed)           0.245    -2.116    u_clk_wiz_0/inst/clk_25MHz_clk_wiz_0
    BUFGCE_X0Y49         BUFGCE (Prop_BUFCE_BUFGCE_I_O)
                                                      0.028    -2.088 r  u_clk_wiz_0/inst/clkout1_buf/O
    X1Y1 (CLOCK_ROOT)    net (fo=87, routed)          1.903    -0.185    u_hdmi_tx/i_wrap/pxClk
    SLICE_X37Y5          FDRE                                         r  u_hdmi_tx/i_wrap/TMDS_0/i_Enc/qD_reg[6]/C
  -------------------------------------------------------------------    -------------------
    SLICE_X37Y5          FDRE (Prop_AFF_SLICEM_C_Q)
                                                      0.077    -0.108 r  u_hdmi_tx/i_wrap/TMDS_0/i_Enc/qD_reg[6]/Q
                         net (fo=8, routed)           0.788     0.680    u_hdmi_tx/i_wrap/TMDS_0/i_Enc/p_10_in
    SLICE_X34Y6          LUT3 (Prop_D5LUT_SLICEM_I2_O)
                                                      0.110     0.790 f  u_hdmi_tx/i_wrap/g0_b2_i_4/O
                         net (fo=1, routed)           0.638     1.428    u_hdmi_tx/i_wrap/g0_b2_i_4_n_0
    SLICE_X36Y7          LUT6 (Prop_D6LUT_SLICEL_I5_O)
                                                      0.122     1.550 r  u_hdmi_tx/i_wrap/g0_b2_i_1/O
                         net (fo=21, routed)          0.540     2.090    u_hdmi_tx/i_wrap/g0_b2_i_1_n_0
    SLICE_X34Y6          LUT6 (Prop_H6LUT_SLICEM_I4_O)
                                                      0.053     2.143 r  u_hdmi_tx/i_wrap/g0_b1__2/O
                         net (fo=4, routed)           0.413     2.557    u_hdmi_tx/i_wrap/g0_b1__2_n_0
    SLICE_X35Y5          LUT6 (Prop_A6LUT_SLICEL_I0_O)
                                                      0.035     2.592 r  u_hdmi_tx/i_wrap/Cnt[4]_i_10__1/O
                         net (fo=12, routed)          0.327     2.919    u_hdmi_tx/i_wrap/Cnt[4]_i_10__1_n_0
    SLICE_X33Y4          LUT4 (Prop_C5LUT_SLICEL_I0_O)
                                                      0.110     3.029 f  u_hdmi_tx/i_wrap/Cnt[4]_i_4/O
                         net (fo=8, routed)           0.508     3.537    u_hdmi_tx/i_wrap/Cnt[4]_i_4_n_0
    SLICE_X35Y5          LUT5 (Prop_F6LUT_SLICEL_I0_O)
                                                      0.089     3.626 r  u_hdmi_tx/i_wrap/sReg[9]_i_2/O
                         net (fo=6, routed)           0.411     4.037    u_hdmi_tx/i_wrap/sReg[9]_i_2_n_0
    SLICE_X34Y7          LUT6 (Prop_D6LUT_SLICEM_I1_O)
                                                      0.037     4.074 r  u_hdmi_tx/i_wrap/sReg[0]_i_1/O
                         net (fo=1, routed)           0.072     4.146    u_hdmi_tx/i_wrap/sReg[0]_i_1_n_0
    SLICE_X34Y7          FDRE                                         r  u_hdmi_tx/i_wrap/TMDS_0/i_GBox/sReg_reg[0]/D
  -------------------------------------------------------------------    -------------------

                         (clock clk_125MHz_clk_wiz_0 rise edge)
                                                      8.000     8.000 r  
    D7                                                0.000     8.000 r  i_clk_100mhz_p (IN)
                         net (fo=0)                   0.079     8.079    u_clk_wiz_0/inst/clkin1_ibufds/I
    HPIOBDIFFINBUF_X0Y60 DIFFINBUF (Prop_DIFFINBUF_HPIOBDIFFINBUF_DIFF_IN_P_O)
                                                      0.519     8.598 r  u_clk_wiz_0/inst/clkin1_ibufds/DIFFINBUF_INST/O
                         net (fo=1, routed)           0.040     8.638    u_clk_wiz_0/inst/clkin1_ibufds/OUT
    D7                   IBUFCTRL (Prop_IBUFCTRL_HPIOB_M_I_O)
                                                      0.000     8.638 r  u_clk_wiz_0/inst/clkin1_ibufds/IBUFCTRL_INST/O
                         net (fo=1, routed)           0.333     8.971    u_clk_wiz_0/inst/clk_in1_clk_wiz_0
    MMCM_X0Y2            MMCME4_ADV (Prop_MMCM_CLKIN1_CLKOUT1)
                                                     -3.115     5.856 r  u_clk_wiz_0/inst/mmcme4_adv_inst/CLKOUT1
                         net (fo=1, routed)           0.220     6.076    u_clk_wiz_0/inst/clk_125MHz_clk_wiz_0
    BUFGCE_X0Y54         BUFGCE (Prop_BUFCE_BUFGCE_I_O)
                                                      0.024     6.100 r  u_clk_wiz_0/inst/clkout2_buf/O
    X1Y0 (CLOCK_ROOT)    net (fo=53, routed)          1.651     7.751    u_hdmi_tx/i_wrap/pxClkX5
    SLICE_X34Y7          FDRE                                         r  u_hdmi_tx/i_wrap/TMDS_0/i_GBox/sReg_reg[0]/C
                         clock pessimism             -0.217     7.534    
                         clock uncertainty           -0.202     7.332    
    SLICE_X34Y7          FDRE (Setup_DFF_SLICEM_C_D)
                                                      0.025     7.357    u_hdmi_tx/i_wrap/TMDS_0/i_GBox/sReg_reg[0]
  -------------------------------------------------------------------
                         required time                          7.357    
                         arrival time                          -4.146    
  -------------------------------------------------------------------
                         slack                                  3.211    

Slack (MET) :             3.216ns  (required time - arrival time)
  Source:                 u_hdmi_tx/i_wrap/TMDS_0/i_Enc/qD_reg[6]/C
                            (rising edge-triggered cell FDRE clocked by clk_25MHz_clk_wiz_0  {rise@0.000ns fall@20.000ns period=40.000ns})
  Destination:            u_hdmi_tx/i_wrap/TMDS_0/i_GBox/sReg_reg[2]/D
                            (rising edge-triggered cell FDRE clocked by clk_125MHz_clk_wiz_0  {rise@0.000ns fall@4.000ns period=8.000ns})
  Path Group:             clk_125MHz_clk_wiz_0
  Path Type:              Setup (Max at Slow Process Corner)
  Requirement:            8.000ns  (clk_125MHz_clk_wiz_0 rise@8.000ns - clk_25MHz_clk_wiz_0 rise@0.000ns)
  Data Path Delay:        4.326ns  (logic 0.633ns (14.634%)  route 3.693ns (85.366%))
  Logic Levels:           7  (LUT3=1 LUT4=1 LUT5=1 LUT6=4)
  Clock Path Skew:        -0.281ns (DCD - SCD + CPR)
    Destination Clock Delay (DCD):    -0.249ns = ( 7.751 - 8.000 ) 
    Source Clock Delay      (SCD):    -0.185ns
    Clock Pessimism Removal (CPR):    -0.217ns
  Clock Uncertainty:      0.202ns  ((TSJ^2 + DJ^2)^1/2) / 2 + PE
    Total System Jitter     (TSJ):    0.071ns
    Discrete Jitter          (DJ):    0.148ns
    Phase Error              (PE):    0.120ns
  Clock Net Delay (Source):      1.903ns (routing 0.847ns, distribution 1.056ns)
  Clock Net Delay (Destination): 1.651ns (routing 0.938ns, distribution 0.713ns)

    Location             Delay type                Incr(ns)  Path(ns)    Netlist Resource(s)
  -------------------------------------------------------------------    -------------------
                         (clock clk_25MHz_clk_wiz_0 rise edge)
                                                      0.000     0.000 r  
    D7                                                0.000     0.000 r  i_clk_100mhz_p (IN)
                         net (fo=0)                   0.100     0.100    u_clk_wiz_0/inst/clkin1_ibufds/I
    HPIOBDIFFINBUF_X0Y60 DIFFINBUF (Prop_DIFFINBUF_HPIOBDIFFINBUF_DIFF_IN_P_O)
                                                      0.629     0.729 r  u_clk_wiz_0/inst/clkin1_ibufds/DIFFINBUF_INST/O
                         net (fo=1, routed)           0.050     0.779    u_clk_wiz_0/inst/clkin1_ibufds/OUT
    D7                   IBUFCTRL (Prop_IBUFCTRL_HPIOB_M_I_O)
                                                      0.000     0.779 r  u_clk_wiz_0/inst/clkin1_ibufds/IBUFCTRL_INST/O
                         net (fo=1, routed)           0.384     1.163    u_clk_wiz_0/inst/clk_in1_clk_wiz_0
    MMCM_X0Y2            MMCME4_ADV (Prop_MMCM_CLKIN1_CLKOUT0)
                                                     -3.524    -2.361 r  u_clk_wiz_0/inst/mmcme4_adv_inst/CLKOUT0
                         net (fo=1, routed)           0.245    -2.116    u_clk_wiz_0/inst/clk_25MHz_clk_wiz_0
    BUFGCE_X0Y49         BUFGCE (Prop_BUFCE_BUFGCE_I_O)
                                                      0.028    -2.088 r  u_clk_wiz_0/inst/clkout1_buf/O
    X1Y1 (CLOCK_ROOT)    net (fo=87, routed)          1.903    -0.185    u_hdmi_tx/i_wrap/pxClk
    SLICE_X37Y5          FDRE                                         r  u_hdmi_tx/i_wrap/TMDS_0/i_Enc/qD_reg[6]/C
  -------------------------------------------------------------------    -------------------
    SLICE_X37Y5          FDRE (Prop_AFF_SLICEM_C_Q)
                                                      0.077    -0.108 r  u_hdmi_tx/i_wrap/TMDS_0/i_Enc/qD_reg[6]/Q
                         net (fo=8, routed)           0.788     0.680    u_hdmi_tx/i_wrap/TMDS_0/i_Enc/p_10_in
    SLICE_X34Y6          LUT3 (Prop_D5LUT_SLICEM_I2_O)
                                                      0.110     0.790 f  u_hdmi_tx/i_wrap/g0_b2_i_4/O
                         net (fo=1, routed)           0.638     1.428    u_hdmi_tx/i_wrap/g0_b2_i_4_n_0
    SLICE_X36Y7          LUT6 (Prop_D6LUT_SLICEL_I5_O)
                                                      0.122     1.550 r  u_hdmi_tx/i_wrap/g0_b2_i_1/O
                         net (fo=21, routed)          0.540     2.090    u_hdmi_tx/i_wrap/g0_b2_i_1_n_0
    SLICE_X34Y6          LUT6 (Prop_H6LUT_SLICEM_I4_O)
                                                      0.053     2.143 r  u_hdmi_tx/i_wrap/g0_b1__2/O
                         net (fo=4, routed)           0.413     2.557    u_hdmi_tx/i_wrap/g0_b1__2_n_0
    SLICE_X35Y5          LUT6 (Prop_A6LUT_SLICEL_I0_O)
                                                      0.035     2.592 r  u_hdmi_tx/i_wrap/Cnt[4]_i_10__1/O
                         net (fo=12, routed)          0.327     2.919    u_hdmi_tx/i_wrap/Cnt[4]_i_10__1_n_0
    SLICE_X33Y4          LUT4 (Prop_C5LUT_SLICEL_I0_O)
                                                      0.110     3.029 f  u_hdmi_tx/i_wrap/Cnt[4]_i_4/O
                         net (fo=8, routed)           0.508     3.537    u_hdmi_tx/i_wrap/Cnt[4]_i_4_n_0
    SLICE_X35Y5          LUT5 (Prop_F6LUT_SLICEL_I0_O)
                                                      0.089     3.626 r  u_hdmi_tx/i_wrap/sReg[9]_i_2/O
                         net (fo=6, routed)           0.412     4.038    u_hdmi_tx/i_wrap/sReg[9]_i_2_n_0
    SLICE_X34Y7          LUT6 (Prop_C6LUT_SLICEM_I1_O)
                                                      0.037     4.075 r  u_hdmi_tx/i_wrap/sReg[2]_i_1/O
                         net (fo=1, routed)           0.066     4.141    u_hdmi_tx/i_wrap/sReg[2]_i_1_n_0
    SLICE_X34Y7          FDRE                                         r  u_hdmi_tx/i_wrap/TMDS_0/i_GBox/sReg_reg[2]/D
  -------------------------------------------------------------------    -------------------

                         (clock clk_125MHz_clk_wiz_0 rise edge)
                                                      8.000     8.000 r  
    D7                                                0.000     8.000 r  i_clk_100mhz_p (IN)
                         net (fo=0)                   0.079     8.079    u_clk_wiz_0/inst/clkin1_ibufds/I
    HPIOBDIFFINBUF_X0Y60 DIFFINBUF (Prop_DIFFINBUF_HPIOBDIFFINBUF_DIFF_IN_P_O)
                                                      0.519     8.598 r  u_clk_wiz_0/inst/clkin1_ibufds/DIFFINBUF_INST/O
                         net (fo=1, routed)           0.040     8.638    u_clk_wiz_0/inst/clkin1_ibufds/OUT
    D7                   IBUFCTRL (Prop_IBUFCTRL_HPIOB_M_I_O)
                                                      0.000     8.638 r  u_clk_wiz_0/inst/clkin1_ibufds/IBUFCTRL_INST/O
                         net (fo=1, routed)           0.333     8.971    u_clk_wiz_0/inst/clk_in1_clk_wiz_0
    MMCM_X0Y2            MMCME4_ADV (Prop_MMCM_CLKIN1_CLKOUT1)
                                                     -3.115     5.856 r  u_clk_wiz_0/inst/mmcme4_adv_inst/CLKOUT1
                         net (fo=1, routed)           0.220     6.076    u_clk_wiz_0/inst/clk_125MHz_clk_wiz_0
    BUFGCE_X0Y54         BUFGCE (Prop_BUFCE_BUFGCE_I_O)
                                                      0.024     6.100 r  u_clk_wiz_0/inst/clkout2_buf/O
    X1Y0 (CLOCK_ROOT)    net (fo=53, routed)          1.651     7.751    u_hdmi_tx/i_wrap/pxClkX5
    SLICE_X34Y7          FDRE                                         r  u_hdmi_tx/i_wrap/TMDS_0/i_GBox/sReg_reg[2]/C
                         clock pessimism             -0.217     7.534    
                         clock uncertainty           -0.202     7.332    
    SLICE_X34Y7          FDRE (Setup_CFF_SLICEM_C_D)
                                                      0.025     7.357    u_hdmi_tx/i_wrap/TMDS_0/i_GBox/sReg_reg[2]
  -------------------------------------------------------------------
                         required time                          7.357    
                         arrival time                          -4.141    
  -------------------------------------------------------------------
                         slack                                  3.216    

Slack (MET) :             3.231ns  (required time - arrival time)
  Source:                 u_hdmi_tx/i_wrap/TMDS_0/i_Enc/qD_reg[6]/C
                            (rising edge-triggered cell FDRE clocked by clk_25MHz_clk_wiz_0  {rise@0.000ns fall@20.000ns period=40.000ns})
  Destination:            u_hdmi_tx/i_wrap/TMDS_0/i_GBox/sReg_reg[9]/D
                            (rising edge-triggered cell FDRE clocked by clk_125MHz_clk_wiz_0  {rise@0.000ns fall@4.000ns period=8.000ns})
  Path Group:             clk_125MHz_clk_wiz_0
  Path Type:              Setup (Max at Slow Process Corner)
  Requirement:            8.000ns  (clk_125MHz_clk_wiz_0 rise@8.000ns - clk_25MHz_clk_wiz_0 rise@0.000ns)
  Data Path Delay:        4.303ns  (logic 0.706ns (16.407%)  route 3.597ns (83.593%))
  Logic Levels:           7  (LUT3=1 LUT4=1 LUT5=2 LUT6=3)
  Clock Path Skew:        -0.288ns (DCD - SCD + CPR)
    Destination Clock Delay (DCD):    -0.256ns = ( 7.744 - 8.000 ) 
    Source Clock Delay      (SCD):    -0.185ns
    Clock Pessimism Removal (CPR):    -0.217ns
  Clock Uncertainty:      0.202ns  ((TSJ^2 + DJ^2)^1/2) / 2 + PE
    Total System Jitter     (TSJ):    0.071ns
    Discrete Jitter          (DJ):    0.148ns
    Phase Error              (PE):    0.120ns
  Clock Net Delay (Source):      1.903ns (routing 0.847ns, distribution 1.056ns)
  Clock Net Delay (Destination): 1.644ns (routing 0.938ns, distribution 0.706ns)

    Location             Delay type                Incr(ns)  Path(ns)    Netlist Resource(s)
  -------------------------------------------------------------------    -------------------
                         (clock clk_25MHz_clk_wiz_0 rise edge)
                                                      0.000     0.000 r  
    D7                                                0.000     0.000 r  i_clk_100mhz_p (IN)
                         net (fo=0)                   0.100     0.100    u_clk_wiz_0/inst/clkin1_ibufds/I
    HPIOBDIFFINBUF_X0Y60 DIFFINBUF (Prop_DIFFINBUF_HPIOBDIFFINBUF_DIFF_IN_P_O)
                                                      0.629     0.729 r  u_clk_wiz_0/inst/clkin1_ibufds/DIFFINBUF_INST/O
                         net (fo=1, routed)           0.050     0.779    u_clk_wiz_0/inst/clkin1_ibufds/OUT
    D7                   IBUFCTRL (Prop_IBUFCTRL_HPIOB_M_I_O)
                                                      0.000     0.779 r  u_clk_wiz_0/inst/clkin1_ibufds/IBUFCTRL_INST/O
                         net (fo=1, routed)           0.384     1.163    u_clk_wiz_0/inst/clk_in1_clk_wiz_0
    MMCM_X0Y2            MMCME4_ADV (Prop_MMCM_CLKIN1_CLKOUT0)
                                                     -3.524    -2.361 r  u_clk_wiz_0/inst/mmcme4_adv_inst/CLKOUT0
                         net (fo=1, routed)           0.245    -2.116    u_clk_wiz_0/inst/clk_25MHz_clk_wiz_0
    BUFGCE_X0Y49         BUFGCE (Prop_BUFCE_BUFGCE_I_O)
                                                      0.028    -2.088 r  u_clk_wiz_0/inst/clkout1_buf/O
    X1Y1 (CLOCK_ROOT)    net (fo=87, routed)          1.903    -0.185    u_hdmi_tx/i_wrap/pxClk
    SLICE_X37Y5          FDRE                                         r  u_hdmi_tx/i_wrap/TMDS_0/i_Enc/qD_reg[6]/C
  -------------------------------------------------------------------    -------------------
    SLICE_X37Y5          FDRE (Prop_AFF_SLICEM_C_Q)
                                                      0.077    -0.108 r  u_hdmi_tx/i_wrap/TMDS_0/i_Enc/qD_reg[6]/Q
                         net (fo=8, routed)           0.788     0.680    u_hdmi_tx/i_wrap/TMDS_0/i_Enc/p_10_in
    SLICE_X34Y6          LUT3 (Prop_D5LUT_SLICEM_I2_O)
                                                      0.110     0.790 f  u_hdmi_tx/i_wrap/g0_b2_i_4/O
                         net (fo=1, routed)           0.638     1.428    u_hdmi_tx/i_wrap/g0_b2_i_4_n_0
    SLICE_X36Y7          LUT6 (Prop_D6LUT_SLICEL_I5_O)
                                                      0.122     1.550 r  u_hdmi_tx/i_wrap/g0_b2_i_1/O
                         net (fo=21, routed)          0.540     2.090    u_hdmi_tx/i_wrap/g0_b2_i_1_n_0
    SLICE_X34Y6          LUT6 (Prop_H6LUT_SLICEM_I4_O)
                                                      0.053     2.143 r  u_hdmi_tx/i_wrap/g0_b1__2/O
                         net (fo=4, routed)           0.413     2.557    u_hdmi_tx/i_wrap/g0_b1__2_n_0
    SLICE_X35Y5          LUT6 (Prop_A6LUT_SLICEL_I0_O)
                                                      0.035     2.592 f  u_hdmi_tx/i_wrap/Cnt[4]_i_10__1/O
                         net (fo=12, routed)          0.327     2.919    u_hdmi_tx/i_wrap/Cnt[4]_i_10__1_n_0
    SLICE_X33Y4          LUT4 (Prop_C5LUT_SLICEL_I0_O)
                                                      0.110     3.029 r  u_hdmi_tx/i_wrap/Cnt[4]_i_4/O
                         net (fo=8, routed)           0.508     3.537    u_hdmi_tx/i_wrap/Cnt[4]_i_4_n_0
    SLICE_X35Y5          LUT5 (Prop_F6LUT_SLICEL_I0_O)
                                                      0.089     3.626 f  u_hdmi_tx/i_wrap/sReg[9]_i_2/O
                         net (fo=6, routed)           0.367     3.993    u_hdmi_tx/i_wrap/sReg[9]_i_2_n_0
    SLICE_X35Y7          LUT5 (Prop_D5LUT_SLICEL_I0_O)
                                                      0.110     4.103 r  u_hdmi_tx/i_wrap/sReg[9]_i_1/O
                         net (fo=1, routed)           0.015     4.118    u_hdmi_tx/i_wrap/sReg[9]_i_1_n_0
    SLICE_X35Y7          FDRE                                         r  u_hdmi_tx/i_wrap/TMDS_0/i_GBox/sReg_reg[9]/D
  -------------------------------------------------------------------    -------------------

                         (clock clk_125MHz_clk_wiz_0 rise edge)
                                                      8.000     8.000 r  
    D7                                                0.000     8.000 r  i_clk_100mhz_p (IN)
                         net (fo=0)                   0.079     8.079    u_clk_wiz_0/inst/clkin1_ibufds/I
    HPIOBDIFFINBUF_X0Y60 DIFFINBUF (Prop_DIFFINBUF_HPIOBDIFFINBUF_DIFF_IN_P_O)
                                                      0.519     8.598 r  u_clk_wiz_0/inst/clkin1_ibufds/DIFFINBUF_INST/O
                         net (fo=1, routed)           0.040     8.638    u_clk_wiz_0/inst/clkin1_ibufds/OUT
    D7                   IBUFCTRL (Prop_IBUFCTRL_HPIOB_M_I_O)
                                                      0.000     8.638 r  u_clk_wiz_0/inst/clkin1_ibufds/IBUFCTRL_INST/O
                         net (fo=1, routed)           0.333     8.971    u_clk_wiz_0/inst/clk_in1_clk_wiz_0
    MMCM_X0Y2            MMCME4_ADV (Prop_MMCM_CLKIN1_CLKOUT1)
                                                     -3.115     5.856 r  u_clk_wiz_0/inst/mmcme4_adv_inst/CLKOUT1
                         net (fo=1, routed)           0.220     6.076    u_clk_wiz_0/inst/clk_125MHz_clk_wiz_0
    BUFGCE_X0Y54         BUFGCE (Prop_BUFCE_BUFGCE_I_O)
                                                      0.024     6.100 r  u_clk_wiz_0/inst/clkout2_buf/O
    X1Y0 (CLOCK_ROOT)    net (fo=53, routed)          1.644     7.744    u_hdmi_tx/i_wrap/pxClkX5
    SLICE_X35Y7          FDRE                                         r  u_hdmi_tx/i_wrap/TMDS_0/i_GBox/sReg_reg[9]/C
                         clock pessimism             -0.217     7.527    
                         clock uncertainty           -0.202     7.325    
    SLICE_X35Y7          FDRE (Setup_DFF2_SLICEL_C_D)
                                                      0.025     7.350    u_hdmi_tx/i_wrap/TMDS_0/i_GBox/sReg_reg[9]
  -------------------------------------------------------------------
                         required time                          7.350    
                         arrival time                          -4.118    
  -------------------------------------------------------------------
                         slack                                  3.231    

Slack (MET) :             3.233ns  (required time - arrival time)
  Source:                 u_hdmi_tx/i_wrap/TMDS_0/i_Enc/qD_reg[6]/C
                            (rising edge-triggered cell FDRE clocked by clk_25MHz_clk_wiz_0  {rise@0.000ns fall@20.000ns period=40.000ns})
  Destination:            u_hdmi_tx/i_wrap/TMDS_0/i_GBox/sReg_reg[1]/D
                            (rising edge-triggered cell FDRE clocked by clk_125MHz_clk_wiz_0  {rise@0.000ns fall@4.000ns period=8.000ns})
  Path Group:             clk_125MHz_clk_wiz_0
  Path Type:              Setup (Max at Slow Process Corner)
  Requirement:            8.000ns  (clk_125MHz_clk_wiz_0 rise@8.000ns - clk_25MHz_clk_wiz_0 rise@0.000ns)
  Data Path Delay:        4.297ns  (logic 0.685ns (15.941%)  route 3.612ns (84.059%))
  Logic Levels:           7  (LUT3=1 LUT4=2 LUT6=4)
  Clock Path Skew:        -0.293ns (DCD - SCD + CPR)
    Destination Clock Delay (DCD):    -0.261ns = ( 7.739 - 8.000 ) 
    Source Clock Delay      (SCD):    -0.185ns
    Clock Pessimism Removal (CPR):    -0.217ns
  Clock Uncertainty:      0.202ns  ((TSJ^2 + DJ^2)^1/2) / 2 + PE
    Total System Jitter     (TSJ):    0.071ns
    Discrete Jitter          (DJ):    0.148ns
    Phase Error              (PE):    0.120ns
  Clock Net Delay (Source):      1.903ns (routing 0.847ns, distribution 1.056ns)
  Clock Net Delay (Destination): 1.639ns (routing 0.938ns, distribution 0.701ns)

    Location             Delay type                Incr(ns)  Path(ns)    Netlist Resource(s)
  -------------------------------------------------------------------    -------------------
                         (clock clk_25MHz_clk_wiz_0 rise edge)
                                                      0.000     0.000 r  
    D7                                                0.000     0.000 r  i_clk_100mhz_p (IN)
                         net (fo=0)                   0.100     0.100    u_clk_wiz_0/inst/clkin1_ibufds/I
    HPIOBDIFFINBUF_X0Y60 DIFFINBUF (Prop_DIFFINBUF_HPIOBDIFFINBUF_DIFF_IN_P_O)
                                                      0.629     0.729 r  u_clk_wiz_0/inst/clkin1_ibufds/DIFFINBUF_INST/O
                         net (fo=1, routed)           0.050     0.779    u_clk_wiz_0/inst/clkin1_ibufds/OUT
    D7                   IBUFCTRL (Prop_IBUFCTRL_HPIOB_M_I_O)
                                                      0.000     0.779 r  u_clk_wiz_0/inst/clkin1_ibufds/IBUFCTRL_INST/O
                         net (fo=1, routed)           0.384     1.163    u_clk_wiz_0/inst/clk_in1_clk_wiz_0
    MMCM_X0Y2            MMCME4_ADV (Prop_MMCM_CLKIN1_CLKOUT0)
                                                     -3.524    -2.361 r  u_clk_wiz_0/inst/mmcme4_adv_inst/CLKOUT0
                         net (fo=1, routed)           0.245    -2.116    u_clk_wiz_0/inst/clk_25MHz_clk_wiz_0
    BUFGCE_X0Y49         BUFGCE (Prop_BUFCE_BUFGCE_I_O)
                                                      0.028    -2.088 r  u_clk_wiz_0/inst/clkout1_buf/O
    X1Y1 (CLOCK_ROOT)    net (fo=87, routed)          1.903    -0.185    u_hdmi_tx/i_wrap/pxClk
    SLICE_X37Y5          FDRE                                         r  u_hdmi_tx/i_wrap/TMDS_0/i_Enc/qD_reg[6]/C
  -------------------------------------------------------------------    -------------------
    SLICE_X37Y5          FDRE (Prop_AFF_SLICEM_C_Q)
                                                      0.077    -0.108 r  u_hdmi_tx/i_wrap/TMDS_0/i_Enc/qD_reg[6]/Q
                         net (fo=8, routed)           0.788     0.680    u_hdmi_tx/i_wrap/TMDS_0/i_Enc/p_10_in
    SLICE_X34Y6          LUT3 (Prop_D5LUT_SLICEM_I2_O)
                                                      0.110     0.790 f  u_hdmi_tx/i_wrap/g0_b2_i_4/O
                         net (fo=1, routed)           0.638     1.428    u_hdmi_tx/i_wrap/g0_b2_i_4_n_0
    SLICE_X36Y7          LUT6 (Prop_D6LUT_SLICEL_I5_O)
                                                      0.122     1.550 r  u_hdmi_tx/i_wrap/g0_b2_i_1/O
                         net (fo=21, routed)          0.540     2.090    u_hdmi_tx/i_wrap/g0_b2_i_1_n_0
    SLICE_X34Y6          LUT6 (Prop_H6LUT_SLICEM_I4_O)
                                                      0.053     2.143 r  u_hdmi_tx/i_wrap/g0_b1__2/O
                         net (fo=4, routed)           0.413     2.557    u_hdmi_tx/i_wrap/g0_b1__2_n_0
    SLICE_X35Y5          LUT6 (Prop_A6LUT_SLICEL_I0_O)
                                                      0.035     2.592 f  u_hdmi_tx/i_wrap/Cnt[4]_i_10__1/O
                         net (fo=12, routed)          0.327     2.919    u_hdmi_tx/i_wrap/Cnt[4]_i_10__1_n_0
    SLICE_X33Y4          LUT4 (Prop_C5LUT_SLICEL_I0_O)
                                                      0.110     3.029 r  u_hdmi_tx/i_wrap/Cnt[4]_i_4/O
                         net (fo=8, routed)           0.497     3.526    u_hdmi_tx/i_wrap/Cnt[4]_i_4_n_0
    SLICE_X34Y6          LUT4 (Prop_B6LUT_SLICEM_I3_O)
                                                      0.089     3.615 f  u_hdmi_tx/i_wrap/sReg[1]_i_4/O
                         net (fo=1, routed)           0.359     3.974    u_hdmi_tx/i_wrap/sReg[1]_i_4_n_0
    SLICE_X35Y6          LUT6 (Prop_D6LUT_SLICEL_I4_O)
                                                      0.089     4.063 r  u_hdmi_tx/i_wrap/sReg[1]_i_1/O
                         net (fo=1, routed)           0.049     4.112    u_hdmi_tx/i_wrap/sReg[1]_i_1_n_0
    SLICE_X35Y6          FDRE                                         r  u_hdmi_tx/i_wrap/TMDS_0/i_GBox/sReg_reg[1]/D
  -------------------------------------------------------------------    -------------------

                         (clock clk_125MHz_clk_wiz_0 rise edge)
                                                      8.000     8.000 r  
    D7                                                0.000     8.000 r  i_clk_100mhz_p (IN)
                         net (fo=0)                   0.079     8.079    u_clk_wiz_0/inst/clkin1_ibufds/I
    HPIOBDIFFINBUF_X0Y60 DIFFINBUF (Prop_DIFFINBUF_HPIOBDIFFINBUF_DIFF_IN_P_O)
                                                      0.519     8.598 r  u_clk_wiz_0/inst/clkin1_ibufds/DIFFINBUF_INST/O
                         net (fo=1, routed)           0.040     8.638    u_clk_wiz_0/inst/clkin1_ibufds/OUT
    D7                   IBUFCTRL (Prop_IBUFCTRL_HPIOB_M_I_O)
                                                      0.000     8.638 r  u_clk_wiz_0/inst/clkin1_ibufds/IBUFCTRL_INST/O
                         net (fo=1, routed)           0.333     8.971    u_clk_wiz_0/inst/clk_in1_clk_wiz_0
    MMCM_X0Y2            MMCME4_ADV (Prop_MMCM_CLKIN1_CLKOUT1)
                                                     -3.115     5.856 r  u_clk_wiz_0/inst/mmcme4_adv_inst/CLKOUT1
                         net (fo=1, routed)           0.220     6.076    u_clk_wiz_0/inst/clk_125MHz_clk_wiz_0
    BUFGCE_X0Y54         BUFGCE (Prop_BUFCE_BUFGCE_I_O)
                                                      0.024     6.100 r  u_clk_wiz_0/inst/clkout2_buf/O
    X1Y0 (CLOCK_ROOT)    net (fo=53, routed)          1.639     7.739    u_hdmi_tx/i_wrap/pxClkX5
    SLICE_X35Y6          FDRE                                         r  u_hdmi_tx/i_wrap/TMDS_0/i_GBox/sReg_reg[1]/C
                         clock pessimism             -0.217     7.522    
                         clock uncertainty           -0.202     7.320    
    SLICE_X35Y6          FDRE (Setup_DFF_SLICEL_C_D)
                                                      0.025     7.345    u_hdmi_tx/i_wrap/TMDS_0/i_GBox/sReg_reg[1]
  -------------------------------------------------------------------
                         required time                          7.345    
                         arrival time                          -4.112    
  -------------------------------------------------------------------
                         slack                                  3.233    

Slack (MET) :             3.277ns  (required time - arrival time)
  Source:                 u_hdmi_tx/i_wrap/TMDS_0/i_Enc/qD_reg[6]/C
                            (rising edge-triggered cell FDRE clocked by clk_25MHz_clk_wiz_0  {rise@0.000ns fall@20.000ns period=40.000ns})
  Destination:            u_hdmi_tx/i_wrap/TMDS_0/i_GBox/sReg_reg[7]/D
                            (rising edge-triggered cell FDRE clocked by clk_125MHz_clk_wiz_0  {rise@0.000ns fall@4.000ns period=8.000ns})
  Path Group:             clk_125MHz_clk_wiz_0
  Path Type:              Setup (Max at Slow Process Corner)
  Requirement:            8.000ns  (clk_125MHz_clk_wiz_0 rise@8.000ns - clk_25MHz_clk_wiz_0 rise@0.000ns)
  Data Path Delay:        4.257ns  (logic 0.632ns (14.846%)  route 3.625ns (85.154%))
  Logic Levels:           7  (LUT3=1 LUT4=1 LUT5=1 LUT6=4)
  Clock Path Skew:        -0.288ns (DCD - SCD + CPR)
    Destination Clock Delay (DCD):    -0.256ns = ( 7.744 - 8.000 ) 
    Source Clock Delay      (SCD):    -0.185ns
    Clock Pessimism Removal (CPR):    -0.217ns
  Clock Uncertainty:      0.202ns  ((TSJ^2 + DJ^2)^1/2) / 2 + PE
    Total System Jitter     (TSJ):    0.071ns
    Discrete Jitter          (DJ):    0.148ns
    Phase Error              (PE):    0.120ns
  Clock Net Delay (Source):      1.903ns (routing 0.847ns, distribution 1.056ns)
  Clock Net Delay (Destination): 1.644ns (routing 0.938ns, distribution 0.706ns)

    Location             Delay type                Incr(ns)  Path(ns)    Netlist Resource(s)
  -------------------------------------------------------------------    -------------------
                         (clock clk_25MHz_clk_wiz_0 rise edge)
                                                      0.000     0.000 r  
    D7                                                0.000     0.000 r  i_clk_100mhz_p (IN)
                         net (fo=0)                   0.100     0.100    u_clk_wiz_0/inst/clkin1_ibufds/I
    HPIOBDIFFINBUF_X0Y60 DIFFINBUF (Prop_DIFFINBUF_HPIOBDIFFINBUF_DIFF_IN_P_O)
                                                      0.629     0.729 r  u_clk_wiz_0/inst/clkin1_ibufds/DIFFINBUF_INST/O
                         net (fo=1, routed)           0.050     0.779    u_clk_wiz_0/inst/clkin1_ibufds/OUT
    D7                   IBUFCTRL (Prop_IBUFCTRL_HPIOB_M_I_O)
                                                      0.000     0.779 r  u_clk_wiz_0/inst/clkin1_ibufds/IBUFCTRL_INST/O
                         net (fo=1, routed)           0.384     1.163    u_clk_wiz_0/inst/clk_in1_clk_wiz_0
    MMCM_X0Y2            MMCME4_ADV (Prop_MMCM_CLKIN1_CLKOUT0)
                                                     -3.524    -2.361 r  u_clk_wiz_0/inst/mmcme4_adv_inst/CLKOUT0
                         net (fo=1, routed)           0.245    -2.116    u_clk_wiz_0/inst/clk_25MHz_clk_wiz_0
    BUFGCE_X0Y49         BUFGCE (Prop_BUFCE_BUFGCE_I_O)
                                                      0.028    -2.088 r  u_clk_wiz_0/inst/clkout1_buf/O
    X1Y1 (CLOCK_ROOT)    net (fo=87, routed)          1.903    -0.185    u_hdmi_tx/i_wrap/pxClk
    SLICE_X37Y5          FDRE                                         r  u_hdmi_tx/i_wrap/TMDS_0/i_Enc/qD_reg[6]/C
  -------------------------------------------------------------------    -------------------
    SLICE_X37Y5          FDRE (Prop_AFF_SLICEM_C_Q)
                                                      0.077    -0.108 r  u_hdmi_tx/i_wrap/TMDS_0/i_Enc/qD_reg[6]/Q
                         net (fo=8, routed)           0.788     0.680    u_hdmi_tx/i_wrap/TMDS_0/i_Enc/p_10_in
    SLICE_X34Y6          LUT3 (Prop_D5LUT_SLICEM_I2_O)
                                                      0.110     0.790 f  u_hdmi_tx/i_wrap/g0_b2_i_4/O
                         net (fo=1, routed)           0.638     1.428    u_hdmi_tx/i_wrap/g0_b2_i_4_n_0
    SLICE_X36Y7          LUT6 (Prop_D6LUT_SLICEL_I5_O)
                                                      0.122     1.550 r  u_hdmi_tx/i_wrap/g0_b2_i_1/O
                         net (fo=21, routed)          0.540     2.090    u_hdmi_tx/i_wrap/g0_b2_i_1_n_0
    SLICE_X34Y6          LUT6 (Prop_H6LUT_SLICEM_I4_O)
                                                      0.053     2.143 r  u_hdmi_tx/i_wrap/g0_b1__2/O
                         net (fo=4, routed)           0.413     2.557    u_hdmi_tx/i_wrap/g0_b1__2_n_0
    SLICE_X35Y5          LUT6 (Prop_A6LUT_SLICEL_I0_O)
                                                      0.035     2.592 r  u_hdmi_tx/i_wrap/Cnt[4]_i_10__1/O
                         net (fo=12, routed)          0.327     2.919    u_hdmi_tx/i_wrap/Cnt[4]_i_10__1_n_0
    SLICE_X33Y4          LUT4 (Prop_C5LUT_SLICEL_I0_O)
                                                      0.110     3.029 f  u_hdmi_tx/i_wrap/Cnt[4]_i_4/O
                         net (fo=8, routed)           0.508     3.537    u_hdmi_tx/i_wrap/Cnt[4]_i_4_n_0
    SLICE_X35Y5          LUT5 (Prop_F6LUT_SLICEL_I0_O)
                                                      0.089     3.626 r  u_hdmi_tx/i_wrap/sReg[9]_i_2/O
                         net (fo=6, routed)           0.361     3.987    u_hdmi_tx/i_wrap/sReg[9]_i_2_n_0
    SLICE_X35Y7          LUT6 (Prop_B6LUT_SLICEL_I3_O)
                                                      0.036     4.023 r  u_hdmi_tx/i_wrap/sReg[7]_i_1/O
                         net (fo=1, routed)           0.049     4.072    u_hdmi_tx/i_wrap/sReg[7]_i_1_n_0
    SLICE_X35Y7          FDRE                                         r  u_hdmi_tx/i_wrap/TMDS_0/i_GBox/sReg_reg[7]/D
  -------------------------------------------------------------------    -------------------

                         (clock clk_125MHz_clk_wiz_0 rise edge)
                                                      8.000     8.000 r  
    D7                                                0.000     8.000 r  i_clk_100mhz_p (IN)
                         net (fo=0)                   0.079     8.079    u_clk_wiz_0/inst/clkin1_ibufds/I
    HPIOBDIFFINBUF_X0Y60 DIFFINBUF (Prop_DIFFINBUF_HPIOBDIFFINBUF_DIFF_IN_P_O)
                                                      0.519     8.598 r  u_clk_wiz_0/inst/clkin1_ibufds/DIFFINBUF_INST/O
                         net (fo=1, routed)           0.040     8.638    u_clk_wiz_0/inst/clkin1_ibufds/OUT
    D7                   IBUFCTRL (Prop_IBUFCTRL_HPIOB_M_I_O)
                                                      0.000     8.638 r  u_clk_wiz_0/inst/clkin1_ibufds/IBUFCTRL_INST/O
                         net (fo=1, routed)           0.333     8.971    u_clk_wiz_0/inst/clk_in1_clk_wiz_0
    MMCM_X0Y2            MMCME4_ADV (Prop_MMCM_CLKIN1_CLKOUT1)
                                                     -3.115     5.856 r  u_clk_wiz_0/inst/mmcme4_adv_inst/CLKOUT1
                         net (fo=1, routed)           0.220     6.076    u_clk_wiz_0/inst/clk_125MHz_clk_wiz_0
    BUFGCE_X0Y54         BUFGCE (Prop_BUFCE_BUFGCE_I_O)
                                                      0.024     6.100 r  u_clk_wiz_0/inst/clkout2_buf/O
    X1Y0 (CLOCK_ROOT)    net (fo=53, routed)          1.644     7.744    u_hdmi_tx/i_wrap/pxClkX5
    SLICE_X35Y7          FDRE                                         r  u_hdmi_tx/i_wrap/TMDS_0/i_GBox/sReg_reg[7]/C
                         clock pessimism             -0.217     7.527    
                         clock uncertainty           -0.202     7.325    
    SLICE_X35Y7          FDRE (Setup_BFF_SLICEL_C_D)
                                                      0.025     7.350    u_hdmi_tx/i_wrap/TMDS_0/i_GBox/sReg_reg[7]
  -------------------------------------------------------------------
                         required time                          7.350    
                         arrival time                          -4.072    
  -------------------------------------------------------------------
                         slack                                  3.277    

Slack (MET) :             3.320ns  (required time - arrival time)
  Source:                 u_hdmi_tx/i_wrap/TMDS_0/i_Enc/qD_reg[6]/C
                            (rising edge-triggered cell FDRE clocked by clk_25MHz_clk_wiz_0  {rise@0.000ns fall@20.000ns period=40.000ns})
  Destination:            u_hdmi_tx/i_wrap/TMDS_0/i_GBox/sReg_reg[4]/D
                            (rising edge-triggered cell FDRE clocked by clk_125MHz_clk_wiz_0  {rise@0.000ns fall@4.000ns period=8.000ns})
  Path Group:             clk_125MHz_clk_wiz_0
  Path Type:              Setup (Max at Slow Process Corner)
  Requirement:            8.000ns  (clk_125MHz_clk_wiz_0 rise@8.000ns - clk_25MHz_clk_wiz_0 rise@0.000ns)
  Data Path Delay:        4.216ns  (logic 0.632ns (14.989%)  route 3.584ns (85.011%))
  Logic Levels:           7  (LUT3=1 LUT4=1 LUT5=1 LUT6=4)
  Clock Path Skew:        -0.286ns (DCD - SCD + CPR)
    Destination Clock Delay (DCD):    -0.254ns = ( 7.746 - 8.000 ) 
    Source Clock Delay      (SCD):    -0.185ns
    Clock Pessimism Removal (CPR):    -0.217ns
  Clock Uncertainty:      0.202ns  ((TSJ^2 + DJ^2)^1/2) / 2 + PE
    Total System Jitter     (TSJ):    0.071ns
    Discrete Jitter          (DJ):    0.148ns
    Phase Error              (PE):    0.120ns
  Clock Net Delay (Source):      1.903ns (routing 0.847ns, distribution 1.056ns)
  Clock Net Delay (Destination): 1.646ns (routing 0.938ns, distribution 0.708ns)

    Location             Delay type                Incr(ns)  Path(ns)    Netlist Resource(s)
  -------------------------------------------------------------------    -------------------
                         (clock clk_25MHz_clk_wiz_0 rise edge)
                                                      0.000     0.000 r  
    D7                                                0.000     0.000 r  i_clk_100mhz_p (IN)
                         net (fo=0)                   0.100     0.100    u_clk_wiz_0/inst/clkin1_ibufds/I
    HPIOBDIFFINBUF_X0Y60 DIFFINBUF (Prop_DIFFINBUF_HPIOBDIFFINBUF_DIFF_IN_P_O)
                                                      0.629     0.729 r  u_clk_wiz_0/inst/clkin1_ibufds/DIFFINBUF_INST/O
                         net (fo=1, routed)           0.050     0.779    u_clk_wiz_0/inst/clkin1_ibufds/OUT
    D7                   IBUFCTRL (Prop_IBUFCTRL_HPIOB_M_I_O)
                                                      0.000     0.779 r  u_clk_wiz_0/inst/clkin1_ibufds/IBUFCTRL_INST/O
                         net (fo=1, routed)           0.384     1.163    u_clk_wiz_0/inst/clk_in1_clk_wiz_0
    MMCM_X0Y2            MMCME4_ADV (Prop_MMCM_CLKIN1_CLKOUT0)
                                                     -3.524    -2.361 r  u_clk_wiz_0/inst/mmcme4_adv_inst/CLKOUT0
                         net (fo=1, routed)           0.245    -2.116    u_clk_wiz_0/inst/clk_25MHz_clk_wiz_0
    BUFGCE_X0Y49         BUFGCE (Prop_BUFCE_BUFGCE_I_O)
                                                      0.028    -2.088 r  u_clk_wiz_0/inst/clkout1_buf/O
    X1Y1 (CLOCK_ROOT)    net (fo=87, routed)          1.903    -0.185    u_hdmi_tx/i_wrap/pxClk
    SLICE_X37Y5          FDRE                                         r  u_hdmi_tx/i_wrap/TMDS_0/i_Enc/qD_reg[6]/C
  -------------------------------------------------------------------    -------------------
    SLICE_X37Y5          FDRE (Prop_AFF_SLICEM_C_Q)
                                                      0.077    -0.108 r  u_hdmi_tx/i_wrap/TMDS_0/i_Enc/qD_reg[6]/Q
                         net (fo=8, routed)           0.788     0.680    u_hdmi_tx/i_wrap/TMDS_0/i_Enc/p_10_in
    SLICE_X34Y6          LUT3 (Prop_D5LUT_SLICEM_I2_O)
                                                      0.110     0.790 f  u_hdmi_tx/i_wrap/g0_b2_i_4/O
                         net (fo=1, routed)           0.638     1.428    u_hdmi_tx/i_wrap/g0_b2_i_4_n_0
    SLICE_X36Y7          LUT6 (Prop_D6LUT_SLICEL_I5_O)
                                                      0.122     1.550 r  u_hdmi_tx/i_wrap/g0_b2_i_1/O
                         net (fo=21, routed)          0.540     2.090    u_hdmi_tx/i_wrap/g0_b2_i_1_n_0
    SLICE_X34Y6          LUT6 (Prop_H6LUT_SLICEM_I4_O)
                                                      0.053     2.143 r  u_hdmi_tx/i_wrap/g0_b1__2/O
                         net (fo=4, routed)           0.413     2.557    u_hdmi_tx/i_wrap/g0_b1__2_n_0
    SLICE_X35Y5          LUT6 (Prop_A6LUT_SLICEL_I0_O)
                                                      0.035     2.592 r  u_hdmi_tx/i_wrap/Cnt[4]_i_10__1/O
                         net (fo=12, routed)          0.327     2.919    u_hdmi_tx/i_wrap/Cnt[4]_i_10__1_n_0
    SLICE_X33Y4          LUT4 (Prop_C5LUT_SLICEL_I0_O)
                                                      0.110     3.029 f  u_hdmi_tx/i_wrap/Cnt[4]_i_4/O
                         net (fo=8, routed)           0.508     3.537    u_hdmi_tx/i_wrap/Cnt[4]_i_4_n_0
    SLICE_X35Y5          LUT5 (Prop_F6LUT_SLICEL_I0_O)
                                                      0.089     3.626 r  u_hdmi_tx/i_wrap/sReg[9]_i_2/O
                         net (fo=6, routed)           0.319     3.945    u_hdmi_tx/i_wrap/sReg[9]_i_2_n_0
    SLICE_X35Y7          LUT6 (Prop_H6LUT_SLICEL_I1_O)
                                                      0.036     3.981 r  u_hdmi_tx/i_wrap/sReg[4]_i_1/O
                         net (fo=1, routed)           0.051     4.032    u_hdmi_tx/i_wrap/sReg[4]_i_1_n_0
    SLICE_X35Y7          FDRE                                         r  u_hdmi_tx/i_wrap/TMDS_0/i_GBox/sReg_reg[4]/D
  -------------------------------------------------------------------    -------------------

                         (clock clk_125MHz_clk_wiz_0 rise edge)
                                                      8.000     8.000 r  
    D7                                                0.000     8.000 r  i_clk_100mhz_p (IN)
                         net (fo=0)                   0.079     8.079    u_clk_wiz_0/inst/clkin1_ibufds/I
    HPIOBDIFFINBUF_X0Y60 DIFFINBUF (Prop_DIFFINBUF_HPIOBDIFFINBUF_DIFF_IN_P_O)
                                                      0.519     8.598 r  u_clk_wiz_0/inst/clkin1_ibufds/DIFFINBUF_INST/O
                         net (fo=1, routed)           0.040     8.638    u_clk_wiz_0/inst/clkin1_ibufds/OUT
    D7                   IBUFCTRL (Prop_IBUFCTRL_HPIOB_M_I_O)
                                                      0.000     8.638 r  u_clk_wiz_0/inst/clkin1_ibufds/IBUFCTRL_INST/O
                         net (fo=1, routed)           0.333     8.971    u_clk_wiz_0/inst/clk_in1_clk_wiz_0
    MMCM_X0Y2            MMCME4_ADV (Prop_MMCM_CLKIN1_CLKOUT1)
                                                     -3.115     5.856 r  u_clk_wiz_0/inst/mmcme4_adv_inst/CLKOUT1
                         net (fo=1, routed)           0.220     6.076    u_clk_wiz_0/inst/clk_125MHz_clk_wiz_0
    BUFGCE_X0Y54         BUFGCE (Prop_BUFCE_BUFGCE_I_O)
                                                      0.024     6.100 r  u_clk_wiz_0/inst/clkout2_buf/O
    X1Y0 (CLOCK_ROOT)    net (fo=53, routed)          1.646     7.746    u_hdmi_tx/i_wrap/pxClkX5
    SLICE_X35Y7          FDRE                                         r  u_hdmi_tx/i_wrap/TMDS_0/i_GBox/sReg_reg[4]/C
                         clock pessimism             -0.217     7.529    
                         clock uncertainty           -0.202     7.327    
    SLICE_X35Y7          FDRE (Setup_HFF_SLICEL_C_D)
                                                      0.025     7.352    u_hdmi_tx/i_wrap/TMDS_0/i_GBox/sReg_reg[4]
  -------------------------------------------------------------------
                         required time                          7.352    
                         arrival time                          -4.032    
  -------------------------------------------------------------------
                         slack                                  3.320    

Slack (MET) :             3.324ns  (required time - arrival time)
  Source:                 u_hdmi_tx/i_wrap/TMDS_0/i_Enc/qD_reg[6]/C
                            (rising edge-triggered cell FDRE clocked by clk_25MHz_clk_wiz_0  {rise@0.000ns fall@20.000ns period=40.000ns})
  Destination:            u_hdmi_tx/i_wrap/TMDS_0/i_GBox/sReg_reg[6]/D
                            (rising edge-triggered cell FDRE clocked by clk_125MHz_clk_wiz_0  {rise@0.000ns fall@4.000ns period=8.000ns})
  Path Group:             clk_125MHz_clk_wiz_0
  Path Type:              Setup (Max at Slow Process Corner)
  Requirement:            8.000ns  (clk_125MHz_clk_wiz_0 rise@8.000ns - clk_25MHz_clk_wiz_0 rise@0.000ns)
  Data Path Delay:        4.212ns  (logic 0.631ns (14.980%)  route 3.581ns (85.020%))
  Logic Levels:           7  (LUT3=1 LUT4=1 LUT5=1 LUT6=4)
  Clock Path Skew:        -0.286ns (DCD - SCD + CPR)
    Destination Clock Delay (DCD):    -0.254ns = ( 7.746 - 8.000 ) 
    Source Clock Delay      (SCD):    -0.185ns
    Clock Pessimism Removal (CPR):    -0.217ns
  Clock Uncertainty:      0.202ns  ((TSJ^2 + DJ^2)^1/2) / 2 + PE
    Total System Jitter     (TSJ):    0.071ns
    Discrete Jitter          (DJ):    0.148ns
    Phase Error              (PE):    0.120ns
  Clock Net Delay (Source):      1.903ns (routing 0.847ns, distribution 1.056ns)
  Clock Net Delay (Destination): 1.646ns (routing 0.938ns, distribution 0.708ns)

    Location             Delay type                Incr(ns)  Path(ns)    Netlist Resource(s)
  -------------------------------------------------------------------    -------------------
                         (clock clk_25MHz_clk_wiz_0 rise edge)
                                                      0.000     0.000 r  
    D7                                                0.000     0.000 r  i_clk_100mhz_p (IN)
                         net (fo=0)                   0.100     0.100    u_clk_wiz_0/inst/clkin1_ibufds/I
    HPIOBDIFFINBUF_X0Y60 DIFFINBUF (Prop_DIFFINBUF_HPIOBDIFFINBUF_DIFF_IN_P_O)
                                                      0.629     0.729 r  u_clk_wiz_0/inst/clkin1_ibufds/DIFFINBUF_INST/O
                         net (fo=1, routed)           0.050     0.779    u_clk_wiz_0/inst/clkin1_ibufds/OUT
    D7                   IBUFCTRL (Prop_IBUFCTRL_HPIOB_M_I_O)
                                                      0.000     0.779 r  u_clk_wiz_0/inst/clkin1_ibufds/IBUFCTRL_INST/O
                         net (fo=1, routed)           0.384     1.163    u_clk_wiz_0/inst/clk_in1_clk_wiz_0
    MMCM_X0Y2            MMCME4_ADV (Prop_MMCM_CLKIN1_CLKOUT0)
                                                     -3.524    -2.361 r  u_clk_wiz_0/inst/mmcme4_adv_inst/CLKOUT0
                         net (fo=1, routed)           0.245    -2.116    u_clk_wiz_0/inst/clk_25MHz_clk_wiz_0
    BUFGCE_X0Y49         BUFGCE (Prop_BUFCE_BUFGCE_I_O)
                                                      0.028    -2.088 r  u_clk_wiz_0/inst/clkout1_buf/O
    X1Y1 (CLOCK_ROOT)    net (fo=87, routed)          1.903    -0.185    u_hdmi_tx/i_wrap/pxClk
    SLICE_X37Y5          FDRE                                         r  u_hdmi_tx/i_wrap/TMDS_0/i_Enc/qD_reg[6]/C
  -------------------------------------------------------------------    -------------------
    SLICE_X37Y5          FDRE (Prop_AFF_SLICEM_C_Q)
                                                      0.077    -0.108 r  u_hdmi_tx/i_wrap/TMDS_0/i_Enc/qD_reg[6]/Q
                         net (fo=8, routed)           0.788     0.680    u_hdmi_tx/i_wrap/TMDS_0/i_Enc/p_10_in
    SLICE_X34Y6          LUT3 (Prop_D5LUT_SLICEM_I2_O)
                                                      0.110     0.790 f  u_hdmi_tx/i_wrap/g0_b2_i_4/O
                         net (fo=1, routed)           0.638     1.428    u_hdmi_tx/i_wrap/g0_b2_i_4_n_0
    SLICE_X36Y7          LUT6 (Prop_D6LUT_SLICEL_I5_O)
                                                      0.122     1.550 r  u_hdmi_tx/i_wrap/g0_b2_i_1/O
                         net (fo=21, routed)          0.540     2.090    u_hdmi_tx/i_wrap/g0_b2_i_1_n_0
    SLICE_X34Y6          LUT6 (Prop_H6LUT_SLICEM_I4_O)
                                                      0.053     2.143 r  u_hdmi_tx/i_wrap/g0_b1__2/O
                         net (fo=4, routed)           0.413     2.557    u_hdmi_tx/i_wrap/g0_b1__2_n_0
    SLICE_X35Y5          LUT6 (Prop_A6LUT_SLICEL_I0_O)
                                                      0.035     2.592 r  u_hdmi_tx/i_wrap/Cnt[4]_i_10__1/O
                         net (fo=12, routed)          0.327     2.919    u_hdmi_tx/i_wrap/Cnt[4]_i_10__1_n_0
    SLICE_X33Y4          LUT4 (Prop_C5LUT_SLICEL_I0_O)
                                                      0.110     3.029 f  u_hdmi_tx/i_wrap/Cnt[4]_i_4/O
                         net (fo=8, routed)           0.508     3.537    u_hdmi_tx/i_wrap/Cnt[4]_i_4_n_0
    SLICE_X35Y5          LUT5 (Prop_F6LUT_SLICEL_I0_O)
                                                      0.089     3.626 r  u_hdmi_tx/i_wrap/sReg[9]_i_2/O
                         net (fo=6, routed)           0.319     3.945    u_hdmi_tx/i_wrap/sReg[9]_i_2_n_0
    SLICE_X35Y7          LUT6 (Prop_G6LUT_SLICEL_I1_O)
                                                      0.035     3.980 r  u_hdmi_tx/i_wrap/sReg[6]_i_1/O
                         net (fo=1, routed)           0.048     4.028    u_hdmi_tx/i_wrap/sReg[6]_i_1_n_0
    SLICE_X35Y7          FDRE                                         r  u_hdmi_tx/i_wrap/TMDS_0/i_GBox/sReg_reg[6]/D
  -------------------------------------------------------------------    -------------------

                         (clock clk_125MHz_clk_wiz_0 rise edge)
                                                      8.000     8.000 r  
    D7                                                0.000     8.000 r  i_clk_100mhz_p (IN)
                         net (fo=0)                   0.079     8.079    u_clk_wiz_0/inst/clkin1_ibufds/I
    HPIOBDIFFINBUF_X0Y60 DIFFINBUF (Prop_DIFFINBUF_HPIOBDIFFINBUF_DIFF_IN_P_O)
                                                      0.519     8.598 r  u_clk_wiz_0/inst/clkin1_ibufds/DIFFINBUF_INST/O
                         net (fo=1, routed)           0.040     8.638    u_clk_wiz_0/inst/clkin1_ibufds/OUT
    D7                   IBUFCTRL (Prop_IBUFCTRL_HPIOB_M_I_O)
                                                      0.000     8.638 r  u_clk_wiz_0/inst/clkin1_ibufds/IBUFCTRL_INST/O
                         net (fo=1, routed)           0.333     8.971    u_clk_wiz_0/inst/clk_in1_clk_wiz_0
    MMCM_X0Y2            MMCME4_ADV (Prop_MMCM_CLKIN1_CLKOUT1)
                                                     -3.115     5.856 r  u_clk_wiz_0/inst/mmcme4_adv_inst/CLKOUT1
                         net (fo=1, routed)           0.220     6.076    u_clk_wiz_0/inst/clk_125MHz_clk_wiz_0
    BUFGCE_X0Y54         BUFGCE (Prop_BUFCE_BUFGCE_I_O)
                                                      0.024     6.100 r  u_clk_wiz_0/inst/clkout2_buf/O
    X1Y0 (CLOCK_ROOT)    net (fo=53, routed)          1.646     7.746    u_hdmi_tx/i_wrap/pxClkX5
    SLICE_X35Y7          FDRE                                         r  u_hdmi_tx/i_wrap/TMDS_0/i_GBox/sReg_reg[6]/C
                         clock pessimism             -0.217     7.529    
                         clock uncertainty           -0.202     7.327    
    SLICE_X35Y7          FDRE (Setup_GFF_SLICEL_C_D)
                                                      0.025     7.352    u_hdmi_tx/i_wrap/TMDS_0/i_GBox/sReg_reg[6]
  -------------------------------------------------------------------
                         required time                          7.352    
                         arrival time                          -4.028    
  -------------------------------------------------------------------
                         slack                                  3.324    

Slack (MET) :             3.399ns  (required time - arrival time)
  Source:                 u_hdmi_tx/i_wrap/TMDS_0/i_Enc/qD_reg[6]/C
                            (rising edge-triggered cell FDRE clocked by clk_25MHz_clk_wiz_0  {rise@0.000ns fall@20.000ns period=40.000ns})
  Destination:            u_hdmi_tx/i_wrap/TMDS_0/i_GBox/sReg_reg[3]/D
                            (rising edge-triggered cell FDRE clocked by clk_125MHz_clk_wiz_0  {rise@0.000ns fall@4.000ns period=8.000ns})
  Path Group:             clk_125MHz_clk_wiz_0
  Path Type:              Setup (Max at Slow Process Corner)
  Requirement:            8.000ns  (clk_125MHz_clk_wiz_0 rise@8.000ns - clk_25MHz_clk_wiz_0 rise@0.000ns)
  Data Path Delay:        4.131ns  (logic 0.634ns (15.347%)  route 3.497ns (84.653%))
  Logic Levels:           7  (LUT3=1 LUT4=1 LUT6=5)
  Clock Path Skew:        -0.293ns (DCD - SCD + CPR)
    Destination Clock Delay (DCD):    -0.261ns = ( 7.739 - 8.000 ) 
    Source Clock Delay      (SCD):    -0.185ns
    Clock Pessimism Removal (CPR):    -0.217ns
  Clock Uncertainty:      0.202ns  ((TSJ^2 + DJ^2)^1/2) / 2 + PE
    Total System Jitter     (TSJ):    0.071ns
    Discrete Jitter          (DJ):    0.148ns
    Phase Error              (PE):    0.120ns
  Clock Net Delay (Source):      1.903ns (routing 0.847ns, distribution 1.056ns)
  Clock Net Delay (Destination): 1.639ns (routing 0.938ns, distribution 0.701ns)

    Location             Delay type                Incr(ns)  Path(ns)    Netlist Resource(s)
  -------------------------------------------------------------------    -------------------
                         (clock clk_25MHz_clk_wiz_0 rise edge)
                                                      0.000     0.000 r  
    D7                                                0.000     0.000 r  i_clk_100mhz_p (IN)
                         net (fo=0)                   0.100     0.100    u_clk_wiz_0/inst/clkin1_ibufds/I
    HPIOBDIFFINBUF_X0Y60 DIFFINBUF (Prop_DIFFINBUF_HPIOBDIFFINBUF_DIFF_IN_P_O)
                                                      0.629     0.729 r  u_clk_wiz_0/inst/clkin1_ibufds/DIFFINBUF_INST/O
                         net (fo=1, routed)           0.050     0.779    u_clk_wiz_0/inst/clkin1_ibufds/OUT
    D7                   IBUFCTRL (Prop_IBUFCTRL_HPIOB_M_I_O)
                                                      0.000     0.779 r  u_clk_wiz_0/inst/clkin1_ibufds/IBUFCTRL_INST/O
                         net (fo=1, routed)           0.384     1.163    u_clk_wiz_0/inst/clk_in1_clk_wiz_0
    MMCM_X0Y2            MMCME4_ADV (Prop_MMCM_CLKIN1_CLKOUT0)
                                                     -3.524    -2.361 r  u_clk_wiz_0/inst/mmcme4_adv_inst/CLKOUT0
                         net (fo=1, routed)           0.245    -2.116    u_clk_wiz_0/inst/clk_25MHz_clk_wiz_0
    BUFGCE_X0Y49         BUFGCE (Prop_BUFCE_BUFGCE_I_O)
                                                      0.028    -2.088 r  u_clk_wiz_0/inst/clkout1_buf/O
    X1Y1 (CLOCK_ROOT)    net (fo=87, routed)          1.903    -0.185    u_hdmi_tx/i_wrap/pxClk
    SLICE_X37Y5          FDRE                                         r  u_hdmi_tx/i_wrap/TMDS_0/i_Enc/qD_reg[6]/C
  -------------------------------------------------------------------    -------------------
    SLICE_X37Y5          FDRE (Prop_AFF_SLICEM_C_Q)
                                                      0.077    -0.108 r  u_hdmi_tx/i_wrap/TMDS_0/i_Enc/qD_reg[6]/Q
                         net (fo=8, routed)           0.788     0.680    u_hdmi_tx/i_wrap/TMDS_0/i_Enc/p_10_in
    SLICE_X34Y6          LUT3 (Prop_D5LUT_SLICEM_I2_O)
                                                      0.110     0.790 f  u_hdmi_tx/i_wrap/g0_b2_i_4/O
                         net (fo=1, routed)           0.638     1.428    u_hdmi_tx/i_wrap/g0_b2_i_4_n_0
    SLICE_X36Y7          LUT6 (Prop_D6LUT_SLICEL_I5_O)
                                                      0.122     1.550 r  u_hdmi_tx/i_wrap/g0_b2_i_1/O
                         net (fo=21, routed)          0.540     2.090    u_hdmi_tx/i_wrap/g0_b2_i_1_n_0
    SLICE_X34Y6          LUT6 (Prop_H6LUT_SLICEM_I4_O)
                                                      0.053     2.143 r  u_hdmi_tx/i_wrap/g0_b1__2/O
                         net (fo=4, routed)           0.413     2.557    u_hdmi_tx/i_wrap/g0_b1__2_n_0
    SLICE_X35Y5          LUT6 (Prop_A6LUT_SLICEL_I0_O)
                                                      0.035     2.592 f  u_hdmi_tx/i_wrap/Cnt[4]_i_10__1/O
                         net (fo=12, routed)          0.327     2.919    u_hdmi_tx/i_wrap/Cnt[4]_i_10__1_n_0
    SLICE_X33Y4          LUT4 (Prop_C5LUT_SLICEL_I0_O)
                                                      0.110     3.029 r  u_hdmi_tx/i_wrap/Cnt[4]_i_4/O
                         net (fo=8, routed)           0.447     3.476    u_hdmi_tx/i_wrap/Cnt[4]_i_4_n_0
    SLICE_X34Y6          LUT6 (Prop_F6LUT_SLICEM_I5_O)
                                                      0.037     3.513 f  u_hdmi_tx/i_wrap/sReg[3]_i_3/O
                         net (fo=1, routed)           0.295     3.808    u_hdmi_tx/i_wrap/sReg[3]_i_3_n_0
    SLICE_X35Y6          LUT6 (Prop_A6LUT_SLICEL_I1_O)
                                                      0.090     3.898 r  u_hdmi_tx/i_wrap/sReg[3]_i_1/O
                         net (fo=1, routed)           0.048     3.946    u_hdmi_tx/i_wrap/sReg[3]_i_1_n_0
    SLICE_X35Y6          FDRE                                         r  u_hdmi_tx/i_wrap/TMDS_0/i_GBox/sReg_reg[3]/D
  -------------------------------------------------------------------    -------------------

                         (clock clk_125MHz_clk_wiz_0 rise edge)
                                                      8.000     8.000 r  
    D7                                                0.000     8.000 r  i_clk_100mhz_p (IN)
                         net (fo=0)                   0.079     8.079    u_clk_wiz_0/inst/clkin1_ibufds/I
    HPIOBDIFFINBUF_X0Y60 DIFFINBUF (Prop_DIFFINBUF_HPIOBDIFFINBUF_DIFF_IN_P_O)
                                                      0.519     8.598 r  u_clk_wiz_0/inst/clkin1_ibufds/DIFFINBUF_INST/O
                         net (fo=1, routed)           0.040     8.638    u_clk_wiz_0/inst/clkin1_ibufds/OUT
    D7                   IBUFCTRL (Prop_IBUFCTRL_HPIOB_M_I_O)
                                                      0.000     8.638 r  u_clk_wiz_0/inst/clkin1_ibufds/IBUFCTRL_INST/O
                         net (fo=1, routed)           0.333     8.971    u_clk_wiz_0/inst/clk_in1_clk_wiz_0
    MMCM_X0Y2            MMCME4_ADV (Prop_MMCM_CLKIN1_CLKOUT1)
                                                     -3.115     5.856 r  u_clk_wiz_0/inst/mmcme4_adv_inst/CLKOUT1
                         net (fo=1, routed)           0.220     6.076    u_clk_wiz_0/inst/clk_125MHz_clk_wiz_0
    BUFGCE_X0Y54         BUFGCE (Prop_BUFCE_BUFGCE_I_O)
                                                      0.024     6.100 r  u_clk_wiz_0/inst/clkout2_buf/O
    X1Y0 (CLOCK_ROOT)    net (fo=53, routed)          1.639     7.739    u_hdmi_tx/i_wrap/pxClkX5
    SLICE_X35Y6          FDRE                                         r  u_hdmi_tx/i_wrap/TMDS_0/i_GBox/sReg_reg[3]/C
                         clock pessimism             -0.217     7.522    
                         clock uncertainty           -0.202     7.320    
    SLICE_X35Y6          FDRE (Setup_AFF_SLICEL_C_D)
                                                      0.025     7.345    u_hdmi_tx/i_wrap/TMDS_0/i_GBox/sReg_reg[3]
  -------------------------------------------------------------------
                         required time                          7.345    
                         arrival time                          -3.946    
  -------------------------------------------------------------------
                         slack                                  3.399    

Slack (MET) :             3.484ns  (required time - arrival time)
  Source:                 u_hdmi_tx/i_wrap/TMDS_0/i_Enc/qD_reg[6]/C
                            (rising edge-triggered cell FDRE clocked by clk_25MHz_clk_wiz_0  {rise@0.000ns fall@20.000ns period=40.000ns})
  Destination:            u_hdmi_tx/i_wrap/TMDS_0/i_GBox/sReg_reg[5]/D
                            (rising edge-triggered cell FDRE clocked by clk_125MHz_clk_wiz_0  {rise@0.000ns fall@4.000ns period=8.000ns})
  Path Group:             clk_125MHz_clk_wiz_0
  Path Type:              Setup (Max at Slow Process Corner)
  Requirement:            8.000ns  (clk_125MHz_clk_wiz_0 rise@8.000ns - clk_25MHz_clk_wiz_0 rise@0.000ns)
  Data Path Delay:        4.048ns  (logic 0.695ns (17.170%)  route 3.353ns (82.830%))
  Logic Levels:           7  (LUT3=1 LUT4=2 LUT6=4)
  Clock Path Skew:        -0.291ns (DCD - SCD + CPR)
    Destination Clock Delay (DCD):    -0.259ns = ( 7.741 - 8.000 ) 
    Source Clock Delay      (SCD):    -0.185ns
    Clock Pessimism Removal (CPR):    -0.217ns
  Clock Uncertainty:      0.202ns  ((TSJ^2 + DJ^2)^1/2) / 2 + PE
    Total System Jitter     (TSJ):    0.071ns
    Discrete Jitter          (DJ):    0.148ns
    Phase Error              (PE):    0.120ns
  Clock Net Delay (Source):      1.903ns (routing 0.847ns, distribution 1.056ns)
  Clock Net Delay (Destination): 1.641ns (routing 0.938ns, distribution 0.703ns)

    Location             Delay type                Incr(ns)  Path(ns)    Netlist Resource(s)
  -------------------------------------------------------------------    -------------------
                         (clock clk_25MHz_clk_wiz_0 rise edge)
                                                      0.000     0.000 r  
    D7                                                0.000     0.000 r  i_clk_100mhz_p (IN)
                         net (fo=0)                   0.100     0.100    u_clk_wiz_0/inst/clkin1_ibufds/I
    HPIOBDIFFINBUF_X0Y60 DIFFINBUF (Prop_DIFFINBUF_HPIOBDIFFINBUF_DIFF_IN_P_O)
                                                      0.629     0.729 r  u_clk_wiz_0/inst/clkin1_ibufds/DIFFINBUF_INST/O
                         net (fo=1, routed)           0.050     0.779    u_clk_wiz_0/inst/clkin1_ibufds/OUT
    D7                   IBUFCTRL (Prop_IBUFCTRL_HPIOB_M_I_O)
                                                      0.000     0.779 r  u_clk_wiz_0/inst/clkin1_ibufds/IBUFCTRL_INST/O
                         net (fo=1, routed)           0.384     1.163    u_clk_wiz_0/inst/clk_in1_clk_wiz_0
    MMCM_X0Y2            MMCME4_ADV (Prop_MMCM_CLKIN1_CLKOUT0)
                                                     -3.524    -2.361 r  u_clk_wiz_0/inst/mmcme4_adv_inst/CLKOUT0
                         net (fo=1, routed)           0.245    -2.116    u_clk_wiz_0/inst/clk_25MHz_clk_wiz_0
    BUFGCE_X0Y49         BUFGCE (Prop_BUFCE_BUFGCE_I_O)
                                                      0.028    -2.088 r  u_clk_wiz_0/inst/clkout1_buf/O
    X1Y1 (CLOCK_ROOT)    net (fo=87, routed)          1.903    -0.185    u_hdmi_tx/i_wrap/pxClk
    SLICE_X37Y5          FDRE                                         r  u_hdmi_tx/i_wrap/TMDS_0/i_Enc/qD_reg[6]/C
  -------------------------------------------------------------------    -------------------
    SLICE_X37Y5          FDRE (Prop_AFF_SLICEM_C_Q)
                                                      0.077    -0.108 r  u_hdmi_tx/i_wrap/TMDS_0/i_Enc/qD_reg[6]/Q
                         net (fo=8, routed)           0.788     0.680    u_hdmi_tx/i_wrap/TMDS_0/i_Enc/p_10_in
    SLICE_X34Y6          LUT3 (Prop_D5LUT_SLICEM_I2_O)
                                                      0.110     0.790 f  u_hdmi_tx/i_wrap/g0_b2_i_4/O
                         net (fo=1, routed)           0.638     1.428    u_hdmi_tx/i_wrap/g0_b2_i_4_n_0
    SLICE_X36Y7          LUT6 (Prop_D6LUT_SLICEL_I5_O)
                                                      0.122     1.550 r  u_hdmi_tx/i_wrap/g0_b2_i_1/O
                         net (fo=21, routed)          0.540     2.090    u_hdmi_tx/i_wrap/g0_b2_i_1_n_0
    SLICE_X34Y6          LUT6 (Prop_H6LUT_SLICEM_I4_O)
                                                      0.053     2.143 r  u_hdmi_tx/i_wrap/g0_b1__2/O
                         net (fo=4, routed)           0.413     2.557    u_hdmi_tx/i_wrap/g0_b1__2_n_0
    SLICE_X35Y5          LUT6 (Prop_A6LUT_SLICEL_I0_O)
                                                      0.035     2.592 f  u_hdmi_tx/i_wrap/Cnt[4]_i_10__1/O
                         net (fo=12, routed)          0.327     2.919    u_hdmi_tx/i_wrap/Cnt[4]_i_10__1_n_0
    SLICE_X33Y4          LUT4 (Prop_C5LUT_SLICEL_I0_O)
                                                      0.110     3.029 r  u_hdmi_tx/i_wrap/Cnt[4]_i_4/O
                         net (fo=8, routed)           0.451     3.480    u_hdmi_tx/i_wrap/Cnt[4]_i_4_n_0
    SLICE_X35Y6          LUT4 (Prop_G6LUT_SLICEL_I3_O)
                                                      0.089     3.569 r  u_hdmi_tx/i_wrap/sReg[5]_i_3/O
                         net (fo=1, routed)           0.144     3.713    u_hdmi_tx/i_wrap/sReg[5]_i_3_n_0
    SLICE_X35Y6          LUT6 (Prop_H6LUT_SLICEL_I1_O)
                                                      0.099     3.812 r  u_hdmi_tx/i_wrap/sReg[5]_i_1/O
                         net (fo=1, routed)           0.051     3.863    u_hdmi_tx/i_wrap/sReg[5]_i_1_n_0
    SLICE_X35Y6          FDRE                                         r  u_hdmi_tx/i_wrap/TMDS_0/i_GBox/sReg_reg[5]/D
  -------------------------------------------------------------------    -------------------

                         (clock clk_125MHz_clk_wiz_0 rise edge)
                                                      8.000     8.000 r  
    D7                                                0.000     8.000 r  i_clk_100mhz_p (IN)
                         net (fo=0)                   0.079     8.079    u_clk_wiz_0/inst/clkin1_ibufds/I
    HPIOBDIFFINBUF_X0Y60 DIFFINBUF (Prop_DIFFINBUF_HPIOBDIFFINBUF_DIFF_IN_P_O)
                                                      0.519     8.598 r  u_clk_wiz_0/inst/clkin1_ibufds/DIFFINBUF_INST/O
                         net (fo=1, routed)           0.040     8.638    u_clk_wiz_0/inst/clkin1_ibufds/OUT
    D7                   IBUFCTRL (Prop_IBUFCTRL_HPIOB_M_I_O)
                                                      0.000     8.638 r  u_clk_wiz_0/inst/clkin1_ibufds/IBUFCTRL_INST/O
                         net (fo=1, routed)           0.333     8.971    u_clk_wiz_0/inst/clk_in1_clk_wiz_0
    MMCM_X0Y2            MMCME4_ADV (Prop_MMCM_CLKIN1_CLKOUT1)
                                                     -3.115     5.856 r  u_clk_wiz_0/inst/mmcme4_adv_inst/CLKOUT1
                         net (fo=1, routed)           0.220     6.076    u_clk_wiz_0/inst/clk_125MHz_clk_wiz_0
    BUFGCE_X0Y54         BUFGCE (Prop_BUFCE_BUFGCE_I_O)
                                                      0.024     6.100 r  u_clk_wiz_0/inst/clkout2_buf/O
    X1Y0 (CLOCK_ROOT)    net (fo=53, routed)          1.641     7.741    u_hdmi_tx/i_wrap/pxClkX5
    SLICE_X35Y6          FDRE                                         r  u_hdmi_tx/i_wrap/TMDS_0/i_GBox/sReg_reg[5]/C
                         clock pessimism             -0.217     7.524    
                         clock uncertainty           -0.202     7.322    
    SLICE_X35Y6          FDRE (Setup_HFF_SLICEL_C_D)
                                                      0.025     7.347    u_hdmi_tx/i_wrap/TMDS_0/i_GBox/sReg_reg[5]
  -------------------------------------------------------------------
                         required time                          7.347    
                         arrival time                          -3.863    
  -------------------------------------------------------------------
                         slack                                  3.484    

Slack (MET) :             3.512ns  (required time - arrival time)
  Source:                 u_hdmi_tx/i_wrap/TMDS_2/i_Enc/qD_reg[0]/C
                            (rising edge-triggered cell FDRE clocked by clk_25MHz_clk_wiz_0  {rise@0.000ns fall@20.000ns period=40.000ns})
  Destination:            u_hdmi_tx/i_wrap/TMDS_2/i_GBox/sReg_reg[3]/D
                            (rising edge-triggered cell FDRE clocked by clk_125MHz_clk_wiz_0  {rise@0.000ns fall@4.000ns period=8.000ns})
  Path Group:             clk_125MHz_clk_wiz_0
  Path Type:              Setup (Max at Slow Process Corner)
  Requirement:            8.000ns  (clk_125MHz_clk_wiz_0 rise@8.000ns - clk_25MHz_clk_wiz_0 rise@0.000ns)
  Data Path Delay:        4.034ns  (logic 0.591ns (14.649%)  route 3.443ns (85.351%))
  Logic Levels:           7  (LUT4=1 LUT5=2 LUT6=4)
  Clock Path Skew:        -0.276ns (DCD - SCD + CPR)
    Destination Clock Delay (DCD):    -0.217ns = ( 7.783 - 8.000 ) 
    Source Clock Delay      (SCD):    -0.158ns
    Clock Pessimism Removal (CPR):    -0.217ns
  Clock Uncertainty:      0.202ns  ((TSJ^2 + DJ^2)^1/2) / 2 + PE
    Total System Jitter     (TSJ):    0.071ns
    Discrete Jitter          (DJ):    0.148ns
    Phase Error              (PE):    0.120ns
  Clock Net Delay (Source):      1.930ns (routing 0.847ns, distribution 1.083ns)
  Clock Net Delay (Destination): 1.683ns (routing 0.938ns, distribution 0.745ns)

    Location             Delay type                Incr(ns)  Path(ns)    Netlist Resource(s)
  -------------------------------------------------------------------    -------------------
                         (clock clk_25MHz_clk_wiz_0 rise edge)
                                                      0.000     0.000 r  
    D7                                                0.000     0.000 r  i_clk_100mhz_p (IN)
                         net (fo=0)                   0.100     0.100    u_clk_wiz_0/inst/clkin1_ibufds/I
    HPIOBDIFFINBUF_X0Y60 DIFFINBUF (Prop_DIFFINBUF_HPIOBDIFFINBUF_DIFF_IN_P_O)
                                                      0.629     0.729 r  u_clk_wiz_0/inst/clkin1_ibufds/DIFFINBUF_INST/O
                         net (fo=1, routed)           0.050     0.779    u_clk_wiz_0/inst/clkin1_ibufds/OUT
    D7                   IBUFCTRL (Prop_IBUFCTRL_HPIOB_M_I_O)
                                                      0.000     0.779 r  u_clk_wiz_0/inst/clkin1_ibufds/IBUFCTRL_INST/O
                         net (fo=1, routed)           0.384     1.163    u_clk_wiz_0/inst/clk_in1_clk_wiz_0
    MMCM_X0Y2            MMCME4_ADV (Prop_MMCM_CLKIN1_CLKOUT0)
                                                     -3.524    -2.361 r  u_clk_wiz_0/inst/mmcme4_adv_inst/CLKOUT0
                         net (fo=1, routed)           0.245    -2.116    u_clk_wiz_0/inst/clk_25MHz_clk_wiz_0
    BUFGCE_X0Y49         BUFGCE (Prop_BUFCE_BUFGCE_I_O)
                                                      0.028    -2.088 r  u_clk_wiz_0/inst/clkout1_buf/O
    X1Y1 (CLOCK_ROOT)    net (fo=87, routed)          1.930    -0.158    u_hdmi_tx/i_wrap/pxClk
    SLICE_X38Y3          FDRE                                         r  u_hdmi_tx/i_wrap/TMDS_2/i_Enc/qD_reg[0]/C
  -------------------------------------------------------------------    -------------------
    SLICE_X38Y3          FDRE (Prop_DFF_SLICEL_C_Q)
                                                      0.079    -0.079 r  u_hdmi_tx/i_wrap/TMDS_2/i_Enc/qD_reg[0]/Q
                         net (fo=13, routed)          0.932     0.853    u_hdmi_tx/i_wrap/TMDS_2/i_Enc/qD_reg_n_0_[0]
    SLICE_X39Y2          LUT5 (Prop_B5LUT_SLICEM_I0_O)
                                                      0.072     0.925 r  u_hdmi_tx/i_wrap/g0_b2__1/O
                         net (fo=2, routed)           0.352     1.277    u_hdmi_tx/i_wrap/g0_b2__1_n_0
    SLICE_X39Y1          LUT6 (Prop_F6LUT_SLICEM_I0_O)
                                                      0.037     1.314 r  u_hdmi_tx/i_wrap/g0_b2_i_1__1/O
                         net (fo=23, routed)          0.339     1.653    u_hdmi_tx/i_wrap/g0_b2_i_1__1_n_0
    SLICE_X39Y2          LUT6 (Prop_H6LUT_SLICEM_I4_O)
                                                      0.039     1.692 r  u_hdmi_tx/i_wrap/g0_b1__4/O
                         net (fo=4, routed)           0.252     1.944    u_hdmi_tx/i_wrap/g0_b1__4_n_0
    SLICE_X40Y2          LUT6 (Prop_G6LUT_SLICEM_I0_O)
                                                      0.052     1.996 f  u_hdmi_tx/i_wrap/Cnt[4]_i_11__1/O
                         net (fo=8, routed)           0.374     2.370    u_hdmi_tx/i_wrap/Cnt[4]_i_11__1_n_0
    SLICE_X41Y1          LUT4 (Prop_C6LUT_SLICEL_I0_O)
                                                      0.123     2.493 r  u_hdmi_tx/i_wrap/Cnt[4]_i_4__1/O
                         net (fo=8, routed)           0.528     3.022    u_hdmi_tx/i_wrap/Cnt[4]_i_4__1_n_0
    SLICE_X38Y2          LUT6 (Prop_F6LUT_SLICEL_I4_O)
                                                      0.123     3.145 r  u_hdmi_tx/i_wrap/sReg[3]_i_2__0/O
                         net (fo=1, routed)           0.651     3.796    u_hdmi_tx/i_wrap/sReg[3]_i_2__0_n_0
    SLICE_X38Y1          LUT5 (Prop_D5LUT_SLICEL_I0_O)
                                                      0.066     3.862 r  u_hdmi_tx/i_wrap/sReg[3]_i_1__1/O
                         net (fo=1, routed)           0.015     3.877    u_hdmi_tx/i_wrap/sReg[3]_i_1__1_n_0
    SLICE_X38Y1          FDRE                                         r  u_hdmi_tx/i_wrap/TMDS_2/i_GBox/sReg_reg[3]/D
  -------------------------------------------------------------------    -------------------

                         (clock clk_125MHz_clk_wiz_0 rise edge)
                                                      8.000     8.000 r  
    D7                                                0.000     8.000 r  i_clk_100mhz_p (IN)
                         net (fo=0)                   0.079     8.079    u_clk_wiz_0/inst/clkin1_ibufds/I
    HPIOBDIFFINBUF_X0Y60 DIFFINBUF (Prop_DIFFINBUF_HPIOBDIFFINBUF_DIFF_IN_P_O)
                                                      0.519     8.598 r  u_clk_wiz_0/inst/clkin1_ibufds/DIFFINBUF_INST/O
                         net (fo=1, routed)           0.040     8.638    u_clk_wiz_0/inst/clkin1_ibufds/OUT
    D7                   IBUFCTRL (Prop_IBUFCTRL_HPIOB_M_I_O)
                                                      0.000     8.638 r  u_clk_wiz_0/inst/clkin1_ibufds/IBUFCTRL_INST/O
                         net (fo=1, routed)           0.333     8.971    u_clk_wiz_0/inst/clk_in1_clk_wiz_0
    MMCM_X0Y2            MMCME4_ADV (Prop_MMCM_CLKIN1_CLKOUT1)
                                                     -3.115     5.856 r  u_clk_wiz_0/inst/mmcme4_adv_inst/CLKOUT1
                         net (fo=1, routed)           0.220     6.076    u_clk_wiz_0/inst/clk_125MHz_clk_wiz_0
    BUFGCE_X0Y54         BUFGCE (Prop_BUFCE_BUFGCE_I_O)
                                                      0.024     6.100 r  u_clk_wiz_0/inst/clkout2_buf/O
    X1Y0 (CLOCK_ROOT)    net (fo=53, routed)          1.683     7.783    u_hdmi_tx/i_wrap/pxClkX5
    SLICE_X38Y1          FDRE                                         r  u_hdmi_tx/i_wrap/TMDS_2/i_GBox/sReg_reg[3]/C
                         clock pessimism             -0.217     7.566    
                         clock uncertainty           -0.202     7.364    
    SLICE_X38Y1          FDRE (Setup_DFF2_SLICEL_C_D)
                                                      0.025     7.389    u_hdmi_tx/i_wrap/TMDS_2/i_GBox/sReg_reg[3]
  -------------------------------------------------------------------
                         required time                          7.389    
                         arrival time                          -3.877    
  -------------------------------------------------------------------
                         slack                                  3.512    





Min Delay Paths
--------------------------------------------------------------------------------------
Slack (MET) :             0.075ns  (arrival time - required time)
  Source:                 u_hdmi_tx/i_wrap/TMDS_0/i_Enc/qD_reg[0]/C
                            (rising edge-triggered cell FDRE clocked by clk_25MHz_clk_wiz_0  {rise@0.000ns fall@20.000ns period=40.000ns})
  Destination:            u_hdmi_tx/i_wrap/TMDS_0/i_GBox/sReg_reg[0]/D
                            (rising edge-triggered cell FDRE clocked by clk_125MHz_clk_wiz_0  {rise@0.000ns fall@4.000ns period=8.000ns})
  Path Group:             clk_125MHz_clk_wiz_0
  Path Type:              Hold (Min at Fast Process Corner)
  Requirement:            0.000ns  (clk_125MHz_clk_wiz_0 rise@0.000ns - clk_25MHz_clk_wiz_0 rise@0.000ns)
  Data Path Delay:        0.469ns  (logic 0.061ns (12.993%)  route 0.408ns (87.007%))
  Logic Levels:           1  (LUT6=1)
  Clock Path Skew:        0.147ns (DCD - SCD - CPR)
    Destination Clock Delay (DCD):    -0.147ns
    Source Clock Delay      (SCD):    -0.197ns
    Clock Pessimism Removal (CPR):    -0.097ns
  Clock Uncertainty:      0.202ns  ((TSJ^2 + DJ^2)^1/2) / 2 + PE
    Total System Jitter     (TSJ):    0.071ns
    Discrete Jitter          (DJ):    0.148ns
    Phase Error              (PE):    0.120ns
  Clock Net Delay (Source):      1.050ns (routing 0.465ns, distribution 0.585ns)
  Clock Net Delay (Destination): 1.170ns (routing 0.637ns, distribution 0.533ns)

    Location             Delay type                Incr(ns)  Path(ns)    Netlist Resource(s)
  -------------------------------------------------------------------    -------------------
                         (clock clk_25MHz_clk_wiz_0 rise edge)
                                                      0.000     0.000 r  
    D7                                                0.000     0.000 r  i_clk_100mhz_p (IN)
                         net (fo=0)                   0.079     0.079    u_clk_wiz_0/inst/clkin1_ibufds/I
    HPIOBDIFFINBUF_X0Y60 DIFFINBUF (Prop_DIFFINBUF_HPIOBDIFFINBUF_DIFF_IN_P_O)
                                                      0.295     0.374 r  u_clk_wiz_0/inst/clkin1_ibufds/DIFFINBUF_INST/O
                         net (fo=1, routed)           0.040     0.414    u_clk_wiz_0/inst/clkin1_ibufds/OUT
    D7                   IBUFCTRL (Prop_IBUFCTRL_HPIOB_M_I_O)
                                                      0.000     0.414 r  u_clk_wiz_0/inst/clkin1_ibufds/IBUFCTRL_INST/O
                         net (fo=1, routed)           0.196     0.610    u_clk_wiz_0/inst/clk_in1_clk_wiz_0
    MMCM_X0Y2            MMCME4_ADV (Prop_MMCM_CLKIN1_CLKOUT0)
                                                     -2.020    -1.410 r  u_clk_wiz_0/inst/mmcme4_adv_inst/CLKOUT0
                         net (fo=1, routed)           0.146    -1.264    u_clk_wiz_0/inst/clk_25MHz_clk_wiz_0
    BUFGCE_X0Y49         BUFGCE (Prop_BUFCE_BUFGCE_I_O)
                                                      0.017    -1.247 r  u_clk_wiz_0/inst/clkout1_buf/O
    X1Y1 (CLOCK_ROOT)    net (fo=87, routed)          1.050    -0.197    u_hdmi_tx/i_wrap/pxClk
    SLICE_X37Y6          FDRE                                         r  u_hdmi_tx/i_wrap/TMDS_0/i_Enc/qD_reg[0]/C
  -------------------------------------------------------------------    -------------------
    SLICE_X37Y6          FDRE (Prop_DFF_SLICEM_C_Q)
                                                      0.039    -0.158 r  u_hdmi_tx/i_wrap/TMDS_0/i_Enc/qD_reg[0]/Q
                         net (fo=14, routed)          0.382     0.224    u_hdmi_tx/i_wrap/TMDS_0/i_Enc/qD_reg_n_0_[0]
    SLICE_X34Y7          LUT6 (Prop_D6LUT_SLICEM_I0_O)
                                                      0.022     0.246 r  u_hdmi_tx/i_wrap/sReg[0]_i_1/O
                         net (fo=1, routed)           0.026     0.272    u_hdmi_tx/i_wrap/sReg[0]_i_1_n_0
    SLICE_X34Y7          FDRE                                         r  u_hdmi_tx/i_wrap/TMDS_0/i_GBox/sReg_reg[0]/D
  -------------------------------------------------------------------    -------------------

                         (clock clk_125MHz_clk_wiz_0 rise edge)
                                                      0.000     0.000 r  
    D7                                                0.000     0.000 r  i_clk_100mhz_p (IN)
                         net (fo=0)                   0.100     0.100    u_clk_wiz_0/inst/clkin1_ibufds/I
    HPIOBDIFFINBUF_X0Y60 DIFFINBUF (Prop_DIFFINBUF_HPIOBDIFFINBUF_DIFF_IN_P_O)
                                                      0.400     0.500 r  u_clk_wiz_0/inst/clkin1_ibufds/DIFFINBUF_INST/O
                         net (fo=1, routed)           0.050     0.550    u_clk_wiz_0/inst/clkin1_ibufds/OUT
    D7                   IBUFCTRL (Prop_IBUFCTRL_HPIOB_M_I_O)
                                                      0.000     0.550 r  u_clk_wiz_0/inst/clkin1_ibufds/IBUFCTRL_INST/O
                         net (fo=1, routed)           0.222     0.772    u_clk_wiz_0/inst/clk_in1_clk_wiz_0
    MMCM_X0Y2            MMCME4_ADV (Prop_MMCM_CLKIN1_CLKOUT1)
                                                     -2.279    -1.507 r  u_clk_wiz_0/inst/mmcme4_adv_inst/CLKOUT1
                         net (fo=1, routed)           0.170    -1.337    u_clk_wiz_0/inst/clk_125MHz_clk_wiz_0
    BUFGCE_X0Y54         BUFGCE (Prop_BUFCE_BUFGCE_I_O)
                                                      0.019    -1.318 r  u_clk_wiz_0/inst/clkout2_buf/O
    X1Y0 (CLOCK_ROOT)    net (fo=53, routed)          1.170    -0.147    u_hdmi_tx/i_wrap/pxClkX5
    SLICE_X34Y7          FDRE                                         r  u_hdmi_tx/i_wrap/TMDS_0/i_GBox/sReg_reg[0]/C
                         clock pessimism              0.097    -0.050    
                         clock uncertainty            0.202     0.152    
    SLICE_X34Y7          FDRE (Hold_DFF_SLICEM_C_D)
                                                      0.046     0.198    u_hdmi_tx/i_wrap/TMDS_0/i_GBox/sReg_reg[0]
  -------------------------------------------------------------------
                         required time                         -0.198    
                         arrival time                           0.272    
  -------------------------------------------------------------------
                         slack                                  0.075    

Slack (MET) :             0.094ns  (arrival time - required time)
  Source:                 u_hdmi_tx/i_wrap/TMDS_0/i_Enc/qDE_reg/C
                            (rising edge-triggered cell FDRE clocked by clk_25MHz_clk_wiz_0  {rise@0.000ns fall@20.000ns period=40.000ns})
  Destination:            u_hdmi_tx/i_wrap/TMDS_2/i_GBox/sReg_reg[4]/D
                            (rising edge-triggered cell FDRE clocked by clk_125MHz_clk_wiz_0  {rise@0.000ns fall@4.000ns period=8.000ns})
  Path Group:             clk_125MHz_clk_wiz_0
  Path Type:              Hold (Min at Fast Process Corner)
  Requirement:            0.000ns  (clk_125MHz_clk_wiz_0 rise@0.000ns - clk_25MHz_clk_wiz_0 rise@0.000ns)
  Data Path Delay:        0.484ns  (logic 0.062ns (12.811%)  route 0.422ns (87.189%))
  Logic Levels:           1  (LUT5=1)
  Clock Path Skew:        0.141ns (DCD - SCD - CPR)
    Destination Clock Delay (DCD):    -0.135ns
    Source Clock Delay      (SCD):    -0.179ns
    Clock Pessimism Removal (CPR):    -0.097ns
  Clock Uncertainty:      0.202ns  ((TSJ^2 + DJ^2)^1/2) / 2 + PE
    Total System Jitter     (TSJ):    0.071ns
    Discrete Jitter          (DJ):    0.148ns
    Phase Error              (PE):    0.120ns
  Clock Net Delay (Source):      1.068ns (routing 0.465ns, distribution 0.603ns)
  Clock Net Delay (Destination): 1.183ns (routing 0.637ns, distribution 0.546ns)

    Location             Delay type                Incr(ns)  Path(ns)    Netlist Resource(s)
  -------------------------------------------------------------------    -------------------
                         (clock clk_25MHz_clk_wiz_0 rise edge)
                                                      0.000     0.000 r  
    D7                                                0.000     0.000 r  i_clk_100mhz_p (IN)
                         net (fo=0)                   0.079     0.079    u_clk_wiz_0/inst/clkin1_ibufds/I
    HPIOBDIFFINBUF_X0Y60 DIFFINBUF (Prop_DIFFINBUF_HPIOBDIFFINBUF_DIFF_IN_P_O)
                                                      0.295     0.374 r  u_clk_wiz_0/inst/clkin1_ibufds/DIFFINBUF_INST/O
                         net (fo=1, routed)           0.040     0.414    u_clk_wiz_0/inst/clkin1_ibufds/OUT
    D7                   IBUFCTRL (Prop_IBUFCTRL_HPIOB_M_I_O)
                                                      0.000     0.414 r  u_clk_wiz_0/inst/clkin1_ibufds/IBUFCTRL_INST/O
                         net (fo=1, routed)           0.196     0.610    u_clk_wiz_0/inst/clk_in1_clk_wiz_0
    MMCM_X0Y2            MMCME4_ADV (Prop_MMCM_CLKIN1_CLKOUT0)
                                                     -2.020    -1.410 r  u_clk_wiz_0/inst/mmcme4_adv_inst/CLKOUT0
                         net (fo=1, routed)           0.146    -1.264    u_clk_wiz_0/inst/clk_25MHz_clk_wiz_0
    BUFGCE_X0Y49         BUFGCE (Prop_BUFCE_BUFGCE_I_O)
                                                      0.017    -1.247 r  u_clk_wiz_0/inst/clkout1_buf/O
    X1Y1 (CLOCK_ROOT)    net (fo=87, routed)          1.068    -0.179    u_hdmi_tx/i_wrap/pxClk
    SLICE_X39Y8          FDRE                                         r  u_hdmi_tx/i_wrap/TMDS_0/i_Enc/qDE_reg/C
  -------------------------------------------------------------------    -------------------
    SLICE_X39Y8          FDRE (Prop_HFF2_SLICEM_C_Q)
                                                      0.039    -0.140 f  u_hdmi_tx/i_wrap/TMDS_0/i_Enc/qDE_reg/Q
                         net (fo=33, routed)          0.407     0.267    u_hdmi_tx/i_wrap/qDE
    SLICE_X38Y2          LUT5 (Prop_B6LUT_SLICEL_I3_O)
                                                      0.023     0.290 r  u_hdmi_tx/i_wrap/sReg[4]_i_1__1/O
                         net (fo=1, routed)           0.015     0.305    u_hdmi_tx/i_wrap/sReg[4]_i_1__1_n_0
    SLICE_X38Y2          FDRE                                         r  u_hdmi_tx/i_wrap/TMDS_2/i_GBox/sReg_reg[4]/D
  -------------------------------------------------------------------    -------------------

                         (clock clk_125MHz_clk_wiz_0 rise edge)
                                                      0.000     0.000 r  
    D7                                                0.000     0.000 r  i_clk_100mhz_p (IN)
                         net (fo=0)                   0.100     0.100    u_clk_wiz_0/inst/clkin1_ibufds/I
    HPIOBDIFFINBUF_X0Y60 DIFFINBUF (Prop_DIFFINBUF_HPIOBDIFFINBUF_DIFF_IN_P_O)
                                                      0.400     0.500 r  u_clk_wiz_0/inst/clkin1_ibufds/DIFFINBUF_INST/O
                         net (fo=1, routed)           0.050     0.550    u_clk_wiz_0/inst/clkin1_ibufds/OUT
    D7                   IBUFCTRL (Prop_IBUFCTRL_HPIOB_M_I_O)
                                                      0.000     0.550 r  u_clk_wiz_0/inst/clkin1_ibufds/IBUFCTRL_INST/O
                         net (fo=1, routed)           0.222     0.772    u_clk_wiz_0/inst/clk_in1_clk_wiz_0
    MMCM_X0Y2            MMCME4_ADV (Prop_MMCM_CLKIN1_CLKOUT1)
                                                     -2.279    -1.507 r  u_clk_wiz_0/inst/mmcme4_adv_inst/CLKOUT1
                         net (fo=1, routed)           0.170    -1.337    u_clk_wiz_0/inst/clk_125MHz_clk_wiz_0
    BUFGCE_X0Y54         BUFGCE (Prop_BUFCE_BUFGCE_I_O)
                                                      0.019    -1.318 r  u_clk_wiz_0/inst/clkout2_buf/O
    X1Y0 (CLOCK_ROOT)    net (fo=53, routed)          1.183    -0.135    u_hdmi_tx/i_wrap/pxClkX5
    SLICE_X38Y2          FDRE                                         r  u_hdmi_tx/i_wrap/TMDS_2/i_GBox/sReg_reg[4]/C
                         clock pessimism              0.097    -0.038    
                         clock uncertainty            0.202     0.164    
    SLICE_X38Y2          FDRE (Hold_BFF_SLICEL_C_D)
                                                      0.046     0.210    u_hdmi_tx/i_wrap/TMDS_2/i_GBox/sReg_reg[4]
  -------------------------------------------------------------------
                         required time                         -0.210    
                         arrival time                           0.305    
  -------------------------------------------------------------------
                         slack                                  0.094    

Slack (MET) :             0.108ns  (arrival time - required time)
  Source:                 u_hdmi_tx/i_wrap/TMDS_0/i_Enc/qDE_reg/C
                            (rising edge-triggered cell FDRE clocked by clk_25MHz_clk_wiz_0  {rise@0.000ns fall@20.000ns period=40.000ns})
  Destination:            u_hdmi_tx/i_wrap/TMDS_2/i_GBox/sReg_reg[2]/D
                            (rising edge-triggered cell FDRE clocked by clk_125MHz_clk_wiz_0  {rise@0.000ns fall@4.000ns period=8.000ns})
  Path Group:             clk_125MHz_clk_wiz_0
  Path Type:              Hold (Min at Fast Process Corner)
  Requirement:            0.000ns  (clk_125MHz_clk_wiz_0 rise@0.000ns - clk_25MHz_clk_wiz_0 rise@0.000ns)
  Data Path Delay:        0.498ns  (logic 0.074ns (14.860%)  route 0.424ns (85.140%))
  Logic Levels:           1  (LUT5=1)
  Clock Path Skew:        0.141ns (DCD - SCD - CPR)
    Destination Clock Delay (DCD):    -0.135ns
    Source Clock Delay      (SCD):    -0.179ns
    Clock Pessimism Removal (CPR):    -0.097ns
  Clock Uncertainty:      0.202ns  ((TSJ^2 + DJ^2)^1/2) / 2 + PE
    Total System Jitter     (TSJ):    0.071ns
    Discrete Jitter          (DJ):    0.148ns
    Phase Error              (PE):    0.120ns
  Clock Net Delay (Source):      1.068ns (routing 0.465ns, distribution 0.603ns)
  Clock Net Delay (Destination): 1.183ns (routing 0.637ns, distribution 0.546ns)

    Location             Delay type                Incr(ns)  Path(ns)    Netlist Resource(s)
  -------------------------------------------------------------------    -------------------
                         (clock clk_25MHz_clk_wiz_0 rise edge)
                                                      0.000     0.000 r  
    D7                                                0.000     0.000 r  i_clk_100mhz_p (IN)
                         net (fo=0)                   0.079     0.079    u_clk_wiz_0/inst/clkin1_ibufds/I
    HPIOBDIFFINBUF_X0Y60 DIFFINBUF (Prop_DIFFINBUF_HPIOBDIFFINBUF_DIFF_IN_P_O)
                                                      0.295     0.374 r  u_clk_wiz_0/inst/clkin1_ibufds/DIFFINBUF_INST/O
                         net (fo=1, routed)           0.040     0.414    u_clk_wiz_0/inst/clkin1_ibufds/OUT
    D7                   IBUFCTRL (Prop_IBUFCTRL_HPIOB_M_I_O)
                                                      0.000     0.414 r  u_clk_wiz_0/inst/clkin1_ibufds/IBUFCTRL_INST/O
                         net (fo=1, routed)           0.196     0.610    u_clk_wiz_0/inst/clk_in1_clk_wiz_0
    MMCM_X0Y2            MMCME4_ADV (Prop_MMCM_CLKIN1_CLKOUT0)
                                                     -2.020    -1.410 r  u_clk_wiz_0/inst/mmcme4_adv_inst/CLKOUT0
                         net (fo=1, routed)           0.146    -1.264    u_clk_wiz_0/inst/clk_25MHz_clk_wiz_0
    BUFGCE_X0Y49         BUFGCE (Prop_BUFCE_BUFGCE_I_O)
                                                      0.017    -1.247 r  u_clk_wiz_0/inst/clkout1_buf/O
    X1Y1 (CLOCK_ROOT)    net (fo=87, routed)          1.068    -0.179    u_hdmi_tx/i_wrap/pxClk
    SLICE_X39Y8          FDRE                                         r  u_hdmi_tx/i_wrap/TMDS_0/i_Enc/qDE_reg/C
  -------------------------------------------------------------------    -------------------
    SLICE_X39Y8          FDRE (Prop_HFF2_SLICEM_C_Q)
                                                      0.039    -0.140 f  u_hdmi_tx/i_wrap/TMDS_0/i_Enc/qDE_reg/Q
                         net (fo=33, routed)          0.407     0.267    u_hdmi_tx/i_wrap/qDE
    SLICE_X38Y2          LUT5 (Prop_C6LUT_SLICEL_I3_O)
                                                      0.035     0.302 r  u_hdmi_tx/i_wrap/sReg[2]_i_1__1/O
                         net (fo=1, routed)           0.017     0.319    u_hdmi_tx/i_wrap/sReg[2]_i_1__1_n_0
    SLICE_X38Y2          FDRE                                         r  u_hdmi_tx/i_wrap/TMDS_2/i_GBox/sReg_reg[2]/D
  -------------------------------------------------------------------    -------------------

                         (clock clk_125MHz_clk_wiz_0 rise edge)
                                                      0.000     0.000 r  
    D7                                                0.000     0.000 r  i_clk_100mhz_p (IN)
                         net (fo=0)                   0.100     0.100    u_clk_wiz_0/inst/clkin1_ibufds/I
    HPIOBDIFFINBUF_X0Y60 DIFFINBUF (Prop_DIFFINBUF_HPIOBDIFFINBUF_DIFF_IN_P_O)
                                                      0.400     0.500 r  u_clk_wiz_0/inst/clkin1_ibufds/DIFFINBUF_INST/O
                         net (fo=1, routed)           0.050     0.550    u_clk_wiz_0/inst/clkin1_ibufds/OUT
    D7                   IBUFCTRL (Prop_IBUFCTRL_HPIOB_M_I_O)
                                                      0.000     0.550 r  u_clk_wiz_0/inst/clkin1_ibufds/IBUFCTRL_INST/O
                         net (fo=1, routed)           0.222     0.772    u_clk_wiz_0/inst/clk_in1_clk_wiz_0
    MMCM_X0Y2            MMCME4_ADV (Prop_MMCM_CLKIN1_CLKOUT1)
                                                     -2.279    -1.507 r  u_clk_wiz_0/inst/mmcme4_adv_inst/CLKOUT1
                         net (fo=1, routed)           0.170    -1.337    u_clk_wiz_0/inst/clk_125MHz_clk_wiz_0
    BUFGCE_X0Y54         BUFGCE (Prop_BUFCE_BUFGCE_I_O)
                                                      0.019    -1.318 r  u_clk_wiz_0/inst/clkout2_buf/O
    X1Y0 (CLOCK_ROOT)    net (fo=53, routed)          1.183    -0.135    u_hdmi_tx/i_wrap/pxClkX5
    SLICE_X38Y2          FDRE                                         r  u_hdmi_tx/i_wrap/TMDS_2/i_GBox/sReg_reg[2]/C
                         clock pessimism              0.097    -0.038    
                         clock uncertainty            0.202     0.164    
    SLICE_X38Y2          FDRE (Hold_CFF_SLICEL_C_D)
                                                      0.046     0.210    u_hdmi_tx/i_wrap/TMDS_2/i_GBox/sReg_reg[2]
  -------------------------------------------------------------------
                         required time                         -0.210    
                         arrival time                           0.319    
  -------------------------------------------------------------------
                         slack                                  0.108    

Slack (MET) :             0.113ns  (arrival time - required time)
  Source:                 u_hdmi_tx/i_wrap/TMDS_0/i_Enc/qDE_reg/C
                            (rising edge-triggered cell FDRE clocked by clk_25MHz_clk_wiz_0  {rise@0.000ns fall@20.000ns period=40.000ns})
  Destination:            u_hdmi_tx/i_wrap/TMDS_2/i_GBox/sReg_reg[0]/D
                            (rising edge-triggered cell FDRE clocked by clk_125MHz_clk_wiz_0  {rise@0.000ns fall@4.000ns period=8.000ns})
  Path Group:             clk_125MHz_clk_wiz_0
  Path Type:              Hold (Min at Fast Process Corner)
  Requirement:            0.000ns  (clk_125MHz_clk_wiz_0 rise@0.000ns - clk_25MHz_clk_wiz_0 rise@0.000ns)
  Data Path Delay:        0.513ns  (logic 0.062ns (12.096%)  route 0.451ns (87.904%))
  Logic Levels:           1  (LUT5=1)
  Clock Path Skew:        0.151ns (DCD - SCD - CPR)
    Destination Clock Delay (DCD):    -0.125ns
    Source Clock Delay      (SCD):    -0.179ns
    Clock Pessimism Removal (CPR):    -0.097ns
  Clock Uncertainty:      0.202ns  ((TSJ^2 + DJ^2)^1/2) / 2 + PE
    Total System Jitter     (TSJ):    0.071ns
    Discrete Jitter          (DJ):    0.148ns
    Phase Error              (PE):    0.120ns
  Clock Net Delay (Source):      1.068ns (routing 0.465ns, distribution 0.603ns)
  Clock Net Delay (Destination): 1.193ns (routing 0.637ns, distribution 0.556ns)

    Location             Delay type                Incr(ns)  Path(ns)    Netlist Resource(s)
  -------------------------------------------------------------------    -------------------
                         (clock clk_25MHz_clk_wiz_0 rise edge)
                                                      0.000     0.000 r  
    D7                                                0.000     0.000 r  i_clk_100mhz_p (IN)
                         net (fo=0)                   0.079     0.079    u_clk_wiz_0/inst/clkin1_ibufds/I
    HPIOBDIFFINBUF_X0Y60 DIFFINBUF (Prop_DIFFINBUF_HPIOBDIFFINBUF_DIFF_IN_P_O)
                                                      0.295     0.374 r  u_clk_wiz_0/inst/clkin1_ibufds/DIFFINBUF_INST/O
                         net (fo=1, routed)           0.040     0.414    u_clk_wiz_0/inst/clkin1_ibufds/OUT
    D7                   IBUFCTRL (Prop_IBUFCTRL_HPIOB_M_I_O)
                                                      0.000     0.414 r  u_clk_wiz_0/inst/clkin1_ibufds/IBUFCTRL_INST/O
                         net (fo=1, routed)           0.196     0.610    u_clk_wiz_0/inst/clk_in1_clk_wiz_0
    MMCM_X0Y2            MMCME4_ADV (Prop_MMCM_CLKIN1_CLKOUT0)
                                                     -2.020    -1.410 r  u_clk_wiz_0/inst/mmcme4_adv_inst/CLKOUT0
                         net (fo=1, routed)           0.146    -1.264    u_clk_wiz_0/inst/clk_25MHz_clk_wiz_0
    BUFGCE_X0Y49         BUFGCE (Prop_BUFCE_BUFGCE_I_O)
                                                      0.017    -1.247 r  u_clk_wiz_0/inst/clkout1_buf/O
    X1Y1 (CLOCK_ROOT)    net (fo=87, routed)          1.068    -0.179    u_hdmi_tx/i_wrap/pxClk
    SLICE_X39Y8          FDRE                                         r  u_hdmi_tx/i_wrap/TMDS_0/i_Enc/qDE_reg/C
  -------------------------------------------------------------------    -------------------
    SLICE_X39Y8          FDRE (Prop_HFF2_SLICEM_C_Q)
                                                      0.039    -0.140 r  u_hdmi_tx/i_wrap/TMDS_0/i_Enc/qDE_reg/Q
                         net (fo=33, routed)          0.433     0.292    u_hdmi_tx/i_wrap/qDE
    SLICE_X39Y2          LUT5 (Prop_A6LUT_SLICEM_I4_O)
                                                      0.023     0.315 r  u_hdmi_tx/i_wrap/sReg[0]_i_1__1/O
                         net (fo=1, routed)           0.018     0.333    u_hdmi_tx/i_wrap/sReg[0]_i_1__1_n_0
    SLICE_X39Y2          FDRE                                         r  u_hdmi_tx/i_wrap/TMDS_2/i_GBox/sReg_reg[0]/D
  -------------------------------------------------------------------    -------------------

                         (clock clk_125MHz_clk_wiz_0 rise edge)
                                                      0.000     0.000 r  
    D7                                                0.000     0.000 r  i_clk_100mhz_p (IN)
                         net (fo=0)                   0.100     0.100    u_clk_wiz_0/inst/clkin1_ibufds/I
    HPIOBDIFFINBUF_X0Y60 DIFFINBUF (Prop_DIFFINBUF_HPIOBDIFFINBUF_DIFF_IN_P_O)
                                                      0.400     0.500 r  u_clk_wiz_0/inst/clkin1_ibufds/DIFFINBUF_INST/O
                         net (fo=1, routed)           0.050     0.550    u_clk_wiz_0/inst/clkin1_ibufds/OUT
    D7                   IBUFCTRL (Prop_IBUFCTRL_HPIOB_M_I_O)
                                                      0.000     0.550 r  u_clk_wiz_0/inst/clkin1_ibufds/IBUFCTRL_INST/O
                         net (fo=1, routed)           0.222     0.772    u_clk_wiz_0/inst/clk_in1_clk_wiz_0
    MMCM_X0Y2            MMCME4_ADV (Prop_MMCM_CLKIN1_CLKOUT1)
                                                     -2.279    -1.507 r  u_clk_wiz_0/inst/mmcme4_adv_inst/CLKOUT1
                         net (fo=1, routed)           0.170    -1.337    u_clk_wiz_0/inst/clk_125MHz_clk_wiz_0
    BUFGCE_X0Y54         BUFGCE (Prop_BUFCE_BUFGCE_I_O)
                                                      0.019    -1.318 r  u_clk_wiz_0/inst/clkout2_buf/O
    X1Y0 (CLOCK_ROOT)    net (fo=53, routed)          1.193    -0.125    u_hdmi_tx/i_wrap/pxClkX5
    SLICE_X39Y2          FDRE                                         r  u_hdmi_tx/i_wrap/TMDS_2/i_GBox/sReg_reg[0]/C
                         clock pessimism              0.097    -0.028    
                         clock uncertainty            0.202     0.174    
    SLICE_X39Y2          FDRE (Hold_AFF_SLICEM_C_D)
                                                      0.046     0.220    u_hdmi_tx/i_wrap/TMDS_2/i_GBox/sReg_reg[0]
  -------------------------------------------------------------------
                         required time                         -0.220    
                         arrival time                           0.333    
  -------------------------------------------------------------------
                         slack                                  0.113    

Slack (MET) :             0.119ns  (arrival time - required time)
  Source:                 u_hdmi_tx/i_wrap/TMDS_1/i_Enc/qD_reg[6]/C
                            (rising edge-triggered cell FDRE clocked by clk_25MHz_clk_wiz_0  {rise@0.000ns fall@20.000ns period=40.000ns})
  Destination:            u_hdmi_tx/i_wrap/TMDS_1/i_GBox/sReg_reg[6]/D
                            (rising edge-triggered cell FDRE clocked by clk_125MHz_clk_wiz_0  {rise@0.000ns fall@4.000ns period=8.000ns})
  Path Group:             clk_125MHz_clk_wiz_0
  Path Type:              Hold (Min at Fast Process Corner)
  Requirement:            0.000ns  (clk_125MHz_clk_wiz_0 rise@0.000ns - clk_25MHz_clk_wiz_0 rise@0.000ns)
  Data Path Delay:        0.505ns  (logic 0.080ns (15.837%)  route 0.425ns (84.163%))
  Logic Levels:           1  (LUT6=1)
  Clock Path Skew:        0.138ns (DCD - SCD - CPR)
    Destination Clock Delay (DCD):    -0.156ns
    Source Clock Delay      (SCD):    -0.197ns
    Clock Pessimism Removal (CPR):    -0.097ns
  Clock Uncertainty:      0.202ns  ((TSJ^2 + DJ^2)^1/2) / 2 + PE
    Total System Jitter     (TSJ):    0.071ns
    Discrete Jitter          (DJ):    0.148ns
    Phase Error              (PE):    0.120ns
  Clock Net Delay (Source):      1.050ns (routing 0.465ns, distribution 0.585ns)
  Clock Net Delay (Destination): 1.162ns (routing 0.637ns, distribution 0.525ns)

    Location             Delay type                Incr(ns)  Path(ns)    Netlist Resource(s)
  -------------------------------------------------------------------    -------------------
                         (clock clk_25MHz_clk_wiz_0 rise edge)
                                                      0.000     0.000 r  
    D7                                                0.000     0.000 r  i_clk_100mhz_p (IN)
                         net (fo=0)                   0.079     0.079    u_clk_wiz_0/inst/clkin1_ibufds/I
    HPIOBDIFFINBUF_X0Y60 DIFFINBUF (Prop_DIFFINBUF_HPIOBDIFFINBUF_DIFF_IN_P_O)
                                                      0.295     0.374 r  u_clk_wiz_0/inst/clkin1_ibufds/DIFFINBUF_INST/O
                         net (fo=1, routed)           0.040     0.414    u_clk_wiz_0/inst/clkin1_ibufds/OUT
    D7                   IBUFCTRL (Prop_IBUFCTRL_HPIOB_M_I_O)
                                                      0.000     0.414 r  u_clk_wiz_0/inst/clkin1_ibufds/IBUFCTRL_INST/O
                         net (fo=1, routed)           0.196     0.610    u_clk_wiz_0/inst/clk_in1_clk_wiz_0
    MMCM_X0Y2            MMCME4_ADV (Prop_MMCM_CLKIN1_CLKOUT0)
                                                     -2.020    -1.410 r  u_clk_wiz_0/inst/mmcme4_adv_inst/CLKOUT0
                         net (fo=1, routed)           0.146    -1.264    u_clk_wiz_0/inst/clk_25MHz_clk_wiz_0
    BUFGCE_X0Y49         BUFGCE (Prop_BUFCE_BUFGCE_I_O)
                                                      0.017    -1.247 r  u_clk_wiz_0/inst/clkout1_buf/O
    X1Y1 (CLOCK_ROOT)    net (fo=87, routed)          1.050    -0.197    u_hdmi_tx/i_wrap/pxClk
    SLICE_X37Y5          FDRE                                         r  u_hdmi_tx/i_wrap/TMDS_1/i_Enc/qD_reg[6]/C
  -------------------------------------------------------------------    -------------------
    SLICE_X37Y5          FDRE (Prop_DFF_SLICEM_C_Q)
                                                      0.039    -0.158 r  u_hdmi_tx/i_wrap/TMDS_1/i_Enc/qD_reg[6]/Q
                         net (fo=7, routed)           0.409     0.251    u_hdmi_tx/i_wrap/TMDS_1/i_Enc/p_10_in
    SLICE_X36Y4          LUT6 (Prop_A6LUT_SLICEL_I2_O)
                                                      0.041     0.292 r  u_hdmi_tx/i_wrap/sReg[6]_i_1__0/O
                         net (fo=1, routed)           0.016     0.308    u_hdmi_tx/i_wrap/sReg[6]_i_1__0_n_0
    SLICE_X36Y4          FDRE                                         r  u_hdmi_tx/i_wrap/TMDS_1/i_GBox/sReg_reg[6]/D
  -------------------------------------------------------------------    -------------------

                         (clock clk_125MHz_clk_wiz_0 rise edge)
                                                      0.000     0.000 r  
    D7                                                0.000     0.000 r  i_clk_100mhz_p (IN)
                         net (fo=0)                   0.100     0.100    u_clk_wiz_0/inst/clkin1_ibufds/I
    HPIOBDIFFINBUF_X0Y60 DIFFINBUF (Prop_DIFFINBUF_HPIOBDIFFINBUF_DIFF_IN_P_O)
                                                      0.400     0.500 r  u_clk_wiz_0/inst/clkin1_ibufds/DIFFINBUF_INST/O
                         net (fo=1, routed)           0.050     0.550    u_clk_wiz_0/inst/clkin1_ibufds/OUT
    D7                   IBUFCTRL (Prop_IBUFCTRL_HPIOB_M_I_O)
                                                      0.000     0.550 r  u_clk_wiz_0/inst/clkin1_ibufds/IBUFCTRL_INST/O
                         net (fo=1, routed)           0.222     0.772    u_clk_wiz_0/inst/clk_in1_clk_wiz_0
    MMCM_X0Y2            MMCME4_ADV (Prop_MMCM_CLKIN1_CLKOUT1)
                                                     -2.279    -1.507 r  u_clk_wiz_0/inst/mmcme4_adv_inst/CLKOUT1
                         net (fo=1, routed)           0.170    -1.337    u_clk_wiz_0/inst/clk_125MHz_clk_wiz_0
    BUFGCE_X0Y54         BUFGCE (Prop_BUFCE_BUFGCE_I_O)
                                                      0.019    -1.318 r  u_clk_wiz_0/inst/clkout2_buf/O
    X1Y0 (CLOCK_ROOT)    net (fo=53, routed)          1.162    -0.156    u_hdmi_tx/i_wrap/pxClkX5
    SLICE_X36Y4          FDRE                                         r  u_hdmi_tx/i_wrap/TMDS_1/i_GBox/sReg_reg[6]/C
                         clock pessimism              0.097    -0.059    
                         clock uncertainty            0.202     0.143    
    SLICE_X36Y4          FDRE (Hold_AFF_SLICEL_C_D)
                                                      0.046     0.189    u_hdmi_tx/i_wrap/TMDS_1/i_GBox/sReg_reg[6]
  -------------------------------------------------------------------
                         required time                         -0.189    
                         arrival time                           0.308    
  -------------------------------------------------------------------
                         slack                                  0.119    

Slack (MET) :             0.126ns  (arrival time - required time)
  Source:                 u_hdmi_tx/i_wrap/TMDS_0/i_Enc/Cnt_reg[4]/C
                            (rising edge-triggered cell FDRE clocked by clk_25MHz_clk_wiz_0  {rise@0.000ns fall@20.000ns period=40.000ns})
  Destination:            u_hdmi_tx/i_wrap/TMDS_0/i_GBox/sReg_reg[3]/D
                            (rising edge-triggered cell FDRE clocked by clk_125MHz_clk_wiz_0  {rise@0.000ns fall@4.000ns period=8.000ns})
  Path Group:             clk_125MHz_clk_wiz_0
  Path Type:              Hold (Min at Fast Process Corner)
  Requirement:            0.000ns  (clk_125MHz_clk_wiz_0 rise@0.000ns - clk_25MHz_clk_wiz_0 rise@0.000ns)
  Data Path Delay:        0.520ns  (logic 0.103ns (19.809%)  route 0.417ns (80.191%))
  Logic Levels:           2  (LUT6=2)
  Clock Path Skew:        0.146ns (DCD - SCD - CPR)
    Destination Clock Delay (DCD):    -0.160ns
    Source Clock Delay      (SCD):    -0.208ns
    Clock Pessimism Removal (CPR):    -0.097ns
  Clock Uncertainty:      0.202ns  ((TSJ^2 + DJ^2)^1/2) / 2 + PE
    Total System Jitter     (TSJ):    0.071ns
    Discrete Jitter          (DJ):    0.148ns
    Phase Error              (PE):    0.120ns
  Clock Net Delay (Source):      1.039ns (routing 0.465ns, distribution 0.574ns)
  Clock Net Delay (Destination): 1.158ns (routing 0.637ns, distribution 0.521ns)

    Location             Delay type                Incr(ns)  Path(ns)    Netlist Resource(s)
  -------------------------------------------------------------------    -------------------
                         (clock clk_25MHz_clk_wiz_0 rise edge)
                                                      0.000     0.000 r  
    D7                                                0.000     0.000 r  i_clk_100mhz_p (IN)
                         net (fo=0)                   0.079     0.079    u_clk_wiz_0/inst/clkin1_ibufds/I
    HPIOBDIFFINBUF_X0Y60 DIFFINBUF (Prop_DIFFINBUF_HPIOBDIFFINBUF_DIFF_IN_P_O)
                                                      0.295     0.374 r  u_clk_wiz_0/inst/clkin1_ibufds/DIFFINBUF_INST/O
                         net (fo=1, routed)           0.040     0.414    u_clk_wiz_0/inst/clkin1_ibufds/OUT
    D7                   IBUFCTRL (Prop_IBUFCTRL_HPIOB_M_I_O)
                                                      0.000     0.414 r  u_clk_wiz_0/inst/clkin1_ibufds/IBUFCTRL_INST/O
                         net (fo=1, routed)           0.196     0.610    u_clk_wiz_0/inst/clk_in1_clk_wiz_0
    MMCM_X0Y2            MMCME4_ADV (Prop_MMCM_CLKIN1_CLKOUT0)
                                                     -2.020    -1.410 r  u_clk_wiz_0/inst/mmcme4_adv_inst/CLKOUT0
                         net (fo=1, routed)           0.146    -1.264    u_clk_wiz_0/inst/clk_25MHz_clk_wiz_0
    BUFGCE_X0Y49         BUFGCE (Prop_BUFCE_BUFGCE_I_O)
                                                      0.017    -1.247 r  u_clk_wiz_0/inst/clkout1_buf/O
    X1Y1 (CLOCK_ROOT)    net (fo=87, routed)          1.039    -0.208    u_hdmi_tx/i_wrap/pxClk
    SLICE_X34Y5          FDRE                                         r  u_hdmi_tx/i_wrap/TMDS_0/i_Enc/Cnt_reg[4]/C
  -------------------------------------------------------------------    -------------------
    SLICE_X34Y5          FDRE (Prop_DFF_SLICEM_C_Q)
                                                      0.039    -0.169 r  u_hdmi_tx/i_wrap/TMDS_0/i_Enc/Cnt_reg[4]/Q
                         net (fo=6, routed)           0.194     0.025    u_hdmi_tx/i_wrap/TMDS_0/i_Enc/Cnt_reg_n_0_[4]
    SLICE_X35Y4          LUT6 (Prop_H6LUT_SLICEL_I5_O)
                                                      0.050     0.075 r  u_hdmi_tx/i_wrap/Cnt[4]_i_6/O
                         net (fo=7, routed)           0.207     0.282    u_hdmi_tx/i_wrap/Cnt[4]_i_6_n_0
    SLICE_X35Y6          LUT6 (Prop_A6LUT_SLICEL_I4_O)
                                                      0.014     0.296 r  u_hdmi_tx/i_wrap/sReg[3]_i_1/O
                         net (fo=1, routed)           0.016     0.312    u_hdmi_tx/i_wrap/sReg[3]_i_1_n_0
    SLICE_X35Y6          FDRE                                         r  u_hdmi_tx/i_wrap/TMDS_0/i_GBox/sReg_reg[3]/D
  -------------------------------------------------------------------    -------------------

                         (clock clk_125MHz_clk_wiz_0 rise edge)
                                                      0.000     0.000 r  
    D7                                                0.000     0.000 r  i_clk_100mhz_p (IN)
                         net (fo=0)                   0.100     0.100    u_clk_wiz_0/inst/clkin1_ibufds/I
    HPIOBDIFFINBUF_X0Y60 DIFFINBUF (Prop_DIFFINBUF_HPIOBDIFFINBUF_DIFF_IN_P_O)
                                                      0.400     0.500 r  u_clk_wiz_0/inst/clkin1_ibufds/DIFFINBUF_INST/O
                         net (fo=1, routed)           0.050     0.550    u_clk_wiz_0/inst/clkin1_ibufds/OUT
    D7                   IBUFCTRL (Prop_IBUFCTRL_HPIOB_M_I_O)
                                                      0.000     0.550 r  u_clk_wiz_0/inst/clkin1_ibufds/IBUFCTRL_INST/O
                         net (fo=1, routed)           0.222     0.772    u_clk_wiz_0/inst/clk_in1_clk_wiz_0
    MMCM_X0Y2            MMCME4_ADV (Prop_MMCM_CLKIN1_CLKOUT1)
                                                     -2.279    -1.507 r  u_clk_wiz_0/inst/mmcme4_adv_inst/CLKOUT1
                         net (fo=1, routed)           0.170    -1.337    u_clk_wiz_0/inst/clk_125MHz_clk_wiz_0
    BUFGCE_X0Y54         BUFGCE (Prop_BUFCE_BUFGCE_I_O)
                                                      0.019    -1.318 r  u_clk_wiz_0/inst/clkout2_buf/O
    X1Y0 (CLOCK_ROOT)    net (fo=53, routed)          1.158    -0.160    u_hdmi_tx/i_wrap/pxClkX5
    SLICE_X35Y6          FDRE                                         r  u_hdmi_tx/i_wrap/TMDS_0/i_GBox/sReg_reg[3]/C
                         clock pessimism              0.097    -0.062    
                         clock uncertainty            0.202     0.140    
    SLICE_X35Y6          FDRE (Hold_AFF_SLICEL_C_D)
                                                      0.046     0.186    u_hdmi_tx/i_wrap/TMDS_0/i_GBox/sReg_reg[3]
  -------------------------------------------------------------------
                         required time                         -0.186    
                         arrival time                           0.312    
  -------------------------------------------------------------------
                         slack                                  0.126    

Slack (MET) :             0.138ns  (arrival time - required time)
  Source:                 u_hdmi_tx/i_wrap/TMDS_1/i_Enc/qD_reg[1]/C
                            (rising edge-triggered cell FDRE clocked by clk_25MHz_clk_wiz_0  {rise@0.000ns fall@20.000ns period=40.000ns})
  Destination:            u_hdmi_tx/i_wrap/TMDS_1/i_GBox/sReg_reg[4]/D
                            (rising edge-triggered cell FDRE clocked by clk_125MHz_clk_wiz_0  {rise@0.000ns fall@4.000ns period=8.000ns})
  Path Group:             clk_125MHz_clk_wiz_0
  Path Type:              Hold (Min at Fast Process Corner)
  Requirement:            0.000ns  (clk_125MHz_clk_wiz_0 rise@0.000ns - clk_25MHz_clk_wiz_0 rise@0.000ns)
  Data Path Delay:        0.524ns  (logic 0.075ns (14.307%)  route 0.449ns (85.693%))
  Logic Levels:           2  (LUT5=2)
  Clock Path Skew:        0.138ns (DCD - SCD - CPR)
    Destination Clock Delay (DCD):    -0.156ns
    Source Clock Delay      (SCD):    -0.197ns
    Clock Pessimism Removal (CPR):    -0.097ns
  Clock Uncertainty:      0.202ns  ((TSJ^2 + DJ^2)^1/2) / 2 + PE
    Total System Jitter     (TSJ):    0.071ns
    Discrete Jitter          (DJ):    0.148ns
    Phase Error              (PE):    0.120ns
  Clock Net Delay (Source):      1.050ns (routing 0.465ns, distribution 0.585ns)
  Clock Net Delay (Destination): 1.162ns (routing 0.637ns, distribution 0.525ns)

    Location             Delay type                Incr(ns)  Path(ns)    Netlist Resource(s)
  -------------------------------------------------------------------    -------------------
                         (clock clk_25MHz_clk_wiz_0 rise edge)
                                                      0.000     0.000 r  
    D7                                                0.000     0.000 r  i_clk_100mhz_p (IN)
                         net (fo=0)                   0.079     0.079    u_clk_wiz_0/inst/clkin1_ibufds/I
    HPIOBDIFFINBUF_X0Y60 DIFFINBUF (Prop_DIFFINBUF_HPIOBDIFFINBUF_DIFF_IN_P_O)
                                                      0.295     0.374 r  u_clk_wiz_0/inst/clkin1_ibufds/DIFFINBUF_INST/O
                         net (fo=1, routed)           0.040     0.414    u_clk_wiz_0/inst/clkin1_ibufds/OUT
    D7                   IBUFCTRL (Prop_IBUFCTRL_HPIOB_M_I_O)
                                                      0.000     0.414 r  u_clk_wiz_0/inst/clkin1_ibufds/IBUFCTRL_INST/O
                         net (fo=1, routed)           0.196     0.610    u_clk_wiz_0/inst/clk_in1_clk_wiz_0
    MMCM_X0Y2            MMCME4_ADV (Prop_MMCM_CLKIN1_CLKOUT0)
                                                     -2.020    -1.410 r  u_clk_wiz_0/inst/mmcme4_adv_inst/CLKOUT0
                         net (fo=1, routed)           0.146    -1.264    u_clk_wiz_0/inst/clk_25MHz_clk_wiz_0
    BUFGCE_X0Y49         BUFGCE (Prop_BUFCE_BUFGCE_I_O)
                                                      0.017    -1.247 r  u_clk_wiz_0/inst/clkout1_buf/O
    X1Y1 (CLOCK_ROOT)    net (fo=87, routed)          1.050    -0.197    u_hdmi_tx/i_wrap/pxClk
    SLICE_X37Y5          FDRE                                         r  u_hdmi_tx/i_wrap/TMDS_1/i_Enc/qD_reg[1]/C
  -------------------------------------------------------------------    -------------------
    SLICE_X37Y5          FDRE (Prop_BFF2_SLICEM_C_Q)
                                                      0.040    -0.157 r  u_hdmi_tx/i_wrap/TMDS_1/i_Enc/qD_reg[1]/Q
                         net (fo=10, routed)          0.165     0.008    u_hdmi_tx/i_wrap/TMDS_1/i_Enc/p_0_in
    SLICE_X36Y5          LUT5 (Prop_C5LUT_SLICEL_I2_O)
                                                      0.020     0.028 r  u_hdmi_tx/i_wrap/g0_b2_i_2__1/O
                         net (fo=7, routed)           0.269     0.297    u_hdmi_tx/i_wrap/g0_b2_i_2__1_n_0
    SLICE_X36Y4          LUT5 (Prop_B6LUT_SLICEL_I1_O)
                                                      0.015     0.312 r  u_hdmi_tx/i_wrap/sReg[4]_i_1__0/O
                         net (fo=1, routed)           0.015     0.327    u_hdmi_tx/i_wrap/sReg[4]_i_1__0_n_0
    SLICE_X36Y4          FDRE                                         r  u_hdmi_tx/i_wrap/TMDS_1/i_GBox/sReg_reg[4]/D
  -------------------------------------------------------------------    -------------------

                         (clock clk_125MHz_clk_wiz_0 rise edge)
                                                      0.000     0.000 r  
    D7                                                0.000     0.000 r  i_clk_100mhz_p (IN)
                         net (fo=0)                   0.100     0.100    u_clk_wiz_0/inst/clkin1_ibufds/I
    HPIOBDIFFINBUF_X0Y60 DIFFINBUF (Prop_DIFFINBUF_HPIOBDIFFINBUF_DIFF_IN_P_O)
                                                      0.400     0.500 r  u_clk_wiz_0/inst/clkin1_ibufds/DIFFINBUF_INST/O
                         net (fo=1, routed)           0.050     0.550    u_clk_wiz_0/inst/clkin1_ibufds/OUT
    D7                   IBUFCTRL (Prop_IBUFCTRL_HPIOB_M_I_O)
                                                      0.000     0.550 r  u_clk_wiz_0/inst/clkin1_ibufds/IBUFCTRL_INST/O
                         net (fo=1, routed)           0.222     0.772    u_clk_wiz_0/inst/clk_in1_clk_wiz_0
    MMCM_X0Y2            MMCME4_ADV (Prop_MMCM_CLKIN1_CLKOUT1)
                                                     -2.279    -1.507 r  u_clk_wiz_0/inst/mmcme4_adv_inst/CLKOUT1
                         net (fo=1, routed)           0.170    -1.337    u_clk_wiz_0/inst/clk_125MHz_clk_wiz_0
    BUFGCE_X0Y54         BUFGCE (Prop_BUFCE_BUFGCE_I_O)
                                                      0.019    -1.318 r  u_clk_wiz_0/inst/clkout2_buf/O
    X1Y0 (CLOCK_ROOT)    net (fo=53, routed)          1.162    -0.156    u_hdmi_tx/i_wrap/pxClkX5
    SLICE_X36Y4          FDRE                                         r  u_hdmi_tx/i_wrap/TMDS_1/i_GBox/sReg_reg[4]/C
                         clock pessimism              0.097    -0.059    
                         clock uncertainty            0.202     0.143    
    SLICE_X36Y4          FDRE (Hold_BFF_SLICEL_C_D)
                                                      0.046     0.189    u_hdmi_tx/i_wrap/TMDS_1/i_GBox/sReg_reg[4]
  -------------------------------------------------------------------
                         required time                         -0.189    
                         arrival time                           0.327    
  -------------------------------------------------------------------
                         slack                                  0.138    

Slack (MET) :             0.147ns  (arrival time - required time)
  Source:                 u_hdmi_tx/i_wrap/TMDS_2/i_Enc/qD_reg[6]/C
                            (rising edge-triggered cell FDRE clocked by clk_25MHz_clk_wiz_0  {rise@0.000ns fall@20.000ns period=40.000ns})
  Destination:            u_hdmi_tx/i_wrap/TMDS_2/i_GBox/sReg_reg[6]/D
                            (rising edge-triggered cell FDRE clocked by clk_125MHz_clk_wiz_0  {rise@0.000ns fall@4.000ns period=8.000ns})
  Path Group:             clk_125MHz_clk_wiz_0
  Path Type:              Hold (Min at Fast Process Corner)
  Requirement:            0.000ns  (clk_125MHz_clk_wiz_0 rise@0.000ns - clk_25MHz_clk_wiz_0 rise@0.000ns)
  Data Path Delay:        0.540ns  (logic 0.074ns (13.712%)  route 0.466ns (86.288%))
  Logic Levels:           1  (LUT6=1)
  Clock Path Skew:        0.145ns (DCD - SCD - CPR)
    Destination Clock Delay (DCD):    -0.135ns
    Source Clock Delay      (SCD):    -0.183ns
    Clock Pessimism Removal (CPR):    -0.097ns
  Clock Uncertainty:      0.202ns  ((TSJ^2 + DJ^2)^1/2) / 2 + PE
    Total System Jitter     (TSJ):    0.071ns
    Discrete Jitter          (DJ):    0.148ns
    Phase Error              (PE):    0.120ns
  Clock Net Delay (Source):      1.064ns (routing 0.465ns, distribution 0.599ns)
  Clock Net Delay (Destination): 1.183ns (routing 0.637ns, distribution 0.546ns)

    Location             Delay type                Incr(ns)  Path(ns)    Netlist Resource(s)
  -------------------------------------------------------------------    -------------------
                         (clock clk_25MHz_clk_wiz_0 rise edge)
                                                      0.000     0.000 r  
    D7                                                0.000     0.000 r  i_clk_100mhz_p (IN)
                         net (fo=0)                   0.079     0.079    u_clk_wiz_0/inst/clkin1_ibufds/I
    HPIOBDIFFINBUF_X0Y60 DIFFINBUF (Prop_DIFFINBUF_HPIOBDIFFINBUF_DIFF_IN_P_O)
                                                      0.295     0.374 r  u_clk_wiz_0/inst/clkin1_ibufds/DIFFINBUF_INST/O
                         net (fo=1, routed)           0.040     0.414    u_clk_wiz_0/inst/clkin1_ibufds/OUT
    D7                   IBUFCTRL (Prop_IBUFCTRL_HPIOB_M_I_O)
                                                      0.000     0.414 r  u_clk_wiz_0/inst/clkin1_ibufds/IBUFCTRL_INST/O
                         net (fo=1, routed)           0.196     0.610    u_clk_wiz_0/inst/clk_in1_clk_wiz_0
    MMCM_X0Y2            MMCME4_ADV (Prop_MMCM_CLKIN1_CLKOUT0)
                                                     -2.020    -1.410 r  u_clk_wiz_0/inst/mmcme4_adv_inst/CLKOUT0
                         net (fo=1, routed)           0.146    -1.264    u_clk_wiz_0/inst/clk_25MHz_clk_wiz_0
    BUFGCE_X0Y49         BUFGCE (Prop_BUFCE_BUFGCE_I_O)
                                                      0.017    -1.247 r  u_clk_wiz_0/inst/clkout1_buf/O
    X1Y1 (CLOCK_ROOT)    net (fo=87, routed)          1.064    -0.183    u_hdmi_tx/i_wrap/pxClk
    SLICE_X38Y2          FDRE                                         r  u_hdmi_tx/i_wrap/TMDS_2/i_Enc/qD_reg[6]/C
  -------------------------------------------------------------------    -------------------
    SLICE_X38Y2          FDRE (Prop_HFF_SLICEL_C_Q)
                                                      0.039    -0.144 r  u_hdmi_tx/i_wrap/TMDS_2/i_Enc/qD_reg[6]/Q
                         net (fo=11, routed)          0.450     0.306    u_hdmi_tx/i_wrap/TMDS_2/i_Enc/p_10_in
    SLICE_X38Y2          LUT6 (Prop_A6LUT_SLICEL_I1_O)
                                                      0.035     0.341 r  u_hdmi_tx/i_wrap/sReg[6]_i_1__1/O
                         net (fo=1, routed)           0.016     0.357    u_hdmi_tx/i_wrap/sReg[6]_i_1__1_n_0
    SLICE_X38Y2          FDRE                                         r  u_hdmi_tx/i_wrap/TMDS_2/i_GBox/sReg_reg[6]/D
  -------------------------------------------------------------------    -------------------

                         (clock clk_125MHz_clk_wiz_0 rise edge)
                                                      0.000     0.000 r  
    D7                                                0.000     0.000 r  i_clk_100mhz_p (IN)
                         net (fo=0)                   0.100     0.100    u_clk_wiz_0/inst/clkin1_ibufds/I
    HPIOBDIFFINBUF_X0Y60 DIFFINBUF (Prop_DIFFINBUF_HPIOBDIFFINBUF_DIFF_IN_P_O)
                                                      0.400     0.500 r  u_clk_wiz_0/inst/clkin1_ibufds/DIFFINBUF_INST/O
                         net (fo=1, routed)           0.050     0.550    u_clk_wiz_0/inst/clkin1_ibufds/OUT
    D7                   IBUFCTRL (Prop_IBUFCTRL_HPIOB_M_I_O)
                                                      0.000     0.550 r  u_clk_wiz_0/inst/clkin1_ibufds/IBUFCTRL_INST/O
                         net (fo=1, routed)           0.222     0.772    u_clk_wiz_0/inst/clk_in1_clk_wiz_0
    MMCM_X0Y2            MMCME4_ADV (Prop_MMCM_CLKIN1_CLKOUT1)
                                                     -2.279    -1.507 r  u_clk_wiz_0/inst/mmcme4_adv_inst/CLKOUT1
                         net (fo=1, routed)           0.170    -1.337    u_clk_wiz_0/inst/clk_125MHz_clk_wiz_0
    BUFGCE_X0Y54         BUFGCE (Prop_BUFCE_BUFGCE_I_O)
                                                      0.019    -1.318 r  u_clk_wiz_0/inst/clkout2_buf/O
    X1Y0 (CLOCK_ROOT)    net (fo=53, routed)          1.183    -0.135    u_hdmi_tx/i_wrap/pxClkX5
    SLICE_X38Y2          FDRE                                         r  u_hdmi_tx/i_wrap/TMDS_2/i_GBox/sReg_reg[6]/C
                         clock pessimism              0.097    -0.038    
                         clock uncertainty            0.202     0.164    
    SLICE_X38Y2          FDRE (Hold_AFF_SLICEL_C_D)
                                                      0.046     0.210    u_hdmi_tx/i_wrap/TMDS_2/i_GBox/sReg_reg[6]
  -------------------------------------------------------------------
                         required time                         -0.210    
                         arrival time                           0.357    
  -------------------------------------------------------------------
                         slack                                  0.147    

Slack (MET) :             0.154ns  (arrival time - required time)
  Source:                 u_hdmi_tx/i_wrap/TMDS_1/i_Enc/qD_reg[0]/C
                            (rising edge-triggered cell FDRE clocked by clk_25MHz_clk_wiz_0  {rise@0.000ns fall@20.000ns period=40.000ns})
  Destination:            u_hdmi_tx/i_wrap/TMDS_1/i_GBox/sReg_reg[0]/D
                            (rising edge-triggered cell FDRE clocked by clk_125MHz_clk_wiz_0  {rise@0.000ns fall@4.000ns period=8.000ns})
  Path Group:             clk_125MHz_clk_wiz_0
  Path Type:              Hold (Min at Fast Process Corner)
  Requirement:            0.000ns  (clk_125MHz_clk_wiz_0 rise@0.000ns - clk_25MHz_clk_wiz_0 rise@0.000ns)
  Data Path Delay:        0.540ns  (logic 0.088ns (16.287%)  route 0.452ns (83.713%))
  Logic Levels:           1  (LUT5=1)
  Clock Path Skew:        0.138ns (DCD - SCD - CPR)
    Destination Clock Delay (DCD):    -0.156ns
    Source Clock Delay      (SCD):    -0.197ns
    Clock Pessimism Removal (CPR):    -0.097ns
  Clock Uncertainty:      0.202ns  ((TSJ^2 + DJ^2)^1/2) / 2 + PE
    Total System Jitter     (TSJ):    0.071ns
    Discrete Jitter          (DJ):    0.148ns
    Phase Error              (PE):    0.120ns
  Clock Net Delay (Source):      1.050ns (routing 0.465ns, distribution 0.585ns)
  Clock Net Delay (Destination): 1.162ns (routing 0.637ns, distribution 0.525ns)

    Location             Delay type                Incr(ns)  Path(ns)    Netlist Resource(s)
  -------------------------------------------------------------------    -------------------
                         (clock clk_25MHz_clk_wiz_0 rise edge)
                                                      0.000     0.000 r  
    D7                                                0.000     0.000 r  i_clk_100mhz_p (IN)
                         net (fo=0)                   0.079     0.079    u_clk_wiz_0/inst/clkin1_ibufds/I
    HPIOBDIFFINBUF_X0Y60 DIFFINBUF (Prop_DIFFINBUF_HPIOBDIFFINBUF_DIFF_IN_P_O)
                                                      0.295     0.374 r  u_clk_wiz_0/inst/clkin1_ibufds/DIFFINBUF_INST/O
                         net (fo=1, routed)           0.040     0.414    u_clk_wiz_0/inst/clkin1_ibufds/OUT
    D7                   IBUFCTRL (Prop_IBUFCTRL_HPIOB_M_I_O)
                                                      0.000     0.414 r  u_clk_wiz_0/inst/clkin1_ibufds/IBUFCTRL_INST/O
                         net (fo=1, routed)           0.196     0.610    u_clk_wiz_0/inst/clk_in1_clk_wiz_0
    MMCM_X0Y2            MMCME4_ADV (Prop_MMCM_CLKIN1_CLKOUT0)
                                                     -2.020    -1.410 r  u_clk_wiz_0/inst/mmcme4_adv_inst/CLKOUT0
                         net (fo=1, routed)           0.146    -1.264    u_clk_wiz_0/inst/clk_25MHz_clk_wiz_0
    BUFGCE_X0Y49         BUFGCE (Prop_BUFCE_BUFGCE_I_O)
                                                      0.017    -1.247 r  u_clk_wiz_0/inst/clkout1_buf/O
    X1Y1 (CLOCK_ROOT)    net (fo=87, routed)          1.050    -0.197    u_hdmi_tx/i_wrap/pxClk
    SLICE_X37Y5          FDRE                                         r  u_hdmi_tx/i_wrap/TMDS_1/i_Enc/qD_reg[0]/C
  -------------------------------------------------------------------    -------------------
    SLICE_X37Y5          FDRE (Prop_BFF_SLICEM_C_Q)
                                                      0.038    -0.159 r  u_hdmi_tx/i_wrap/TMDS_1/i_Enc/qD_reg[0]/Q
                         net (fo=12, routed)          0.436     0.277    u_hdmi_tx/i_wrap/TMDS_1/i_Enc/qD_reg_n_0_[0]
    SLICE_X36Y4          LUT5 (Prop_D6LUT_SLICEL_I1_O)
                                                      0.050     0.327 r  u_hdmi_tx/i_wrap/sReg[0]_i_1__0/O
                         net (fo=1, routed)           0.016     0.343    u_hdmi_tx/i_wrap/sReg[0]_i_1__0_n_0
    SLICE_X36Y4          FDRE                                         r  u_hdmi_tx/i_wrap/TMDS_1/i_GBox/sReg_reg[0]/D
  -------------------------------------------------------------------    -------------------

                         (clock clk_125MHz_clk_wiz_0 rise edge)
                                                      0.000     0.000 r  
    D7                                                0.000     0.000 r  i_clk_100mhz_p (IN)
                         net (fo=0)                   0.100     0.100    u_clk_wiz_0/inst/clkin1_ibufds/I
    HPIOBDIFFINBUF_X0Y60 DIFFINBUF (Prop_DIFFINBUF_HPIOBDIFFINBUF_DIFF_IN_P_O)
                                                      0.400     0.500 r  u_clk_wiz_0/inst/clkin1_ibufds/DIFFINBUF_INST/O
                         net (fo=1, routed)           0.050     0.550    u_clk_wiz_0/inst/clkin1_ibufds/OUT
    D7                   IBUFCTRL (Prop_IBUFCTRL_HPIOB_M_I_O)
                                                      0.000     0.550 r  u_clk_wiz_0/inst/clkin1_ibufds/IBUFCTRL_INST/O
                         net (fo=1, routed)           0.222     0.772    u_clk_wiz_0/inst/clk_in1_clk_wiz_0
    MMCM_X0Y2            MMCME4_ADV (Prop_MMCM_CLKIN1_CLKOUT1)
                                                     -2.279    -1.507 r  u_clk_wiz_0/inst/mmcme4_adv_inst/CLKOUT1
                         net (fo=1, routed)           0.170    -1.337    u_clk_wiz_0/inst/clk_125MHz_clk_wiz_0
    BUFGCE_X0Y54         BUFGCE (Prop_BUFCE_BUFGCE_I_O)
                                                      0.019    -1.318 r  u_clk_wiz_0/inst/clkout2_buf/O
    X1Y0 (CLOCK_ROOT)    net (fo=53, routed)          1.162    -0.156    u_hdmi_tx/i_wrap/pxClkX5
    SLICE_X36Y4          FDRE                                         r  u_hdmi_tx/i_wrap/TMDS_1/i_GBox/sReg_reg[0]/C
                         clock pessimism              0.097    -0.059    
                         clock uncertainty            0.202     0.143    
    SLICE_X36Y4          FDRE (Hold_DFF_SLICEL_C_D)
                                                      0.046     0.189    u_hdmi_tx/i_wrap/TMDS_1/i_GBox/sReg_reg[0]
  -------------------------------------------------------------------
                         required time                         -0.189    
                         arrival time                           0.343    
  -------------------------------------------------------------------
                         slack                                  0.154    

Slack (MET) :             0.154ns  (arrival time - required time)
  Source:                 u_hdmi_tx/i_wrap/TMDS_0/i_Enc/Cnt_reg[4]/C
                            (rising edge-triggered cell FDRE clocked by clk_25MHz_clk_wiz_0  {rise@0.000ns fall@20.000ns period=40.000ns})
  Destination:            u_hdmi_tx/i_wrap/TMDS_0/i_GBox/sReg_reg[1]/D
                            (rising edge-triggered cell FDRE clocked by clk_125MHz_clk_wiz_0  {rise@0.000ns fall@4.000ns period=8.000ns})
  Path Group:             clk_125MHz_clk_wiz_0
  Path Type:              Hold (Min at Fast Process Corner)
  Requirement:            0.000ns  (clk_125MHz_clk_wiz_0 rise@0.000ns - clk_25MHz_clk_wiz_0 rise@0.000ns)
  Data Path Delay:        0.548ns  (logic 0.130ns (23.724%)  route 0.418ns (76.276%))
  Logic Levels:           2  (LUT6=2)
  Clock Path Skew:        0.146ns (DCD - SCD - CPR)
    Destination Clock Delay (DCD):    -0.160ns
    Source Clock Delay      (SCD):    -0.208ns
    Clock Pessimism Removal (CPR):    -0.097ns
  Clock Uncertainty:      0.202ns  ((TSJ^2 + DJ^2)^1/2) / 2 + PE
    Total System Jitter     (TSJ):    0.071ns
    Discrete Jitter          (DJ):    0.148ns
    Phase Error              (PE):    0.120ns
  Clock Net Delay (Source):      1.039ns (routing 0.465ns, distribution 0.574ns)
  Clock Net Delay (Destination): 1.158ns (routing 0.637ns, distribution 0.521ns)

    Location             Delay type                Incr(ns)  Path(ns)    Netlist Resource(s)
  -------------------------------------------------------------------    -------------------
                         (clock clk_25MHz_clk_wiz_0 rise edge)
                                                      0.000     0.000 r  
    D7                                                0.000     0.000 r  i_clk_100mhz_p (IN)
                         net (fo=0)                   0.079     0.079    u_clk_wiz_0/inst/clkin1_ibufds/I
    HPIOBDIFFINBUF_X0Y60 DIFFINBUF (Prop_DIFFINBUF_HPIOBDIFFINBUF_DIFF_IN_P_O)
                                                      0.295     0.374 r  u_clk_wiz_0/inst/clkin1_ibufds/DIFFINBUF_INST/O
                         net (fo=1, routed)           0.040     0.414    u_clk_wiz_0/inst/clkin1_ibufds/OUT
    D7                   IBUFCTRL (Prop_IBUFCTRL_HPIOB_M_I_O)
                                                      0.000     0.414 r  u_clk_wiz_0/inst/clkin1_ibufds/IBUFCTRL_INST/O
                         net (fo=1, routed)           0.196     0.610    u_clk_wiz_0/inst/clk_in1_clk_wiz_0
    MMCM_X0Y2            MMCME4_ADV (Prop_MMCM_CLKIN1_CLKOUT0)
                                                     -2.020    -1.410 r  u_clk_wiz_0/inst/mmcme4_adv_inst/CLKOUT0
                         net (fo=1, routed)           0.146    -1.264    u_clk_wiz_0/inst/clk_25MHz_clk_wiz_0
    BUFGCE_X0Y49         BUFGCE (Prop_BUFCE_BUFGCE_I_O)
                                                      0.017    -1.247 r  u_clk_wiz_0/inst/clkout1_buf/O
    X1Y1 (CLOCK_ROOT)    net (fo=87, routed)          1.039    -0.208    u_hdmi_tx/i_wrap/pxClk
    SLICE_X34Y5          FDRE                                         r  u_hdmi_tx/i_wrap/TMDS_0/i_Enc/Cnt_reg[4]/C
  -------------------------------------------------------------------    -------------------
    SLICE_X34Y5          FDRE (Prop_DFF_SLICEM_C_Q)
                                                      0.039    -0.169 r  u_hdmi_tx/i_wrap/TMDS_0/i_Enc/Cnt_reg[4]/Q
                         net (fo=6, routed)           0.194     0.025    u_hdmi_tx/i_wrap/TMDS_0/i_Enc/Cnt_reg_n_0_[4]
    SLICE_X35Y4          LUT6 (Prop_H6LUT_SLICEL_I5_O)
                                                      0.050     0.075 r  u_hdmi_tx/i_wrap/Cnt[4]_i_6/O
                         net (fo=7, routed)           0.208     0.283    u_hdmi_tx/i_wrap/Cnt[4]_i_6_n_0
    SLICE_X35Y6          LUT6 (Prop_D6LUT_SLICEL_I3_O)
                                                      0.041     0.324 r  u_hdmi_tx/i_wrap/sReg[1]_i_1/O
                         net (fo=1, routed)           0.016     0.340    u_hdmi_tx/i_wrap/sReg[1]_i_1_n_0
    SLICE_X35Y6          FDRE                                         r  u_hdmi_tx/i_wrap/TMDS_0/i_GBox/sReg_reg[1]/D
  -------------------------------------------------------------------    -------------------

                         (clock clk_125MHz_clk_wiz_0 rise edge)
                                                      0.000     0.000 r  
    D7                                                0.000     0.000 r  i_clk_100mhz_p (IN)
                         net (fo=0)                   0.100     0.100    u_clk_wiz_0/inst/clkin1_ibufds/I
    HPIOBDIFFINBUF_X0Y60 DIFFINBUF (Prop_DIFFINBUF_HPIOBDIFFINBUF_DIFF_IN_P_O)
                                                      0.400     0.500 r  u_clk_wiz_0/inst/clkin1_ibufds/DIFFINBUF_INST/O
                         net (fo=1, routed)           0.050     0.550    u_clk_wiz_0/inst/clkin1_ibufds/OUT
    D7                   IBUFCTRL (Prop_IBUFCTRL_HPIOB_M_I_O)
                                                      0.000     0.550 r  u_clk_wiz_0/inst/clkin1_ibufds/IBUFCTRL_INST/O
                         net (fo=1, routed)           0.222     0.772    u_clk_wiz_0/inst/clk_in1_clk_wiz_0
    MMCM_X0Y2            MMCME4_ADV (Prop_MMCM_CLKIN1_CLKOUT1)
                                                     -2.279    -1.507 r  u_clk_wiz_0/inst/mmcme4_adv_inst/CLKOUT1
                         net (fo=1, routed)           0.170    -1.337    u_clk_wiz_0/inst/clk_125MHz_clk_wiz_0
    BUFGCE_X0Y54         BUFGCE (Prop_BUFCE_BUFGCE_I_O)
                                                      0.019    -1.318 r  u_clk_wiz_0/inst/clkout2_buf/O
    X1Y0 (CLOCK_ROOT)    net (fo=53, routed)          1.158    -0.160    u_hdmi_tx/i_wrap/pxClkX5
    SLICE_X35Y6          FDRE                                         r  u_hdmi_tx/i_wrap/TMDS_0/i_GBox/sReg_reg[1]/C
                         clock pessimism              0.097    -0.062    
                         clock uncertainty            0.202     0.140    
    SLICE_X35Y6          FDRE (Hold_DFF_SLICEL_C_D)
                                                      0.046     0.186    u_hdmi_tx/i_wrap/TMDS_0/i_GBox/sReg_reg[1]
  -------------------------------------------------------------------
                         required time                         -0.186    
                         arrival time                           0.340    
  -------------------------------------------------------------------
                         slack                                  0.154    





--------------------------------------------------------------------------------------
Path Group:  (none)
From Clock:  clk_125MHz_clk_wiz_0
  To Clock:  

Max Delay             8 Endpoints
Min Delay             8 Endpoints
--------------------------------------------------------------------------------------


Max Delay Paths
--------------------------------------------------------------------------------------
Slack:                    inf
  Source:                 u_hdmi_tx/i_wrap/TMDS_1/i_ODDRE_P/CLK
                            (falling edge-triggered cell OSERDESE3 clocked by clk_125MHz_clk_wiz_0  {rise@0.000ns fall@4.000ns period=8.000ns})
  Destination:            o_hdmi_d1_p
                            (output port)
  Path Group:             (none)
  Path Type:              Max at Slow Process Corner
  Data Path Delay:        3.618ns  (logic 3.615ns (99.917%)  route 0.003ns (0.083%))
  Logic Levels:           1  (OBUF=1)
  Clock Uncertainty:      0.144ns  ((TSJ^2 + DJ^2)^1/2) / 2 + PE
    Total System Jitter     (TSJ):    0.050ns
    Discrete Jitter          (DJ):    0.108ns
    Phase Error              (PE):    0.085ns
  Clock Net Delay (Source):      1.889ns (routing 1.034ns, distribution 0.855ns)

    Location             Delay type                Incr(ns)  Path(ns)    Netlist Resource(s)
  -------------------------------------------------------------------    -------------------
                         (clock clk_125MHz_clk_wiz_0 fall edge)
                                                      4.000     4.000 f  
    D7                                                0.000     4.000 f  i_clk_100mhz_p (IN)
                         net (fo=0)                   0.100     4.100    u_clk_wiz_0/inst/clkin1_ibufds/I
    HPIOBDIFFINBUF_X0Y60 DIFFINBUF (Prop_DIFFINBUF_HPIOBDIFFINBUF_DIFF_IN_P_O)
                                                      0.629     4.729 f  u_clk_wiz_0/inst/clkin1_ibufds/DIFFINBUF_INST/O
                         net (fo=1, routed)           0.050     4.779    u_clk_wiz_0/inst/clkin1_ibufds/OUT
    D7                   IBUFCTRL (Prop_IBUFCTRL_HPIOB_M_I_O)
                                                      0.000     4.779 f  u_clk_wiz_0/inst/clkin1_ibufds/IBUFCTRL_INST/O
                         net (fo=1, routed)           0.384     5.163    u_clk_wiz_0/inst/clk_in1_clk_wiz_0
    MMCM_X0Y2            MMCME4_ADV (Prop_MMCM_CLKIN1_CLKOUT1)
                                                     -3.524     1.639 f  u_clk_wiz_0/inst/mmcme4_adv_inst/CLKOUT1
                         net (fo=1, routed)           0.250     1.889    u_clk_wiz_0/inst/clk_125MHz_clk_wiz_0
    BUFGCE_X0Y54         BUFGCE (Prop_BUFCE_BUFGCE_I_O)
                                                      0.028     1.917 f  u_clk_wiz_0/inst/clkout2_buf/O
    X1Y0 (CLOCK_ROOT)    net (fo=53, routed)          1.889     3.806    u_hdmi_tx/i_wrap/pxClkX5
    HDIOLOGIC_S_X1Y2     OSERDESE3                                    f  u_hdmi_tx/i_wrap/TMDS_1/i_ODDRE_P/CLK
  -------------------------------------------------------------------    -------------------
    HDIOLOGIC_S_X1Y2     OSERDESE3 (Prop_OPTFF_HDIOLOGIC_S_CLK_OQ)
                                                      0.819     4.625 r  u_hdmi_tx/i_wrap/TMDS_1/i_ODDRE_P/OQ
                         net (fo=1, routed)           0.003     4.628    o_hdmi_d1_p_OBUF
    AH11                 OBUF (Prop_OUTBUF_HDIOB_S_I_O)
                                                      2.796     7.424 r  o_hdmi_d1_p_OBUF_inst/O
                         net (fo=0)                   0.000     7.424    o_hdmi_d1_p
    AH11                                                              r  o_hdmi_d1_p (OUT)
  -------------------------------------------------------------------    -------------------

Slack:                    inf
  Source:                 u_hdmi_tx/i_wrap/TMDS_1/i_ODDRE_N/CLK
                            (falling edge-triggered cell OSERDESE3 clocked by clk_125MHz_clk_wiz_0  {rise@0.000ns fall@4.000ns period=8.000ns})
  Destination:            o_hdmi_d1_n
                            (output port)
  Path Group:             (none)
  Path Type:              Max at Slow Process Corner
  Data Path Delay:        3.617ns  (logic 3.614ns (99.917%)  route 0.003ns (0.083%))
  Logic Levels:           1  (OBUF=1)
  Clock Uncertainty:      0.144ns  ((TSJ^2 + DJ^2)^1/2) / 2 + PE
    Total System Jitter     (TSJ):    0.050ns
    Discrete Jitter          (DJ):    0.108ns
    Phase Error              (PE):    0.085ns
  Clock Net Delay (Source):      1.890ns (routing 1.034ns, distribution 0.856ns)

    Location             Delay type                Incr(ns)  Path(ns)    Netlist Resource(s)
  -------------------------------------------------------------------    -------------------
                         (clock clk_125MHz_clk_wiz_0 fall edge)
                                                      4.000     4.000 f  
    D7                                                0.000     4.000 f  i_clk_100mhz_p (IN)
                         net (fo=0)                   0.100     4.100    u_clk_wiz_0/inst/clkin1_ibufds/I
    HPIOBDIFFINBUF_X0Y60 DIFFINBUF (Prop_DIFFINBUF_HPIOBDIFFINBUF_DIFF_IN_P_O)
                                                      0.629     4.729 f  u_clk_wiz_0/inst/clkin1_ibufds/DIFFINBUF_INST/O
                         net (fo=1, routed)           0.050     4.779    u_clk_wiz_0/inst/clkin1_ibufds/OUT
    D7                   IBUFCTRL (Prop_IBUFCTRL_HPIOB_M_I_O)
                                                      0.000     4.779 f  u_clk_wiz_0/inst/clkin1_ibufds/IBUFCTRL_INST/O
                         net (fo=1, routed)           0.384     5.163    u_clk_wiz_0/inst/clk_in1_clk_wiz_0
    MMCM_X0Y2            MMCME4_ADV (Prop_MMCM_CLKIN1_CLKOUT1)
                                                     -3.524     1.639 f  u_clk_wiz_0/inst/mmcme4_adv_inst/CLKOUT1
                         net (fo=1, routed)           0.250     1.889    u_clk_wiz_0/inst/clk_125MHz_clk_wiz_0
    BUFGCE_X0Y54         BUFGCE (Prop_BUFCE_BUFGCE_I_O)
                                                      0.028     1.917 f  u_clk_wiz_0/inst/clkout2_buf/O
    X1Y0 (CLOCK_ROOT)    net (fo=53, routed)          1.890     3.807    u_hdmi_tx/i_wrap/pxClkX5
    HDIOLOGIC_M_X1Y2     OSERDESE3                                    f  u_hdmi_tx/i_wrap/TMDS_1/i_ODDRE_N/CLK
  -------------------------------------------------------------------    -------------------
    HDIOLOGIC_M_X1Y2     OSERDESE3 (Prop_OPTFF_HDIOLOGIC_M_CLK_OQ)
                                                      0.818     4.625 r  u_hdmi_tx/i_wrap/TMDS_1/i_ODDRE_N/OQ
                         net (fo=1, routed)           0.003     4.628    o_hdmi_d1_n_OBUF
    AH12                 OBUF (Prop_OUTBUF_HDIOB_M_I_O)
                                                      2.796     7.424 r  o_hdmi_d1_n_OBUF_inst/O
                         net (fo=0)                   0.000     7.424    o_hdmi_d1_n
    AH12                                                              r  o_hdmi_d1_n (OUT)
  -------------------------------------------------------------------    -------------------

Slack:                    inf
  Source:                 u_hdmi_tx/i_wrap/TMDS_2/i_ODDRE_N/CLK
                            (falling edge-triggered cell OSERDESE3 clocked by clk_125MHz_clk_wiz_0  {rise@0.000ns fall@4.000ns period=8.000ns})
  Destination:            o_hdmi_d2_n
                            (output port)
  Path Group:             (none)
  Path Type:              Max at Slow Process Corner
  Data Path Delay:        3.607ns  (logic 3.604ns (99.917%)  route 0.003ns (0.083%))
  Logic Levels:           1  (OBUF=1)
  Clock Uncertainty:      0.144ns  ((TSJ^2 + DJ^2)^1/2) / 2 + PE
    Total System Jitter     (TSJ):    0.050ns
    Discrete Jitter          (DJ):    0.108ns
    Phase Error              (PE):    0.085ns
  Clock Net Delay (Source):      1.892ns (routing 1.034ns, distribution 0.858ns)

    Location             Delay type                Incr(ns)  Path(ns)    Netlist Resource(s)
  -------------------------------------------------------------------    -------------------
                         (clock clk_125MHz_clk_wiz_0 fall edge)
                                                      4.000     4.000 f  
    D7                                                0.000     4.000 f  i_clk_100mhz_p (IN)
                         net (fo=0)                   0.100     4.100    u_clk_wiz_0/inst/clkin1_ibufds/I
    HPIOBDIFFINBUF_X0Y60 DIFFINBUF (Prop_DIFFINBUF_HPIOBDIFFINBUF_DIFF_IN_P_O)
                                                      0.629     4.729 f  u_clk_wiz_0/inst/clkin1_ibufds/DIFFINBUF_INST/O
                         net (fo=1, routed)           0.050     4.779    u_clk_wiz_0/inst/clkin1_ibufds/OUT
    D7                   IBUFCTRL (Prop_IBUFCTRL_HPIOB_M_I_O)
                                                      0.000     4.779 f  u_clk_wiz_0/inst/clkin1_ibufds/IBUFCTRL_INST/O
                         net (fo=1, routed)           0.384     5.163    u_clk_wiz_0/inst/clk_in1_clk_wiz_0
    MMCM_X0Y2            MMCME4_ADV (Prop_MMCM_CLKIN1_CLKOUT1)
                                                     -3.524     1.639 f  u_clk_wiz_0/inst/mmcme4_adv_inst/CLKOUT1
                         net (fo=1, routed)           0.250     1.889    u_clk_wiz_0/inst/clk_125MHz_clk_wiz_0
    BUFGCE_X0Y54         BUFGCE (Prop_BUFCE_BUFGCE_I_O)
                                                      0.028     1.917 f  u_clk_wiz_0/inst/clkout2_buf/O
    X1Y0 (CLOCK_ROOT)    net (fo=53, routed)          1.892     3.809    u_hdmi_tx/i_wrap/pxClkX5
    HDIOLOGIC_S_X1Y1     OSERDESE3                                    f  u_hdmi_tx/i_wrap/TMDS_2/i_ODDRE_N/CLK
  -------------------------------------------------------------------    -------------------
    HDIOLOGIC_S_X1Y1     OSERDESE3 (Prop_OPTFF_HDIOLOGIC_S_CLK_OQ)
                                                      0.819     4.628 r  u_hdmi_tx/i_wrap/TMDS_2/i_ODDRE_N/OQ
                         net (fo=1, routed)           0.003     4.631    o_hdmi_d2_n_OBUF
    AG11                 OBUF (Prop_OUTBUF_HDIOB_S_I_O)
                                                      2.785     7.417 r  o_hdmi_d2_n_OBUF_inst/O
                         net (fo=0)                   0.000     7.417    o_hdmi_d2_n
    AG11                                                              r  o_hdmi_d2_n (OUT)
  -------------------------------------------------------------------    -------------------

Slack:                    inf
  Source:                 u_hdmi_tx/i_wrap/TMDS_2/i_ODDRE_P/CLK
                            (falling edge-triggered cell OSERDESE3 clocked by clk_125MHz_clk_wiz_0  {rise@0.000ns fall@4.000ns period=8.000ns})
  Destination:            o_hdmi_d2_p
                            (output port)
  Path Group:             (none)
  Path Type:              Max at Slow Process Corner
  Data Path Delay:        3.607ns  (logic 3.604ns (99.917%)  route 0.003ns (0.083%))
  Logic Levels:           1  (OBUF=1)
  Clock Uncertainty:      0.144ns  ((TSJ^2 + DJ^2)^1/2) / 2 + PE
    Total System Jitter     (TSJ):    0.050ns
    Discrete Jitter          (DJ):    0.108ns
    Phase Error              (PE):    0.085ns
  Clock Net Delay (Source):      1.892ns (routing 1.034ns, distribution 0.858ns)

    Location             Delay type                Incr(ns)  Path(ns)    Netlist Resource(s)
  -------------------------------------------------------------------    -------------------
                         (clock clk_125MHz_clk_wiz_0 fall edge)
                                                      4.000     4.000 f  
    D7                                                0.000     4.000 f  i_clk_100mhz_p (IN)
                         net (fo=0)                   0.100     4.100    u_clk_wiz_0/inst/clkin1_ibufds/I
    HPIOBDIFFINBUF_X0Y60 DIFFINBUF (Prop_DIFFINBUF_HPIOBDIFFINBUF_DIFF_IN_P_O)
                                                      0.629     4.729 f  u_clk_wiz_0/inst/clkin1_ibufds/DIFFINBUF_INST/O
                         net (fo=1, routed)           0.050     4.779    u_clk_wiz_0/inst/clkin1_ibufds/OUT
    D7                   IBUFCTRL (Prop_IBUFCTRL_HPIOB_M_I_O)
                                                      0.000     4.779 f  u_clk_wiz_0/inst/clkin1_ibufds/IBUFCTRL_INST/O
                         net (fo=1, routed)           0.384     5.163    u_clk_wiz_0/inst/clk_in1_clk_wiz_0
    MMCM_X0Y2            MMCME4_ADV (Prop_MMCM_CLKIN1_CLKOUT1)
                                                     -3.524     1.639 f  u_clk_wiz_0/inst/mmcme4_adv_inst/CLKOUT1
                         net (fo=1, routed)           0.250     1.889    u_clk_wiz_0/inst/clk_125MHz_clk_wiz_0
    BUFGCE_X0Y54         BUFGCE (Prop_BUFCE_BUFGCE_I_O)
                                                      0.028     1.917 f  u_clk_wiz_0/inst/clkout2_buf/O
    X1Y0 (CLOCK_ROOT)    net (fo=53, routed)          1.892     3.809    u_hdmi_tx/i_wrap/pxClkX5
    HDIOLOGIC_M_X1Y1     OSERDESE3                                    f  u_hdmi_tx/i_wrap/TMDS_2/i_ODDRE_P/CLK
  -------------------------------------------------------------------    -------------------
    HDIOLOGIC_M_X1Y1     OSERDESE3 (Prop_OPTFF_HDIOLOGIC_M_CLK_OQ)
                                                      0.818     4.627 r  u_hdmi_tx/i_wrap/TMDS_2/i_ODDRE_P/OQ
                         net (fo=1, routed)           0.003     4.630    o_hdmi_d2_p_OBUF
    AF11                 OBUF (Prop_OUTBUF_HDIOB_M_I_O)
                                                      2.786     7.416 r  o_hdmi_d2_p_OBUF_inst/O
                         net (fo=0)                   0.000     7.416    o_hdmi_d2_p
    AF11                                                              r  o_hdmi_d2_p (OUT)
  -------------------------------------------------------------------    -------------------

Slack:                    inf
  Source:                 u_hdmi_tx/i_wrap/TMDS_0/i_ODDRE_N/CLK
                            (falling edge-triggered cell OSERDESE3 clocked by clk_125MHz_clk_wiz_0  {rise@0.000ns fall@4.000ns period=8.000ns})
  Destination:            o_hdmi_d0_n
                            (output port)
  Path Group:             (none)
  Path Type:              Max at Slow Process Corner
  Data Path Delay:        3.609ns  (logic 3.606ns (99.917%)  route 0.003ns (0.083%))
  Logic Levels:           1  (OBUF=1)
  Clock Uncertainty:      0.144ns  ((TSJ^2 + DJ^2)^1/2) / 2 + PE
    Total System Jitter     (TSJ):    0.050ns
    Discrete Jitter          (DJ):    0.108ns
    Phase Error              (PE):    0.085ns
  Clock Net Delay (Source):      1.887ns (routing 1.034ns, distribution 0.853ns)

    Location             Delay type                Incr(ns)  Path(ns)    Netlist Resource(s)
  -------------------------------------------------------------------    -------------------
                         (clock clk_125MHz_clk_wiz_0 fall edge)
                                                      4.000     4.000 f  
    D7                                                0.000     4.000 f  i_clk_100mhz_p (IN)
                         net (fo=0)                   0.100     4.100    u_clk_wiz_0/inst/clkin1_ibufds/I
    HPIOBDIFFINBUF_X0Y60 DIFFINBUF (Prop_DIFFINBUF_HPIOBDIFFINBUF_DIFF_IN_P_O)
                                                      0.629     4.729 f  u_clk_wiz_0/inst/clkin1_ibufds/DIFFINBUF_INST/O
                         net (fo=1, routed)           0.050     4.779    u_clk_wiz_0/inst/clkin1_ibufds/OUT
    D7                   IBUFCTRL (Prop_IBUFCTRL_HPIOB_M_I_O)
                                                      0.000     4.779 f  u_clk_wiz_0/inst/clkin1_ibufds/IBUFCTRL_INST/O
                         net (fo=1, routed)           0.384     5.163    u_clk_wiz_0/inst/clk_in1_clk_wiz_0
    MMCM_X0Y2            MMCME4_ADV (Prop_MMCM_CLKIN1_CLKOUT1)
                                                     -3.524     1.639 f  u_clk_wiz_0/inst/mmcme4_adv_inst/CLKOUT1
                         net (fo=1, routed)           0.250     1.889    u_clk_wiz_0/inst/clk_125MHz_clk_wiz_0
    BUFGCE_X0Y54         BUFGCE (Prop_BUFCE_BUFGCE_I_O)
                                                      0.028     1.917 f  u_clk_wiz_0/inst/clkout2_buf/O
    X1Y0 (CLOCK_ROOT)    net (fo=53, routed)          1.887     3.804    u_hdmi_tx/i_wrap/pxClkX5
    HDIOLOGIC_M_X1Y3     OSERDESE3                                    f  u_hdmi_tx/i_wrap/TMDS_0/i_ODDRE_N/CLK
  -------------------------------------------------------------------    -------------------
    HDIOLOGIC_M_X1Y3     OSERDESE3 (Prop_OPTFF_HDIOLOGIC_M_CLK_OQ)
                                                      0.818     4.622 r  u_hdmi_tx/i_wrap/TMDS_0/i_ODDRE_N/OQ
                         net (fo=1, routed)           0.003     4.625    o_hdmi_d0_n_OBUF
    AE10                 OBUF (Prop_OUTBUF_HDIOB_M_I_O)
                                                      2.788     7.414 r  o_hdmi_d0_n_OBUF_inst/O
                         net (fo=0)                   0.000     7.414    o_hdmi_d0_n
    AE10                                                              r  o_hdmi_d0_n (OUT)
  -------------------------------------------------------------------    -------------------

Slack:                    inf
  Source:                 u_hdmi_tx/i_wrap/TMDS_0/i_ODDRE_P/CLK
                            (falling edge-triggered cell OSERDESE3 clocked by clk_125MHz_clk_wiz_0  {rise@0.000ns fall@4.000ns period=8.000ns})
  Destination:            o_hdmi_d0_p
                            (output port)
  Path Group:             (none)
  Path Type:              Max at Slow Process Corner
  Data Path Delay:        3.610ns  (logic 3.607ns (99.917%)  route 0.003ns (0.083%))
  Logic Levels:           1  (OBUF=1)
  Clock Uncertainty:      0.144ns  ((TSJ^2 + DJ^2)^1/2) / 2 + PE
    Total System Jitter     (TSJ):    0.050ns
    Discrete Jitter          (DJ):    0.108ns
    Phase Error              (PE):    0.085ns
  Clock Net Delay (Source):      1.885ns (routing 1.034ns, distribution 0.851ns)

    Location             Delay type                Incr(ns)  Path(ns)    Netlist Resource(s)
  -------------------------------------------------------------------    -------------------
                         (clock clk_125MHz_clk_wiz_0 fall edge)
                                                      4.000     4.000 f  
    D7                                                0.000     4.000 f  i_clk_100mhz_p (IN)
                         net (fo=0)                   0.100     4.100    u_clk_wiz_0/inst/clkin1_ibufds/I
    HPIOBDIFFINBUF_X0Y60 DIFFINBUF (Prop_DIFFINBUF_HPIOBDIFFINBUF_DIFF_IN_P_O)
                                                      0.629     4.729 f  u_clk_wiz_0/inst/clkin1_ibufds/DIFFINBUF_INST/O
                         net (fo=1, routed)           0.050     4.779    u_clk_wiz_0/inst/clkin1_ibufds/OUT
    D7                   IBUFCTRL (Prop_IBUFCTRL_HPIOB_M_I_O)
                                                      0.000     4.779 f  u_clk_wiz_0/inst/clkin1_ibufds/IBUFCTRL_INST/O
                         net (fo=1, routed)           0.384     5.163    u_clk_wiz_0/inst/clk_in1_clk_wiz_0
    MMCM_X0Y2            MMCME4_ADV (Prop_MMCM_CLKIN1_CLKOUT1)
                                                     -3.524     1.639 f  u_clk_wiz_0/inst/mmcme4_adv_inst/CLKOUT1
                         net (fo=1, routed)           0.250     1.889    u_clk_wiz_0/inst/clk_125MHz_clk_wiz_0
    BUFGCE_X0Y54         BUFGCE (Prop_BUFCE_BUFGCE_I_O)
                                                      0.028     1.917 f  u_clk_wiz_0/inst/clkout2_buf/O
    X1Y0 (CLOCK_ROOT)    net (fo=53, routed)          1.885     3.802    u_hdmi_tx/i_wrap/pxClkX5
    HDIOLOGIC_S_X1Y3     OSERDESE3                                    f  u_hdmi_tx/i_wrap/TMDS_0/i_ODDRE_P/CLK
  -------------------------------------------------------------------    -------------------
    HDIOLOGIC_S_X1Y3     OSERDESE3 (Prop_OPTFF_HDIOLOGIC_S_CLK_OQ)
                                                      0.819     4.621 r  u_hdmi_tx/i_wrap/TMDS_0/i_ODDRE_P/OQ
                         net (fo=1, routed)           0.003     4.624    o_hdmi_d0_p_OBUF
    AF10                 OBUF (Prop_OUTBUF_HDIOB_S_I_O)
                                                      2.788     7.413 r  o_hdmi_d0_p_OBUF_inst/O
                         net (fo=0)                   0.000     7.413    o_hdmi_d0_p
    AF10                                                              r  o_hdmi_d0_p (OUT)
  -------------------------------------------------------------------    -------------------

Slack:                    inf
  Source:                 u_hdmi_tx/i_wrap/TMDS_3/i_ODDRE_N/CLK
                            (falling edge-triggered cell OSERDESE3 clocked by clk_125MHz_clk_wiz_0  {rise@0.000ns fall@4.000ns period=8.000ns})
  Destination:            o_hdmi_clk_n
                            (output port)
  Path Group:             (none)
  Path Type:              Max at Slow Process Corner
  Data Path Delay:        3.603ns  (logic 3.600ns (99.917%)  route 0.003ns (0.083%))
  Logic Levels:           1  (OBUF=1)
  Clock Uncertainty:      0.144ns  ((TSJ^2 + DJ^2)^1/2) / 2 + PE
    Total System Jitter     (TSJ):    0.050ns
    Discrete Jitter          (DJ):    0.108ns
    Phase Error              (PE):    0.085ns
  Clock Net Delay (Source):      1.876ns (routing 1.034ns, distribution 0.842ns)

    Location             Delay type                Incr(ns)  Path(ns)    Netlist Resource(s)
  -------------------------------------------------------------------    -------------------
                         (clock clk_125MHz_clk_wiz_0 fall edge)
                                                      4.000     4.000 f  
    D7                                                0.000     4.000 f  i_clk_100mhz_p (IN)
                         net (fo=0)                   0.100     4.100    u_clk_wiz_0/inst/clkin1_ibufds/I
    HPIOBDIFFINBUF_X0Y60 DIFFINBUF (Prop_DIFFINBUF_HPIOBDIFFINBUF_DIFF_IN_P_O)
                                                      0.629     4.729 f  u_clk_wiz_0/inst/clkin1_ibufds/DIFFINBUF_INST/O
                         net (fo=1, routed)           0.050     4.779    u_clk_wiz_0/inst/clkin1_ibufds/OUT
    D7                   IBUFCTRL (Prop_IBUFCTRL_HPIOB_M_I_O)
                                                      0.000     4.779 f  u_clk_wiz_0/inst/clkin1_ibufds/IBUFCTRL_INST/O
                         net (fo=1, routed)           0.384     5.163    u_clk_wiz_0/inst/clk_in1_clk_wiz_0
    MMCM_X0Y2            MMCME4_ADV (Prop_MMCM_CLKIN1_CLKOUT1)
                                                     -3.524     1.639 f  u_clk_wiz_0/inst/mmcme4_adv_inst/CLKOUT1
                         net (fo=1, routed)           0.250     1.889    u_clk_wiz_0/inst/clk_125MHz_clk_wiz_0
    BUFGCE_X0Y54         BUFGCE (Prop_BUFCE_BUFGCE_I_O)
                                                      0.028     1.917 f  u_clk_wiz_0/inst/clkout2_buf/O
    X1Y0 (CLOCK_ROOT)    net (fo=53, routed)          1.876     3.793    u_hdmi_tx/i_wrap/pxClkX5
    HDIOLOGIC_M_X1Y5     OSERDESE3                                    f  u_hdmi_tx/i_wrap/TMDS_3/i_ODDRE_N/CLK
  -------------------------------------------------------------------    -------------------
    HDIOLOGIC_M_X1Y5     OSERDESE3 (Prop_OPTFF_HDIOLOGIC_M_CLK_OQ)
                                                      0.818     4.611 r  u_hdmi_tx/i_wrap/TMDS_3/i_ODDRE_N/OQ
                         net (fo=1, routed)           0.003     4.614    o_hdmi_clk_n_OBUF
    AC12                 OBUF (Prop_OUTBUF_HDIOB_M_I_O)
                                                      2.782     7.396 r  o_hdmi_clk_n_OBUF_inst/O
                         net (fo=0)                   0.000     7.396    o_hdmi_clk_n
    AC12                                                              r  o_hdmi_clk_n (OUT)
  -------------------------------------------------------------------    -------------------

Slack:                    inf
  Source:                 u_hdmi_tx/i_wrap/TMDS_3/i_ODDRE_P/CLK
                            (falling edge-triggered cell OSERDESE3 clocked by clk_125MHz_clk_wiz_0  {rise@0.000ns fall@4.000ns period=8.000ns})
  Destination:            o_hdmi_clk_p
                            (output port)
  Path Group:             (none)
  Path Type:              Max at Slow Process Corner
  Data Path Delay:        3.604ns  (logic 3.601ns (99.917%)  route 0.003ns (0.083%))
  Logic Levels:           1  (OBUF=1)
  Clock Uncertainty:      0.144ns  ((TSJ^2 + DJ^2)^1/2) / 2 + PE
    Total System Jitter     (TSJ):    0.050ns
    Discrete Jitter          (DJ):    0.108ns
    Phase Error              (PE):    0.085ns
  Clock Net Delay (Source):      1.873ns (routing 1.034ns, distribution 0.839ns)

    Location             Delay type                Incr(ns)  Path(ns)    Netlist Resource(s)
  -------------------------------------------------------------------    -------------------
                         (clock clk_125MHz_clk_wiz_0 fall edge)
                                                      4.000     4.000 f  
    D7                                                0.000     4.000 f  i_clk_100mhz_p (IN)
                         net (fo=0)                   0.100     4.100    u_clk_wiz_0/inst/clkin1_ibufds/I
    HPIOBDIFFINBUF_X0Y60 DIFFINBUF (Prop_DIFFINBUF_HPIOBDIFFINBUF_DIFF_IN_P_O)
                                                      0.629     4.729 f  u_clk_wiz_0/inst/clkin1_ibufds/DIFFINBUF_INST/O
                         net (fo=1, routed)           0.050     4.779    u_clk_wiz_0/inst/clkin1_ibufds/OUT
    D7                   IBUFCTRL (Prop_IBUFCTRL_HPIOB_M_I_O)
                                                      0.000     4.779 f  u_clk_wiz_0/inst/clkin1_ibufds/IBUFCTRL_INST/O
                         net (fo=1, routed)           0.384     5.163    u_clk_wiz_0/inst/clk_in1_clk_wiz_0
    MMCM_X0Y2            MMCME4_ADV (Prop_MMCM_CLKIN1_CLKOUT1)
                                                     -3.524     1.639 f  u_clk_wiz_0/inst/mmcme4_adv_inst/CLKOUT1
                         net (fo=1, routed)           0.250     1.889    u_clk_wiz_0/inst/clk_125MHz_clk_wiz_0
    BUFGCE_X0Y54         BUFGCE (Prop_BUFCE_BUFGCE_I_O)
                                                      0.028     1.917 f  u_clk_wiz_0/inst/clkout2_buf/O
    X1Y0 (CLOCK_ROOT)    net (fo=53, routed)          1.873     3.790    u_hdmi_tx/i_wrap/pxClkX5
    HDIOLOGIC_S_X1Y5     OSERDESE3                                    f  u_hdmi_tx/i_wrap/TMDS_3/i_ODDRE_P/CLK
  -------------------------------------------------------------------    -------------------
    HDIOLOGIC_S_X1Y5     OSERDESE3 (Prop_OPTFF_HDIOLOGIC_S_CLK_OQ)
                                                      0.819     4.609 r  u_hdmi_tx/i_wrap/TMDS_3/i_ODDRE_P/OQ
                         net (fo=1, routed)           0.003     4.612    o_hdmi_clk_p_OBUF
    AD12                 OBUF (Prop_OUTBUF_HDIOB_S_I_O)
                                                      2.782     7.395 r  o_hdmi_clk_p_OBUF_inst/O
                         net (fo=0)                   0.000     7.395    o_hdmi_clk_p
    AD12                                                              r  o_hdmi_clk_p (OUT)
  -------------------------------------------------------------------    -------------------





Min Delay Paths
--------------------------------------------------------------------------------------
Slack:                    inf
  Source:                 u_hdmi_tx/i_wrap/TMDS_3/i_ODDRE_P/CLK
                            (rising edge-triggered cell OSERDESE3 clocked by clk_125MHz_clk_wiz_0  {rise@0.000ns fall@4.000ns period=8.000ns})
  Destination:            o_hdmi_clk_p
                            (output port)
  Path Group:             (none)
  Path Type:              Min at Fast Process Corner
  Data Path Delay:        1.609ns  (logic 1.607ns (99.876%)  route 0.002ns (0.124%))
  Logic Levels:           1  (OBUF=1)
  Clock Uncertainty:      0.144ns  ((TSJ^2 + DJ^2)^1/2) / 2 + PE
    Total System Jitter     (TSJ):    0.050ns
    Discrete Jitter          (DJ):    0.108ns
    Phase Error              (PE):    0.085ns
  Clock Net Delay (Source):      1.034ns (routing 0.568ns, distribution 0.466ns)

    Location             Delay type                Incr(ns)  Path(ns)    Netlist Resource(s)
  -------------------------------------------------------------------    -------------------
                         (clock clk_125MHz_clk_wiz_0 rise edge)
                                                      0.000     0.000 r  
    D7                                                0.000     0.000 r  i_clk_100mhz_p (IN)
                         net (fo=0)                   0.079     0.079    u_clk_wiz_0/inst/clkin1_ibufds/I
    HPIOBDIFFINBUF_X0Y60 DIFFINBUF (Prop_DIFFINBUF_HPIOBDIFFINBUF_DIFF_IN_P_O)
                                                      0.295     0.374 r  u_clk_wiz_0/inst/clkin1_ibufds/DIFFINBUF_INST/O
                         net (fo=1, routed)           0.040     0.414    u_clk_wiz_0/inst/clkin1_ibufds/OUT
    D7                   IBUFCTRL (Prop_IBUFCTRL_HPIOB_M_I_O)
                                                      0.000     0.414 r  u_clk_wiz_0/inst/clkin1_ibufds/IBUFCTRL_INST/O
                         net (fo=1, routed)           0.196     0.610    u_clk_wiz_0/inst/clk_in1_clk_wiz_0
    MMCM_X0Y2            MMCME4_ADV (Prop_MMCM_CLKIN1_CLKOUT1)
                                                     -2.020    -1.410 r  u_clk_wiz_0/inst/mmcme4_adv_inst/CLKOUT1
                         net (fo=1, routed)           0.149    -1.261    u_clk_wiz_0/inst/clk_125MHz_clk_wiz_0
    BUFGCE_X0Y54         BUFGCE (Prop_BUFCE_BUFGCE_I_O)
                                                      0.017    -1.244 r  u_clk_wiz_0/inst/clkout2_buf/O
    X1Y0 (CLOCK_ROOT)    net (fo=53, routed)          1.034    -0.210    u_hdmi_tx/i_wrap/pxClkX5
    HDIOLOGIC_S_X1Y5     OSERDESE3                                    r  u_hdmi_tx/i_wrap/TMDS_3/i_ODDRE_P/CLK
  -------------------------------------------------------------------    -------------------
    HDIOLOGIC_S_X1Y5     OSERDESE3 (Prop_OPTFF_HDIOLOGIC_S_CLK_OQ)
                                                      0.168    -0.042 r  u_hdmi_tx/i_wrap/TMDS_3/i_ODDRE_P/OQ
                         net (fo=1, routed)           0.002    -0.040    o_hdmi_clk_p_OBUF
    AD12                 OBUF (Prop_OUTBUF_HDIOB_S_I_O)
                                                      1.439     1.399 r  o_hdmi_clk_p_OBUF_inst/O
                         net (fo=0)                   0.000     1.399    o_hdmi_clk_p
    AD12                                                              r  o_hdmi_clk_p (OUT)
  -------------------------------------------------------------------    -------------------

Slack:                    inf
  Source:                 u_hdmi_tx/i_wrap/TMDS_3/i_ODDRE_N/CLK
                            (rising edge-triggered cell OSERDESE3 clocked by clk_125MHz_clk_wiz_0  {rise@0.000ns fall@4.000ns period=8.000ns})
  Destination:            o_hdmi_clk_n
                            (output port)
  Path Group:             (none)
  Path Type:              Min at Fast Process Corner
  Data Path Delay:        1.615ns  (logic 1.613ns (99.876%)  route 0.002ns (0.124%))
  Logic Levels:           1  (OBUF=1)
  Clock Uncertainty:      0.144ns  ((TSJ^2 + DJ^2)^1/2) / 2 + PE
    Total System Jitter     (TSJ):    0.050ns
    Discrete Jitter          (DJ):    0.108ns
    Phase Error              (PE):    0.085ns
  Clock Net Delay (Source):      1.036ns (routing 0.568ns, distribution 0.468ns)

    Location             Delay type                Incr(ns)  Path(ns)    Netlist Resource(s)
  -------------------------------------------------------------------    -------------------
                         (clock clk_125MHz_clk_wiz_0 rise edge)
                                                      0.000     0.000 r  
    D7                                                0.000     0.000 r  i_clk_100mhz_p (IN)
                         net (fo=0)                   0.079     0.079    u_clk_wiz_0/inst/clkin1_ibufds/I
    HPIOBDIFFINBUF_X0Y60 DIFFINBUF (Prop_DIFFINBUF_HPIOBDIFFINBUF_DIFF_IN_P_O)
                                                      0.295     0.374 r  u_clk_wiz_0/inst/clkin1_ibufds/DIFFINBUF_INST/O
                         net (fo=1, routed)           0.040     0.414    u_clk_wiz_0/inst/clkin1_ibufds/OUT
    D7                   IBUFCTRL (Prop_IBUFCTRL_HPIOB_M_I_O)
                                                      0.000     0.414 r  u_clk_wiz_0/inst/clkin1_ibufds/IBUFCTRL_INST/O
                         net (fo=1, routed)           0.196     0.610    u_clk_wiz_0/inst/clk_in1_clk_wiz_0
    MMCM_X0Y2            MMCME4_ADV (Prop_MMCM_CLKIN1_CLKOUT1)
                                                     -2.020    -1.410 r  u_clk_wiz_0/inst/mmcme4_adv_inst/CLKOUT1
                         net (fo=1, routed)           0.149    -1.261    u_clk_wiz_0/inst/clk_125MHz_clk_wiz_0
    BUFGCE_X0Y54         BUFGCE (Prop_BUFCE_BUFGCE_I_O)
                                                      0.017    -1.244 r  u_clk_wiz_0/inst/clkout2_buf/O
    X1Y0 (CLOCK_ROOT)    net (fo=53, routed)          1.036    -0.208    u_hdmi_tx/i_wrap/pxClkX5
    HDIOLOGIC_M_X1Y5     OSERDESE3                                    r  u_hdmi_tx/i_wrap/TMDS_3/i_ODDRE_N/CLK
  -------------------------------------------------------------------    -------------------
    HDIOLOGIC_M_X1Y5     OSERDESE3 (Prop_OPTFF_HDIOLOGIC_M_CLK_OQ)
                                                      0.175    -0.033 r  u_hdmi_tx/i_wrap/TMDS_3/i_ODDRE_N/OQ
                         net (fo=1, routed)           0.002    -0.031    o_hdmi_clk_n_OBUF
    AC12                 OBUF (Prop_OUTBUF_HDIOB_M_I_O)
                                                      1.438     1.408 r  o_hdmi_clk_n_OBUF_inst/O
                         net (fo=0)                   0.000     1.408    o_hdmi_clk_n
    AC12                                                              r  o_hdmi_clk_n (OUT)
  -------------------------------------------------------------------    -------------------

Slack:                    inf
  Source:                 u_hdmi_tx/i_wrap/TMDS_0/i_ODDRE_P/CLK
                            (rising edge-triggered cell OSERDESE3 clocked by clk_125MHz_clk_wiz_0  {rise@0.000ns fall@4.000ns period=8.000ns})
  Destination:            o_hdmi_d0_p
                            (output port)
  Path Group:             (none)
  Path Type:              Min at Fast Process Corner
  Data Path Delay:        1.615ns  (logic 1.613ns (99.876%)  route 0.002ns (0.124%))
  Logic Levels:           1  (OBUF=1)
  Clock Uncertainty:      0.144ns  ((TSJ^2 + DJ^2)^1/2) / 2 + PE
    Total System Jitter     (TSJ):    0.050ns
    Discrete Jitter          (DJ):    0.108ns
    Phase Error              (PE):    0.085ns
  Clock Net Delay (Source):      1.040ns (routing 0.568ns, distribution 0.472ns)

    Location             Delay type                Incr(ns)  Path(ns)    Netlist Resource(s)
  -------------------------------------------------------------------    -------------------
                         (clock clk_125MHz_clk_wiz_0 rise edge)
                                                      0.000     0.000 r  
    D7                                                0.000     0.000 r  i_clk_100mhz_p (IN)
                         net (fo=0)                   0.079     0.079    u_clk_wiz_0/inst/clkin1_ibufds/I
    HPIOBDIFFINBUF_X0Y60 DIFFINBUF (Prop_DIFFINBUF_HPIOBDIFFINBUF_DIFF_IN_P_O)
                                                      0.295     0.374 r  u_clk_wiz_0/inst/clkin1_ibufds/DIFFINBUF_INST/O
                         net (fo=1, routed)           0.040     0.414    u_clk_wiz_0/inst/clkin1_ibufds/OUT
    D7                   IBUFCTRL (Prop_IBUFCTRL_HPIOB_M_I_O)
                                                      0.000     0.414 r  u_clk_wiz_0/inst/clkin1_ibufds/IBUFCTRL_INST/O
                         net (fo=1, routed)           0.196     0.610    u_clk_wiz_0/inst/clk_in1_clk_wiz_0
    MMCM_X0Y2            MMCME4_ADV (Prop_MMCM_CLKIN1_CLKOUT1)
                                                     -2.020    -1.410 r  u_clk_wiz_0/inst/mmcme4_adv_inst/CLKOUT1
                         net (fo=1, routed)           0.149    -1.261    u_clk_wiz_0/inst/clk_125MHz_clk_wiz_0
    BUFGCE_X0Y54         BUFGCE (Prop_BUFCE_BUFGCE_I_O)
                                                      0.017    -1.244 r  u_clk_wiz_0/inst/clkout2_buf/O
    X1Y0 (CLOCK_ROOT)    net (fo=53, routed)          1.040    -0.204    u_hdmi_tx/i_wrap/pxClkX5
    HDIOLOGIC_S_X1Y3     OSERDESE3                                    r  u_hdmi_tx/i_wrap/TMDS_0/i_ODDRE_P/CLK
  -------------------------------------------------------------------    -------------------
    HDIOLOGIC_S_X1Y3     OSERDESE3 (Prop_OPTFF_HDIOLOGIC_S_CLK_OQ)
                                                      0.168    -0.036 r  u_hdmi_tx/i_wrap/TMDS_0/i_ODDRE_P/OQ
                         net (fo=1, routed)           0.002    -0.034    o_hdmi_d0_p_OBUF
    AF10                 OBUF (Prop_OUTBUF_HDIOB_S_I_O)
                                                      1.445     1.411 r  o_hdmi_d0_p_OBUF_inst/O
                         net (fo=0)                   0.000     1.411    o_hdmi_d0_p
    AF10                                                              r  o_hdmi_d0_p (OUT)
  -------------------------------------------------------------------    -------------------

Slack:                    inf
  Source:                 u_hdmi_tx/i_wrap/TMDS_2/i_ODDRE_N/CLK
                            (rising edge-triggered cell OSERDESE3 clocked by clk_125MHz_clk_wiz_0  {rise@0.000ns fall@4.000ns period=8.000ns})
  Destination:            o_hdmi_d2_n
                            (output port)
  Path Group:             (none)
  Path Type:              Min at Fast Process Corner
  Data Path Delay:        1.612ns  (logic 1.610ns (99.876%)  route 0.002ns (0.124%))
  Logic Levels:           1  (OBUF=1)
  Clock Uncertainty:      0.144ns  ((TSJ^2 + DJ^2)^1/2) / 2 + PE
    Total System Jitter     (TSJ):    0.050ns
    Discrete Jitter          (DJ):    0.108ns
    Phase Error              (PE):    0.085ns
  Clock Net Delay (Source):      1.044ns (routing 0.568ns, distribution 0.476ns)

    Location             Delay type                Incr(ns)  Path(ns)    Netlist Resource(s)
  -------------------------------------------------------------------    -------------------
                         (clock clk_125MHz_clk_wiz_0 rise edge)
                                                      0.000     0.000 r  
    D7                                                0.000     0.000 r  i_clk_100mhz_p (IN)
                         net (fo=0)                   0.079     0.079    u_clk_wiz_0/inst/clkin1_ibufds/I
    HPIOBDIFFINBUF_X0Y60 DIFFINBUF (Prop_DIFFINBUF_HPIOBDIFFINBUF_DIFF_IN_P_O)
                                                      0.295     0.374 r  u_clk_wiz_0/inst/clkin1_ibufds/DIFFINBUF_INST/O
                         net (fo=1, routed)           0.040     0.414    u_clk_wiz_0/inst/clkin1_ibufds/OUT
    D7                   IBUFCTRL (Prop_IBUFCTRL_HPIOB_M_I_O)
                                                      0.000     0.414 r  u_clk_wiz_0/inst/clkin1_ibufds/IBUFCTRL_INST/O
                         net (fo=1, routed)           0.196     0.610    u_clk_wiz_0/inst/clk_in1_clk_wiz_0
    MMCM_X0Y2            MMCME4_ADV (Prop_MMCM_CLKIN1_CLKOUT1)
                                                     -2.020    -1.410 r  u_clk_wiz_0/inst/mmcme4_adv_inst/CLKOUT1
                         net (fo=1, routed)           0.149    -1.261    u_clk_wiz_0/inst/clk_125MHz_clk_wiz_0
    BUFGCE_X0Y54         BUFGCE (Prop_BUFCE_BUFGCE_I_O)
                                                      0.017    -1.244 r  u_clk_wiz_0/inst/clkout2_buf/O
    X1Y0 (CLOCK_ROOT)    net (fo=53, routed)          1.044    -0.200    u_hdmi_tx/i_wrap/pxClkX5
    HDIOLOGIC_S_X1Y1     OSERDESE3                                    r  u_hdmi_tx/i_wrap/TMDS_2/i_ODDRE_N/CLK
  -------------------------------------------------------------------    -------------------
    HDIOLOGIC_S_X1Y1     OSERDESE3 (Prop_OPTFF_HDIOLOGIC_S_CLK_OQ)
                                                      0.168    -0.032 r  u_hdmi_tx/i_wrap/TMDS_2/i_ODDRE_N/OQ
                         net (fo=1, routed)           0.002    -0.030    o_hdmi_d2_n_OBUF
    AG11                 OBUF (Prop_OUTBUF_HDIOB_S_I_O)
                                                      1.442     1.412 r  o_hdmi_d2_n_OBUF_inst/O
                         net (fo=0)                   0.000     1.412    o_hdmi_d2_n
    AG11                                                              r  o_hdmi_d2_n (OUT)
  -------------------------------------------------------------------    -------------------

Slack:                    inf
  Source:                 u_hdmi_tx/i_wrap/TMDS_0/i_ODDRE_N/CLK
                            (rising edge-triggered cell OSERDESE3 clocked by clk_125MHz_clk_wiz_0  {rise@0.000ns fall@4.000ns period=8.000ns})
  Destination:            o_hdmi_d0_n
                            (output port)
  Path Group:             (none)
  Path Type:              Min at Fast Process Corner
  Data Path Delay:        1.622ns  (logic 1.620ns (99.877%)  route 0.002ns (0.123%))
  Logic Levels:           1  (OBUF=1)
  Clock Uncertainty:      0.144ns  ((TSJ^2 + DJ^2)^1/2) / 2 + PE
    Total System Jitter     (TSJ):    0.050ns
    Discrete Jitter          (DJ):    0.108ns
    Phase Error              (PE):    0.085ns
  Clock Net Delay (Source):      1.041ns (routing 0.568ns, distribution 0.473ns)

    Location             Delay type                Incr(ns)  Path(ns)    Netlist Resource(s)
  -------------------------------------------------------------------    -------------------
                         (clock clk_125MHz_clk_wiz_0 rise edge)
                                                      0.000     0.000 r  
    D7                                                0.000     0.000 r  i_clk_100mhz_p (IN)
                         net (fo=0)                   0.079     0.079    u_clk_wiz_0/inst/clkin1_ibufds/I
    HPIOBDIFFINBUF_X0Y60 DIFFINBUF (Prop_DIFFINBUF_HPIOBDIFFINBUF_DIFF_IN_P_O)
                                                      0.295     0.374 r  u_clk_wiz_0/inst/clkin1_ibufds/DIFFINBUF_INST/O
                         net (fo=1, routed)           0.040     0.414    u_clk_wiz_0/inst/clkin1_ibufds/OUT
    D7                   IBUFCTRL (Prop_IBUFCTRL_HPIOB_M_I_O)
                                                      0.000     0.414 r  u_clk_wiz_0/inst/clkin1_ibufds/IBUFCTRL_INST/O
                         net (fo=1, routed)           0.196     0.610    u_clk_wiz_0/inst/clk_in1_clk_wiz_0
    MMCM_X0Y2            MMCME4_ADV (Prop_MMCM_CLKIN1_CLKOUT1)
                                                     -2.020    -1.410 r  u_clk_wiz_0/inst/mmcme4_adv_inst/CLKOUT1
                         net (fo=1, routed)           0.149    -1.261    u_clk_wiz_0/inst/clk_125MHz_clk_wiz_0
    BUFGCE_X0Y54         BUFGCE (Prop_BUFCE_BUFGCE_I_O)
                                                      0.017    -1.244 r  u_clk_wiz_0/inst/clkout2_buf/O
    X1Y0 (CLOCK_ROOT)    net (fo=53, routed)          1.041    -0.203    u_hdmi_tx/i_wrap/pxClkX5
    HDIOLOGIC_M_X1Y3     OSERDESE3                                    r  u_hdmi_tx/i_wrap/TMDS_0/i_ODDRE_N/CLK
  -------------------------------------------------------------------    -------------------
    HDIOLOGIC_M_X1Y3     OSERDESE3 (Prop_OPTFF_HDIOLOGIC_M_CLK_OQ)
                                                      0.175    -0.028 r  u_hdmi_tx/i_wrap/TMDS_0/i_ODDRE_N/OQ
                         net (fo=1, routed)           0.002    -0.026    o_hdmi_d0_n_OBUF
    AE10                 OBUF (Prop_OUTBUF_HDIOB_M_I_O)
                                                      1.445     1.419 r  o_hdmi_d0_n_OBUF_inst/O
                         net (fo=0)                   0.000     1.419    o_hdmi_d0_n
    AE10                                                              r  o_hdmi_d0_n (OUT)
  -------------------------------------------------------------------    -------------------

Slack:                    inf
  Source:                 u_hdmi_tx/i_wrap/TMDS_2/i_ODDRE_P/CLK
                            (rising edge-triggered cell OSERDESE3 clocked by clk_125MHz_clk_wiz_0  {rise@0.000ns fall@4.000ns period=8.000ns})
  Destination:            o_hdmi_d2_p
                            (output port)
  Path Group:             (none)
  Path Type:              Min at Fast Process Corner
  Data Path Delay:        1.619ns  (logic 1.617ns (99.876%)  route 0.002ns (0.124%))
  Logic Levels:           1  (OBUF=1)
  Clock Uncertainty:      0.144ns  ((TSJ^2 + DJ^2)^1/2) / 2 + PE
    Total System Jitter     (TSJ):    0.050ns
    Discrete Jitter          (DJ):    0.108ns
    Phase Error              (PE):    0.085ns
  Clock Net Delay (Source):      1.044ns (routing 0.568ns, distribution 0.476ns)

    Location             Delay type                Incr(ns)  Path(ns)    Netlist Resource(s)
  -------------------------------------------------------------------    -------------------
                         (clock clk_125MHz_clk_wiz_0 rise edge)
                                                      0.000     0.000 r  
    D7                                                0.000     0.000 r  i_clk_100mhz_p (IN)
                         net (fo=0)                   0.079     0.079    u_clk_wiz_0/inst/clkin1_ibufds/I
    HPIOBDIFFINBUF_X0Y60 DIFFINBUF (Prop_DIFFINBUF_HPIOBDIFFINBUF_DIFF_IN_P_O)
                                                      0.295     0.374 r  u_clk_wiz_0/inst/clkin1_ibufds/DIFFINBUF_INST/O
                         net (fo=1, routed)           0.040     0.414    u_clk_wiz_0/inst/clkin1_ibufds/OUT
    D7                   IBUFCTRL (Prop_IBUFCTRL_HPIOB_M_I_O)
                                                      0.000     0.414 r  u_clk_wiz_0/inst/clkin1_ibufds/IBUFCTRL_INST/O
                         net (fo=1, routed)           0.196     0.610    u_clk_wiz_0/inst/clk_in1_clk_wiz_0
    MMCM_X0Y2            MMCME4_ADV (Prop_MMCM_CLKIN1_CLKOUT1)
                                                     -2.020    -1.410 r  u_clk_wiz_0/inst/mmcme4_adv_inst/CLKOUT1
                         net (fo=1, routed)           0.149    -1.261    u_clk_wiz_0/inst/clk_125MHz_clk_wiz_0
    BUFGCE_X0Y54         BUFGCE (Prop_BUFCE_BUFGCE_I_O)
                                                      0.017    -1.244 r  u_clk_wiz_0/inst/clkout2_buf/O
    X1Y0 (CLOCK_ROOT)    net (fo=53, routed)          1.044    -0.200    u_hdmi_tx/i_wrap/pxClkX5
    HDIOLOGIC_M_X1Y1     OSERDESE3                                    r  u_hdmi_tx/i_wrap/TMDS_2/i_ODDRE_P/CLK
  -------------------------------------------------------------------    -------------------
    HDIOLOGIC_M_X1Y1     OSERDESE3 (Prop_OPTFF_HDIOLOGIC_M_CLK_OQ)
                                                      0.175    -0.025 r  u_hdmi_tx/i_wrap/TMDS_2/i_ODDRE_P/OQ
                         net (fo=1, routed)           0.002    -0.023    o_hdmi_d2_p_OBUF
    AF11                 OBUF (Prop_OUTBUF_HDIOB_M_I_O)
                                                      1.442     1.419 r  o_hdmi_d2_p_OBUF_inst/O
                         net (fo=0)                   0.000     1.419    o_hdmi_d2_p
    AF11                                                              r  o_hdmi_d2_p (OUT)
  -------------------------------------------------------------------    -------------------

Slack:                    inf
  Source:                 u_hdmi_tx/i_wrap/TMDS_1/i_ODDRE_P/CLK
                            (rising edge-triggered cell OSERDESE3 clocked by clk_125MHz_clk_wiz_0  {rise@0.000ns fall@4.000ns period=8.000ns})
  Destination:            o_hdmi_d1_p
                            (output port)
  Path Group:             (none)
  Path Type:              Min at Fast Process Corner
  Data Path Delay:        1.622ns  (logic 1.620ns (99.877%)  route 0.002ns (0.123%))
  Logic Levels:           1  (OBUF=1)
  Clock Uncertainty:      0.144ns  ((TSJ^2 + DJ^2)^1/2) / 2 + PE
    Total System Jitter     (TSJ):    0.050ns
    Discrete Jitter          (DJ):    0.108ns
    Phase Error              (PE):    0.085ns
  Clock Net Delay (Source):      1.042ns (routing 0.568ns, distribution 0.474ns)

    Location             Delay type                Incr(ns)  Path(ns)    Netlist Resource(s)
  -------------------------------------------------------------------    -------------------
                         (clock clk_125MHz_clk_wiz_0 rise edge)
                                                      0.000     0.000 r  
    D7                                                0.000     0.000 r  i_clk_100mhz_p (IN)
                         net (fo=0)                   0.079     0.079    u_clk_wiz_0/inst/clkin1_ibufds/I
    HPIOBDIFFINBUF_X0Y60 DIFFINBUF (Prop_DIFFINBUF_HPIOBDIFFINBUF_DIFF_IN_P_O)
                                                      0.295     0.374 r  u_clk_wiz_0/inst/clkin1_ibufds/DIFFINBUF_INST/O
                         net (fo=1, routed)           0.040     0.414    u_clk_wiz_0/inst/clkin1_ibufds/OUT
    D7                   IBUFCTRL (Prop_IBUFCTRL_HPIOB_M_I_O)
                                                      0.000     0.414 r  u_clk_wiz_0/inst/clkin1_ibufds/IBUFCTRL_INST/O
                         net (fo=1, routed)           0.196     0.610    u_clk_wiz_0/inst/clk_in1_clk_wiz_0
    MMCM_X0Y2            MMCME4_ADV (Prop_MMCM_CLKIN1_CLKOUT1)
                                                     -2.020    -1.410 r  u_clk_wiz_0/inst/mmcme4_adv_inst/CLKOUT1
                         net (fo=1, routed)           0.149    -1.261    u_clk_wiz_0/inst/clk_125MHz_clk_wiz_0
    BUFGCE_X0Y54         BUFGCE (Prop_BUFCE_BUFGCE_I_O)
                                                      0.017    -1.244 r  u_clk_wiz_0/inst/clkout2_buf/O
    X1Y0 (CLOCK_ROOT)    net (fo=53, routed)          1.042    -0.202    u_hdmi_tx/i_wrap/pxClkX5
    HDIOLOGIC_S_X1Y2     OSERDESE3                                    r  u_hdmi_tx/i_wrap/TMDS_1/i_ODDRE_P/CLK
  -------------------------------------------------------------------    -------------------
    HDIOLOGIC_S_X1Y2     OSERDESE3 (Prop_OPTFF_HDIOLOGIC_S_CLK_OQ)
                                                      0.168    -0.034 r  u_hdmi_tx/i_wrap/TMDS_1/i_ODDRE_P/OQ
                         net (fo=1, routed)           0.002    -0.032    o_hdmi_d1_p_OBUF
    AH11                 OBUF (Prop_OUTBUF_HDIOB_S_I_O)
                                                      1.452     1.421 r  o_hdmi_d1_p_OBUF_inst/O
                         net (fo=0)                   0.000     1.421    o_hdmi_d1_p
    AH11                                                              r  o_hdmi_d1_p (OUT)
  -------------------------------------------------------------------    -------------------

Slack:                    inf
  Source:                 u_hdmi_tx/i_wrap/TMDS_1/i_ODDRE_N/CLK
                            (rising edge-triggered cell OSERDESE3 clocked by clk_125MHz_clk_wiz_0  {rise@0.000ns fall@4.000ns period=8.000ns})
  Destination:            o_hdmi_d1_n
                            (output port)
  Path Group:             (none)
  Path Type:              Min at Fast Process Corner
  Data Path Delay:        1.629ns  (logic 1.627ns (99.877%)  route 0.002ns (0.123%))
  Logic Levels:           1  (OBUF=1)
  Clock Uncertainty:      0.144ns  ((TSJ^2 + DJ^2)^1/2) / 2 + PE
    Total System Jitter     (TSJ):    0.050ns
    Discrete Jitter          (DJ):    0.108ns
    Phase Error              (PE):    0.085ns
  Clock Net Delay (Source):      1.043ns (routing 0.568ns, distribution 0.475ns)

    Location             Delay type                Incr(ns)  Path(ns)    Netlist Resource(s)
  -------------------------------------------------------------------    -------------------
                         (clock clk_125MHz_clk_wiz_0 rise edge)
                                                      0.000     0.000 r  
    D7                                                0.000     0.000 r  i_clk_100mhz_p (IN)
                         net (fo=0)                   0.079     0.079    u_clk_wiz_0/inst/clkin1_ibufds/I
    HPIOBDIFFINBUF_X0Y60 DIFFINBUF (Prop_DIFFINBUF_HPIOBDIFFINBUF_DIFF_IN_P_O)
                                                      0.295     0.374 r  u_clk_wiz_0/inst/clkin1_ibufds/DIFFINBUF_INST/O
                         net (fo=1, routed)           0.040     0.414    u_clk_wiz_0/inst/clkin1_ibufds/OUT
    D7                   IBUFCTRL (Prop_IBUFCTRL_HPIOB_M_I_O)
                                                      0.000     0.414 r  u_clk_wiz_0/inst/clkin1_ibufds/IBUFCTRL_INST/O
                         net (fo=1, routed)           0.196     0.610    u_clk_wiz_0/inst/clk_in1_clk_wiz_0
    MMCM_X0Y2            MMCME4_ADV (Prop_MMCM_CLKIN1_CLKOUT1)
                                                     -2.020    -1.410 r  u_clk_wiz_0/inst/mmcme4_adv_inst/CLKOUT1
                         net (fo=1, routed)           0.149    -1.261    u_clk_wiz_0/inst/clk_125MHz_clk_wiz_0
    BUFGCE_X0Y54         BUFGCE (Prop_BUFCE_BUFGCE_I_O)
                                                      0.017    -1.244 r  u_clk_wiz_0/inst/clkout2_buf/O
    X1Y0 (CLOCK_ROOT)    net (fo=53, routed)          1.043    -0.201    u_hdmi_tx/i_wrap/pxClkX5
    HDIOLOGIC_M_X1Y2     OSERDESE3                                    r  u_hdmi_tx/i_wrap/TMDS_1/i_ODDRE_N/CLK
  -------------------------------------------------------------------    -------------------
    HDIOLOGIC_M_X1Y2     OSERDESE3 (Prop_OPTFF_HDIOLOGIC_M_CLK_OQ)
                                                      0.175    -0.026 r  u_hdmi_tx/i_wrap/TMDS_1/i_ODDRE_N/OQ
                         net (fo=1, routed)           0.002    -0.024    o_hdmi_d1_n_OBUF
    AH12                 OBUF (Prop_OUTBUF_HDIOB_M_I_O)
                                                      1.452     1.428 r  o_hdmi_d1_n_OBUF_inst/O
                         net (fo=0)                   0.000     1.428    o_hdmi_d1_n
    AH12                                                              r  o_hdmi_d1_n (OUT)
  -------------------------------------------------------------------    -------------------





--------------------------------------------------------------------------------------
Path Group:  (none)
From Clock:  
  To Clock:  clk_25MHz_clk_wiz_0

Max Delay             6 Endpoints
Min Delay             6 Endpoints
--------------------------------------------------------------------------------------


Max Delay Paths
--------------------------------------------------------------------------------------
Slack:                    inf
  Source:                 i_reset_n
                            (input port)
  Destination:            u_video_timing/VSync_reg/D
                            (rising edge-triggered cell FDRE clocked by clk_25MHz_clk_wiz_0  {rise@0.000ns fall@20.000ns period=40.000ns})
  Path Group:             (none)
  Path Type:              Setup (Max at Slow Process Corner)
  Data Path Delay:        2.681ns  (logic 0.802ns (29.919%)  route 1.879ns (70.081%))
  Logic Levels:           4  (IBUFCTRL=1 INBUF=1 LUT2=1 LUT6=1)
  Clock Path Skew:        -0.178ns (DCD - SCD + CPR)
    Destination Clock Delay (DCD):    -0.178ns
    Source Clock Delay      (SCD):    0.000ns
    Clock Pessimism Removal (CPR):    0.000ns
  Clock Uncertainty:      0.163ns  ((TSJ^2 + DJ^2)^1/2) / 2 + PE
    Total System Jitter     (TSJ):    0.050ns
    Discrete Jitter          (DJ):    0.148ns
    Phase Error              (PE):    0.085ns
  Clock Net Delay (Destination): 1.727ns (routing 0.770ns, distribution 0.957ns)

    Location             Delay type                Incr(ns)  Path(ns)    Netlist Resource(s)
  -------------------------------------------------------------------    -------------------
    AB6                                               0.000     0.000 f  i_reset_n (IN)
                         net (fo=0)                   0.000     0.000    i_reset_n_IBUF_inst/I
    AB6                  INBUF (Prop_INBUF_HPIOB_M_PAD_O)
                                                      0.592     0.592 f  i_reset_n_IBUF_inst/INBUF_INST/O
                         net (fo=1, routed)           0.000     0.592    i_reset_n_IBUF_inst/OUT
    AB6                  IBUFCTRL (Prop_IBUFCTRL_HPIOB_M_I_O)
                                                      0.000     0.592 f  i_reset_n_IBUF_inst/IBUFCTRL_INST/O
                         net (fo=11, routed)          1.320     1.912    u_video_timing/i_reset_n_IBUF
    SLICE_X39Y8          LUT2 (Prop_C5LUT_SLICEM_I0_O)
                                                      0.111     2.023 r  u_video_timing/i_wrap_i_1/O
                         net (fo=48, routed)          0.487     2.510    u_video_timing/ResetN
    SLICE_X40Y4          LUT6 (Prop_D6LUT_SLICEM_I0_O)
                                                      0.099     2.609 r  u_video_timing/VSync_i_1/O
                         net (fo=1, routed)           0.072     2.681    u_video_timing/VSync_i_1_n_0
    SLICE_X40Y4          FDRE                                         r  u_video_timing/VSync_reg/D
  -------------------------------------------------------------------    -------------------

                         (clock clk_25MHz_clk_wiz_0 rise edge)
                                                      0.000     0.000 r  
    D7                                                0.000     0.000 r  i_clk_100mhz_p (IN)
                         net (fo=0)                   0.079     0.079    u_clk_wiz_0/inst/clkin1_ibufds/I
    HPIOBDIFFINBUF_X0Y60 DIFFINBUF (Prop_DIFFINBUF_HPIOBDIFFINBUF_DIFF_IN_P_O)
                                                      0.519     0.598 r  u_clk_wiz_0/inst/clkin1_ibufds/DIFFINBUF_INST/O
                         net (fo=1, routed)           0.040     0.638    u_clk_wiz_0/inst/clkin1_ibufds/OUT
    D7                   IBUFCTRL (Prop_IBUFCTRL_HPIOB_M_I_O)
                                                      0.000     0.638 r  u_clk_wiz_0/inst/clkin1_ibufds/IBUFCTRL_INST/O
                         net (fo=1, routed)           0.333     0.971    u_clk_wiz_0/inst/clk_in1_clk_wiz_0
    MMCM_X0Y2            MMCME4_ADV (Prop_MMCM_CLKIN1_CLKOUT0)
                                                     -3.115    -2.144 r  u_clk_wiz_0/inst/mmcme4_adv_inst/CLKOUT0
                         net (fo=1, routed)           0.215    -1.929    u_clk_wiz_0/inst/clk_25MHz_clk_wiz_0
    BUFGCE_X0Y49         BUFGCE (Prop_BUFCE_BUFGCE_I_O)
                                                      0.024    -1.905 r  u_clk_wiz_0/inst/clkout1_buf/O
    X1Y1 (CLOCK_ROOT)    net (fo=87, routed)          1.727    -0.178    u_video_timing/CLK
    SLICE_X40Y4          FDRE                                         r  u_video_timing/VSync_reg/C

Slack:                    inf
  Source:                 i_reset_n
                            (input port)
  Destination:            u_video_timing/HSync_reg/D
                            (rising edge-triggered cell FDRE clocked by clk_25MHz_clk_wiz_0  {rise@0.000ns fall@20.000ns period=40.000ns})
  Path Group:             (none)
  Path Type:              Setup (Max at Slow Process Corner)
  Data Path Delay:        2.603ns  (logic 0.825ns (31.691%)  route 1.778ns (68.309%))
  Logic Levels:           4  (IBUFCTRL=1 INBUF=1 LUT2=1 LUT6=1)
  Clock Path Skew:        -0.221ns (DCD - SCD + CPR)
    Destination Clock Delay (DCD):    -0.221ns
    Source Clock Delay      (SCD):    0.000ns
    Clock Pessimism Removal (CPR):    0.000ns
  Clock Uncertainty:      0.163ns  ((TSJ^2 + DJ^2)^1/2) / 2 + PE
    Total System Jitter     (TSJ):    0.050ns
    Discrete Jitter          (DJ):    0.148ns
    Phase Error              (PE):    0.085ns
  Clock Net Delay (Destination): 1.684ns (routing 0.770ns, distribution 0.914ns)

    Location             Delay type                Incr(ns)  Path(ns)    Netlist Resource(s)
  -------------------------------------------------------------------    -------------------
    AB6                                               0.000     0.000 f  i_reset_n (IN)
                         net (fo=0)                   0.000     0.000    i_reset_n_IBUF_inst/I
    AB6                  INBUF (Prop_INBUF_HPIOB_M_PAD_O)
                                                      0.592     0.592 f  i_reset_n_IBUF_inst/INBUF_INST/O
                         net (fo=1, routed)           0.000     0.592    i_reset_n_IBUF_inst/OUT
    AB6                  IBUFCTRL (Prop_IBUFCTRL_HPIOB_M_I_O)
                                                      0.000     0.592 f  i_reset_n_IBUF_inst/IBUFCTRL_INST/O
                         net (fo=11, routed)          1.320     1.912    u_video_timing/i_reset_n_IBUF
    SLICE_X39Y8          LUT2 (Prop_C5LUT_SLICEM_I0_O)
                                                      0.111     2.023 r  u_video_timing/i_wrap_i_1/O
                         net (fo=48, routed)          0.387     2.409    u_video_timing/ResetN
    SLICE_X37Y10         LUT6 (Prop_D6LUT_SLICEM_I0_O)
                                                      0.122     2.531 r  u_video_timing/HSync_i_1/O
                         net (fo=1, routed)           0.072     2.603    u_video_timing/HSync_i_1_n_0
    SLICE_X37Y10         FDRE                                         r  u_video_timing/HSync_reg/D
  -------------------------------------------------------------------    -------------------

                         (clock clk_25MHz_clk_wiz_0 rise edge)
                                                      0.000     0.000 r  
    D7                                                0.000     0.000 r  i_clk_100mhz_p (IN)
                         net (fo=0)                   0.079     0.079    u_clk_wiz_0/inst/clkin1_ibufds/I
    HPIOBDIFFINBUF_X0Y60 DIFFINBUF (Prop_DIFFINBUF_HPIOBDIFFINBUF_DIFF_IN_P_O)
                                                      0.519     0.598 r  u_clk_wiz_0/inst/clkin1_ibufds/DIFFINBUF_INST/O
                         net (fo=1, routed)           0.040     0.638    u_clk_wiz_0/inst/clkin1_ibufds/OUT
    D7                   IBUFCTRL (Prop_IBUFCTRL_HPIOB_M_I_O)
                                                      0.000     0.638 r  u_clk_wiz_0/inst/clkin1_ibufds/IBUFCTRL_INST/O
                         net (fo=1, routed)           0.333     0.971    u_clk_wiz_0/inst/clk_in1_clk_wiz_0
    MMCM_X0Y2            MMCME4_ADV (Prop_MMCM_CLKIN1_CLKOUT0)
                                                     -3.115    -2.144 r  u_clk_wiz_0/inst/mmcme4_adv_inst/CLKOUT0
                         net (fo=1, routed)           0.215    -1.929    u_clk_wiz_0/inst/clk_25MHz_clk_wiz_0
    BUFGCE_X0Y49         BUFGCE (Prop_BUFCE_BUFGCE_I_O)
                                                      0.024    -1.905 r  u_clk_wiz_0/inst/clkout1_buf/O
    X1Y1 (CLOCK_ROOT)    net (fo=87, routed)          1.684    -0.221    u_video_timing/CLK
    SLICE_X37Y10         FDRE                                         r  u_video_timing/HSync_reg/C

Slack:                    inf
  Source:                 i_reset_n
                            (input port)
  Destination:            u_video_timing/DE_X_reg/D
                            (rising edge-triggered cell FDRE clocked by clk_25MHz_clk_wiz_0  {rise@0.000ns fall@20.000ns period=40.000ns})
  Path Group:             (none)
  Path Type:              Setup (Max at Slow Process Corner)
  Data Path Delay:        2.264ns  (logic 0.690ns (30.484%)  route 1.574ns (69.516%))
  Logic Levels:           3  (IBUFCTRL=1 INBUF=1 LUT5=1)
  Clock Path Skew:        -0.188ns (DCD - SCD + CPR)
    Destination Clock Delay (DCD):    -0.188ns
    Source Clock Delay      (SCD):    0.000ns
    Clock Pessimism Removal (CPR):    0.000ns
  Clock Uncertainty:      0.163ns  ((TSJ^2 + DJ^2)^1/2) / 2 + PE
    Total System Jitter     (TSJ):    0.050ns
    Discrete Jitter          (DJ):    0.148ns
    Phase Error              (PE):    0.085ns
  Clock Net Delay (Destination): 1.717ns (routing 0.770ns, distribution 0.947ns)

    Location             Delay type                Incr(ns)  Path(ns)    Netlist Resource(s)
  -------------------------------------------------------------------    -------------------
    AB6                                               0.000     0.000 r  i_reset_n (IN)
                         net (fo=0)                   0.000     0.000    i_reset_n_IBUF_inst/I
    AB6                  INBUF (Prop_INBUF_HPIOB_M_PAD_O)
                                                      0.592     0.592 r  i_reset_n_IBUF_inst/INBUF_INST/O
                         net (fo=1, routed)           0.000     0.592    i_reset_n_IBUF_inst/OUT
    AB6                  IBUFCTRL (Prop_IBUFCTRL_HPIOB_M_I_O)
                                                      0.000     0.592 r  i_reset_n_IBUF_inst/IBUFCTRL_INST/O
                         net (fo=11, routed)          1.320     1.912    u_video_timing/i_reset_n_IBUF
    SLICE_X39Y8          LUT5 (Prop_C6LUT_SLICEM_I1_O)
                                                      0.098     2.010 r  u_video_timing/DE_X_i_1/O
                         net (fo=1, routed)           0.254     2.264    u_video_timing/DE_X_i_1_n_0
    SLICE_X39Y8          FDRE                                         r  u_video_timing/DE_X_reg/D
  -------------------------------------------------------------------    -------------------

                         (clock clk_25MHz_clk_wiz_0 rise edge)
                                                      0.000     0.000 r  
    D7                                                0.000     0.000 r  i_clk_100mhz_p (IN)
                         net (fo=0)                   0.079     0.079    u_clk_wiz_0/inst/clkin1_ibufds/I
    HPIOBDIFFINBUF_X0Y60 DIFFINBUF (Prop_DIFFINBUF_HPIOBDIFFINBUF_DIFF_IN_P_O)
                                                      0.519     0.598 r  u_clk_wiz_0/inst/clkin1_ibufds/DIFFINBUF_INST/O
                         net (fo=1, routed)           0.040     0.638    u_clk_wiz_0/inst/clkin1_ibufds/OUT
    D7                   IBUFCTRL (Prop_IBUFCTRL_HPIOB_M_I_O)
                                                      0.000     0.638 r  u_clk_wiz_0/inst/clkin1_ibufds/IBUFCTRL_INST/O
                         net (fo=1, routed)           0.333     0.971    u_clk_wiz_0/inst/clk_in1_clk_wiz_0
    MMCM_X0Y2            MMCME4_ADV (Prop_MMCM_CLKIN1_CLKOUT0)
                                                     -3.115    -2.144 r  u_clk_wiz_0/inst/mmcme4_adv_inst/CLKOUT0
                         net (fo=1, routed)           0.215    -1.929    u_clk_wiz_0/inst/clk_25MHz_clk_wiz_0
    BUFGCE_X0Y49         BUFGCE (Prop_BUFCE_BUFGCE_I_O)
                                                      0.024    -1.905 r  u_clk_wiz_0/inst/clkout1_buf/O
    X1Y1 (CLOCK_ROOT)    net (fo=87, routed)          1.717    -0.188    u_video_timing/CLK
    SLICE_X39Y8          FDRE                                         r  u_video_timing/DE_X_reg/C

Slack:                    inf
  Source:                 i_reset_n
                            (input port)
  Destination:            u_video_timing/DE_Y_reg/D
                            (rising edge-triggered cell FDRE clocked by clk_25MHz_clk_wiz_0  {rise@0.000ns fall@20.000ns period=40.000ns})
  Path Group:             (none)
  Path Type:              Setup (Max at Slow Process Corner)
  Data Path Delay:        1.978ns  (logic 0.680ns (34.377%)  route 1.298ns (65.623%))
  Logic Levels:           3  (IBUFCTRL=1 INBUF=1 LUT6=1)
  Clock Path Skew:        -0.188ns (DCD - SCD + CPR)
    Destination Clock Delay (DCD):    -0.188ns
    Source Clock Delay      (SCD):    0.000ns
    Clock Pessimism Removal (CPR):    0.000ns
  Clock Uncertainty:      0.163ns  ((TSJ^2 + DJ^2)^1/2) / 2 + PE
    Total System Jitter     (TSJ):    0.050ns
    Discrete Jitter          (DJ):    0.148ns
    Phase Error              (PE):    0.085ns
  Clock Net Delay (Destination): 1.717ns (routing 0.770ns, distribution 0.947ns)

    Location             Delay type                Incr(ns)  Path(ns)    Netlist Resource(s)
  -------------------------------------------------------------------    -------------------
    AB6                                               0.000     0.000 r  i_reset_n (IN)
                         net (fo=0)                   0.000     0.000    i_reset_n_IBUF_inst/I
    AB6                  INBUF (Prop_INBUF_HPIOB_M_PAD_O)
                                                      0.592     0.592 r  i_reset_n_IBUF_inst/INBUF_INST/O
                         net (fo=1, routed)           0.000     0.592    i_reset_n_IBUF_inst/OUT
    AB6                  IBUFCTRL (Prop_IBUFCTRL_HPIOB_M_I_O)
                                                      0.000     0.592 r  i_reset_n_IBUF_inst/IBUFCTRL_INST/O
                         net (fo=11, routed)          1.231     1.823    u_video_timing/i_reset_n_IBUF
    SLICE_X39Y8          LUT6 (Prop_F6LUT_SLICEM_I2_O)
                                                      0.088     1.911 r  u_video_timing/DE_Y_i_1/O
                         net (fo=1, routed)           0.067     1.978    u_video_timing/DE_Y_i_1_n_0
    SLICE_X39Y8          FDRE                                         r  u_video_timing/DE_Y_reg/D
  -------------------------------------------------------------------    -------------------

                         (clock clk_25MHz_clk_wiz_0 rise edge)
                                                      0.000     0.000 r  
    D7                                                0.000     0.000 r  i_clk_100mhz_p (IN)
                         net (fo=0)                   0.079     0.079    u_clk_wiz_0/inst/clkin1_ibufds/I
    HPIOBDIFFINBUF_X0Y60 DIFFINBUF (Prop_DIFFINBUF_HPIOBDIFFINBUF_DIFF_IN_P_O)
                                                      0.519     0.598 r  u_clk_wiz_0/inst/clkin1_ibufds/DIFFINBUF_INST/O
                         net (fo=1, routed)           0.040     0.638    u_clk_wiz_0/inst/clkin1_ibufds/OUT
    D7                   IBUFCTRL (Prop_IBUFCTRL_HPIOB_M_I_O)
                                                      0.000     0.638 r  u_clk_wiz_0/inst/clkin1_ibufds/IBUFCTRL_INST/O
                         net (fo=1, routed)           0.333     0.971    u_clk_wiz_0/inst/clk_in1_clk_wiz_0
    MMCM_X0Y2            MMCME4_ADV (Prop_MMCM_CLKIN1_CLKOUT0)
                                                     -3.115    -2.144 r  u_clk_wiz_0/inst/mmcme4_adv_inst/CLKOUT0
                         net (fo=1, routed)           0.215    -1.929    u_clk_wiz_0/inst/clk_25MHz_clk_wiz_0
    BUFGCE_X0Y49         BUFGCE (Prop_BUFCE_BUFGCE_I_O)
                                                      0.024    -1.905 r  u_clk_wiz_0/inst/clkout1_buf/O
    X1Y1 (CLOCK_ROOT)    net (fo=87, routed)          1.717    -0.188    u_video_timing/CLK
    SLICE_X39Y8          FDRE                                         r  u_video_timing/DE_Y_reg/C

Slack:                    inf
  Source:                 i_reset_n
                            (input port)
  Destination:            u_img_gen/Sq_dY_reg[1]/D
                            (rising edge-triggered cell FDRE clocked by clk_25MHz_clk_wiz_0  {rise@0.000ns fall@20.000ns period=40.000ns})
  Path Group:             (none)
  Path Type:              Setup (Max at Slow Process Corner)
  Data Path Delay:        1.858ns  (logic 0.629ns (33.847%)  route 1.229ns (66.153%))
  Logic Levels:           3  (IBUFCTRL=1 INBUF=1 LUT6=1)
  Clock Path Skew:        -0.188ns (DCD - SCD + CPR)
    Destination Clock Delay (DCD):    -0.188ns
    Source Clock Delay      (SCD):    0.000ns
    Clock Pessimism Removal (CPR):    0.000ns
  Clock Uncertainty:      0.163ns  ((TSJ^2 + DJ^2)^1/2) / 2 + PE
    Total System Jitter     (TSJ):    0.050ns
    Discrete Jitter          (DJ):    0.148ns
    Phase Error              (PE):    0.085ns
  Clock Net Delay (Destination): 1.717ns (routing 0.770ns, distribution 0.947ns)

    Location             Delay type                Incr(ns)  Path(ns)    Netlist Resource(s)
  -------------------------------------------------------------------    -------------------
    AB6                                               0.000     0.000 r  i_reset_n (IN)
                         net (fo=0)                   0.000     0.000    i_reset_n_IBUF_inst/I
    AB6                  INBUF (Prop_INBUF_HPIOB_M_PAD_O)
                                                      0.592     0.592 r  i_reset_n_IBUF_inst/INBUF_INST/O
                         net (fo=1, routed)           0.000     0.592    i_reset_n_IBUF_inst/OUT
    AB6                  IBUFCTRL (Prop_IBUFCTRL_HPIOB_M_I_O)
                                                      0.000     0.592 r  i_reset_n_IBUF_inst/IBUFCTRL_INST/O
                         net (fo=11, routed)          1.170     1.762    u_img_gen/i_reset_n_IBUF
    SLICE_X39Y8          LUT6 (Prop_G6LUT_SLICEM_I3_O)
                                                      0.037     1.799 r  u_img_gen/Sq_dY[1]_i_1/O
                         net (fo=1, routed)           0.059     1.858    u_img_gen/Sq_dY[1]_i_1_n_0
    SLICE_X39Y8          FDRE                                         r  u_img_gen/Sq_dY_reg[1]/D
  -------------------------------------------------------------------    -------------------

                         (clock clk_25MHz_clk_wiz_0 rise edge)
                                                      0.000     0.000 r  
    D7                                                0.000     0.000 r  i_clk_100mhz_p (IN)
                         net (fo=0)                   0.079     0.079    u_clk_wiz_0/inst/clkin1_ibufds/I
    HPIOBDIFFINBUF_X0Y60 DIFFINBUF (Prop_DIFFINBUF_HPIOBDIFFINBUF_DIFF_IN_P_O)
                                                      0.519     0.598 r  u_clk_wiz_0/inst/clkin1_ibufds/DIFFINBUF_INST/O
                         net (fo=1, routed)           0.040     0.638    u_clk_wiz_0/inst/clkin1_ibufds/OUT
    D7                   IBUFCTRL (Prop_IBUFCTRL_HPIOB_M_I_O)
                                                      0.000     0.638 r  u_clk_wiz_0/inst/clkin1_ibufds/IBUFCTRL_INST/O
                         net (fo=1, routed)           0.333     0.971    u_clk_wiz_0/inst/clk_in1_clk_wiz_0
    MMCM_X0Y2            MMCME4_ADV (Prop_MMCM_CLKIN1_CLKOUT0)
                                                     -3.115    -2.144 r  u_clk_wiz_0/inst/mmcme4_adv_inst/CLKOUT0
                         net (fo=1, routed)           0.215    -1.929    u_clk_wiz_0/inst/clk_25MHz_clk_wiz_0
    BUFGCE_X0Y49         BUFGCE (Prop_BUFCE_BUFGCE_I_O)
                                                      0.024    -1.905 r  u_clk_wiz_0/inst/clkout1_buf/O
    X1Y1 (CLOCK_ROOT)    net (fo=87, routed)          1.717    -0.188    u_img_gen/CLK
    SLICE_X39Y8          FDRE                                         r  u_img_gen/Sq_dY_reg[1]/C

Slack:                    inf
  Source:                 i_reset_n
                            (input port)
  Destination:            u_img_gen/Sq_dX_reg[1]/D
                            (rising edge-triggered cell FDRE clocked by clk_25MHz_clk_wiz_0  {rise@0.000ns fall@20.000ns period=40.000ns})
  Path Group:             (none)
  Path Type:              Setup (Max at Slow Process Corner)
  Data Path Delay:        1.818ns  (logic 0.643ns (35.376%)  route 1.175ns (64.624%))
  Logic Levels:           3  (IBUFCTRL=1 INBUF=1 LUT6=1)
  Clock Path Skew:        -0.187ns (DCD - SCD + CPR)
    Destination Clock Delay (DCD):    -0.187ns
    Source Clock Delay      (SCD):    0.000ns
    Clock Pessimism Removal (CPR):    0.000ns
  Clock Uncertainty:      0.163ns  ((TSJ^2 + DJ^2)^1/2) / 2 + PE
    Total System Jitter     (TSJ):    0.050ns
    Discrete Jitter          (DJ):    0.148ns
    Phase Error              (PE):    0.085ns
  Clock Net Delay (Destination): 1.718ns (routing 0.770ns, distribution 0.948ns)

    Location             Delay type                Incr(ns)  Path(ns)    Netlist Resource(s)
  -------------------------------------------------------------------    -------------------
    AB6                                               0.000     0.000 r  i_reset_n (IN)
                         net (fo=0)                   0.000     0.000    i_reset_n_IBUF_inst/I
    AB6                  INBUF (Prop_INBUF_HPIOB_M_PAD_O)
                                                      0.592     0.592 r  i_reset_n_IBUF_inst/INBUF_INST/O
                         net (fo=1, routed)           0.000     0.592    i_reset_n_IBUF_inst/OUT
    AB6                  IBUFCTRL (Prop_IBUFCTRL_HPIOB_M_I_O)
                                                      0.000     0.592 r  i_reset_n_IBUF_inst/IBUFCTRL_INST/O
                         net (fo=11, routed)          1.103     1.695    u_img_gen/i_reset_n_IBUF
    SLICE_X39Y9          LUT6 (Prop_D6LUT_SLICEM_I3_O)
                                                      0.051     1.746 r  u_img_gen/Sq_dX[1]_i_1/O
                         net (fo=1, routed)           0.072     1.818    u_img_gen/Sq_dX[1]_i_1_n_0
    SLICE_X39Y9          FDRE                                         r  u_img_gen/Sq_dX_reg[1]/D
  -------------------------------------------------------------------    -------------------

                         (clock clk_25MHz_clk_wiz_0 rise edge)
                                                      0.000     0.000 r  
    D7                                                0.000     0.000 r  i_clk_100mhz_p (IN)
                         net (fo=0)                   0.079     0.079    u_clk_wiz_0/inst/clkin1_ibufds/I
    HPIOBDIFFINBUF_X0Y60 DIFFINBUF (Prop_DIFFINBUF_HPIOBDIFFINBUF_DIFF_IN_P_O)
                                                      0.519     0.598 r  u_clk_wiz_0/inst/clkin1_ibufds/DIFFINBUF_INST/O
                         net (fo=1, routed)           0.040     0.638    u_clk_wiz_0/inst/clkin1_ibufds/OUT
    D7                   IBUFCTRL (Prop_IBUFCTRL_HPIOB_M_I_O)
                                                      0.000     0.638 r  u_clk_wiz_0/inst/clkin1_ibufds/IBUFCTRL_INST/O
                         net (fo=1, routed)           0.333     0.971    u_clk_wiz_0/inst/clk_in1_clk_wiz_0
    MMCM_X0Y2            MMCME4_ADV (Prop_MMCM_CLKIN1_CLKOUT0)
                                                     -3.115    -2.144 r  u_clk_wiz_0/inst/mmcme4_adv_inst/CLKOUT0
                         net (fo=1, routed)           0.215    -1.929    u_clk_wiz_0/inst/clk_25MHz_clk_wiz_0
    BUFGCE_X0Y49         BUFGCE (Prop_BUFCE_BUFGCE_I_O)
                                                      0.024    -1.905 r  u_clk_wiz_0/inst/clkout1_buf/O
    X1Y1 (CLOCK_ROOT)    net (fo=87, routed)          1.718    -0.187    u_img_gen/CLK
    SLICE_X39Y9          FDRE                                         r  u_img_gen/Sq_dX_reg[1]/C





Min Delay Paths
--------------------------------------------------------------------------------------
Slack:                    inf
  Source:                 i_reset_n
                            (input port)
  Destination:            u_img_gen/Sq_dX_reg[1]/D
                            (rising edge-triggered cell FDRE clocked by clk_25MHz_clk_wiz_0  {rise@0.000ns fall@20.000ns period=40.000ns})
  Path Group:             (none)
  Path Type:              Hold (Min at Fast Process Corner)
  Data Path Delay:        0.663ns  (logic 0.166ns (25.089%)  route 0.496ns (74.911%))
  Logic Levels:           3  (IBUFCTRL=1 INBUF=1 LUT6=1)
  Clock Path Skew:        -0.112ns (DCD - SCD - CPR)
    Destination Clock Delay (DCD):    -0.112ns
    Source Clock Delay      (SCD):    0.000ns
    Clock Pessimism Removal (CPR):    -0.000ns
  Clock Net Delay (Destination): 1.210ns (routing 0.519ns, distribution 0.691ns)

    Location             Delay type                Incr(ns)  Path(ns)    Netlist Resource(s)
  -------------------------------------------------------------------    -------------------
    AB6                                               0.000     0.000 r  i_reset_n (IN)
                         net (fo=0)                   0.000     0.000    i_reset_n_IBUF_inst/I
    AB6                  INBUF (Prop_INBUF_HPIOB_M_PAD_O)
                                                      0.144     0.144 r  i_reset_n_IBUF_inst/INBUF_INST/O
                         net (fo=1, routed)           0.000     0.144    i_reset_n_IBUF_inst/OUT
    AB6                  IBUFCTRL (Prop_IBUFCTRL_HPIOB_M_I_O)
                                                      0.000     0.144 r  i_reset_n_IBUF_inst/IBUFCTRL_INST/O
                         net (fo=11, routed)          0.470     0.615    u_img_gen/i_reset_n_IBUF
    SLICE_X39Y9          LUT6 (Prop_D6LUT_SLICEM_I3_O)
                                                      0.022     0.637 r  u_img_gen/Sq_dX[1]_i_1/O
                         net (fo=1, routed)           0.026     0.663    u_img_gen/Sq_dX[1]_i_1_n_0
    SLICE_X39Y9          FDRE                                         r  u_img_gen/Sq_dX_reg[1]/D
  -------------------------------------------------------------------    -------------------

                         (clock clk_25MHz_clk_wiz_0 rise edge)
                                                      0.000     0.000 r  
    D7                                                0.000     0.000 r  i_clk_100mhz_p (IN)
                         net (fo=0)                   0.100     0.100    u_clk_wiz_0/inst/clkin1_ibufds/I
    HPIOBDIFFINBUF_X0Y60 DIFFINBUF (Prop_DIFFINBUF_HPIOBDIFFINBUF_DIFF_IN_P_O)
                                                      0.400     0.500 r  u_clk_wiz_0/inst/clkin1_ibufds/DIFFINBUF_INST/O
                         net (fo=1, routed)           0.050     0.550    u_clk_wiz_0/inst/clkin1_ibufds/OUT
    D7                   IBUFCTRL (Prop_IBUFCTRL_HPIOB_M_I_O)
                                                      0.000     0.550 r  u_clk_wiz_0/inst/clkin1_ibufds/IBUFCTRL_INST/O
                         net (fo=1, routed)           0.222     0.772    u_clk_wiz_0/inst/clk_in1_clk_wiz_0
    MMCM_X0Y2            MMCME4_ADV (Prop_MMCM_CLKIN1_CLKOUT0)
                                                     -2.279    -1.507 r  u_clk_wiz_0/inst/mmcme4_adv_inst/CLKOUT0
                         net (fo=1, routed)           0.166    -1.341    u_clk_wiz_0/inst/clk_25MHz_clk_wiz_0
    BUFGCE_X0Y49         BUFGCE (Prop_BUFCE_BUFGCE_I_O)
                                                      0.019    -1.322 r  u_clk_wiz_0/inst/clkout1_buf/O
    X1Y1 (CLOCK_ROOT)    net (fo=87, routed)          1.210    -0.112    u_img_gen/CLK
    SLICE_X39Y9          FDRE                                         r  u_img_gen/Sq_dX_reg[1]/C

Slack:                    inf
  Source:                 i_reset_n
                            (input port)
  Destination:            u_img_gen/Sq_dY_reg[1]/D
                            (rising edge-triggered cell FDRE clocked by clk_25MHz_clk_wiz_0  {rise@0.000ns fall@20.000ns period=40.000ns})
  Path Group:             (none)
  Path Type:              Hold (Min at Fast Process Corner)
  Data Path Delay:        0.676ns  (logic 0.158ns (23.403%)  route 0.518ns (76.597%))
  Logic Levels:           3  (IBUFCTRL=1 INBUF=1 LUT6=1)
  Clock Path Skew:        -0.114ns (DCD - SCD - CPR)
    Destination Clock Delay (DCD):    -0.114ns
    Source Clock Delay      (SCD):    0.000ns
    Clock Pessimism Removal (CPR):    -0.000ns
  Clock Net Delay (Destination): 1.208ns (routing 0.519ns, distribution 0.689ns)

    Location             Delay type                Incr(ns)  Path(ns)    Netlist Resource(s)
  -------------------------------------------------------------------    -------------------
    AB6                                               0.000     0.000 r  i_reset_n (IN)
                         net (fo=0)                   0.000     0.000    i_reset_n_IBUF_inst/I
    AB6                  INBUF (Prop_INBUF_HPIOB_M_PAD_O)
                                                      0.144     0.144 r  i_reset_n_IBUF_inst/INBUF_INST/O
                         net (fo=1, routed)           0.000     0.144    i_reset_n_IBUF_inst/OUT
    AB6                  IBUFCTRL (Prop_IBUFCTRL_HPIOB_M_I_O)
                                                      0.000     0.144 r  i_reset_n_IBUF_inst/IBUFCTRL_INST/O
                         net (fo=11, routed)          0.497     0.641    u_img_gen/i_reset_n_IBUF
    SLICE_X39Y8          LUT6 (Prop_G6LUT_SLICEM_I3_O)
                                                      0.014     0.655 r  u_img_gen/Sq_dY[1]_i_1/O
                         net (fo=1, routed)           0.021     0.676    u_img_gen/Sq_dY[1]_i_1_n_0
    SLICE_X39Y8          FDRE                                         r  u_img_gen/Sq_dY_reg[1]/D
  -------------------------------------------------------------------    -------------------

                         (clock clk_25MHz_clk_wiz_0 rise edge)
                                                      0.000     0.000 r  
    D7                                                0.000     0.000 r  i_clk_100mhz_p (IN)
                         net (fo=0)                   0.100     0.100    u_clk_wiz_0/inst/clkin1_ibufds/I
    HPIOBDIFFINBUF_X0Y60 DIFFINBUF (Prop_DIFFINBUF_HPIOBDIFFINBUF_DIFF_IN_P_O)
                                                      0.400     0.500 r  u_clk_wiz_0/inst/clkin1_ibufds/DIFFINBUF_INST/O
                         net (fo=1, routed)           0.050     0.550    u_clk_wiz_0/inst/clkin1_ibufds/OUT
    D7                   IBUFCTRL (Prop_IBUFCTRL_HPIOB_M_I_O)
                                                      0.000     0.550 r  u_clk_wiz_0/inst/clkin1_ibufds/IBUFCTRL_INST/O
                         net (fo=1, routed)           0.222     0.772    u_clk_wiz_0/inst/clk_in1_clk_wiz_0
    MMCM_X0Y2            MMCME4_ADV (Prop_MMCM_CLKIN1_CLKOUT0)
                                                     -2.279    -1.507 r  u_clk_wiz_0/inst/mmcme4_adv_inst/CLKOUT0
                         net (fo=1, routed)           0.166    -1.341    u_clk_wiz_0/inst/clk_25MHz_clk_wiz_0
    BUFGCE_X0Y49         BUFGCE (Prop_BUFCE_BUFGCE_I_O)
                                                      0.019    -1.322 r  u_clk_wiz_0/inst/clkout1_buf/O
    X1Y1 (CLOCK_ROOT)    net (fo=87, routed)          1.208    -0.114    u_img_gen/CLK
    SLICE_X39Y8          FDRE                                         r  u_img_gen/Sq_dY_reg[1]/C

Slack:                    inf
  Source:                 i_reset_n
                            (input port)
  Destination:            u_video_timing/DE_Y_reg/D
                            (rising edge-triggered cell FDRE clocked by clk_25MHz_clk_wiz_0  {rise@0.000ns fall@20.000ns period=40.000ns})
  Path Group:             (none)
  Path Type:              Hold (Min at Fast Process Corner)
  Data Path Delay:        0.727ns  (logic 0.179ns (24.662%)  route 0.547ns (75.338%))
  Logic Levels:           3  (IBUFCTRL=1 INBUF=1 LUT6=1)
  Clock Path Skew:        -0.114ns (DCD - SCD - CPR)
    Destination Clock Delay (DCD):    -0.114ns
    Source Clock Delay      (SCD):    0.000ns
    Clock Pessimism Removal (CPR):    -0.000ns
  Clock Net Delay (Destination): 1.208ns (routing 0.519ns, distribution 0.689ns)

    Location             Delay type                Incr(ns)  Path(ns)    Netlist Resource(s)
  -------------------------------------------------------------------    -------------------
    AB6                                               0.000     0.000 r  i_reset_n (IN)
                         net (fo=0)                   0.000     0.000    i_reset_n_IBUF_inst/I
    AB6                  INBUF (Prop_INBUF_HPIOB_M_PAD_O)
                                                      0.144     0.144 r  i_reset_n_IBUF_inst/INBUF_INST/O
                         net (fo=1, routed)           0.000     0.144    i_reset_n_IBUF_inst/OUT
    AB6                  IBUFCTRL (Prop_IBUFCTRL_HPIOB_M_I_O)
                                                      0.000     0.144 r  i_reset_n_IBUF_inst/IBUFCTRL_INST/O
                         net (fo=11, routed)          0.523     0.668    u_video_timing/i_reset_n_IBUF
    SLICE_X39Y8          LUT6 (Prop_F6LUT_SLICEM_I2_O)
                                                      0.035     0.703 r  u_video_timing/DE_Y_i_1/O
                         net (fo=1, routed)           0.024     0.727    u_video_timing/DE_Y_i_1_n_0
    SLICE_X39Y8          FDRE                                         r  u_video_timing/DE_Y_reg/D
  -------------------------------------------------------------------    -------------------

                         (clock clk_25MHz_clk_wiz_0 rise edge)
                                                      0.000     0.000 r  
    D7                                                0.000     0.000 r  i_clk_100mhz_p (IN)
                         net (fo=0)                   0.100     0.100    u_clk_wiz_0/inst/clkin1_ibufds/I
    HPIOBDIFFINBUF_X0Y60 DIFFINBUF (Prop_DIFFINBUF_HPIOBDIFFINBUF_DIFF_IN_P_O)
                                                      0.400     0.500 r  u_clk_wiz_0/inst/clkin1_ibufds/DIFFINBUF_INST/O
                         net (fo=1, routed)           0.050     0.550    u_clk_wiz_0/inst/clkin1_ibufds/OUT
    D7                   IBUFCTRL (Prop_IBUFCTRL_HPIOB_M_I_O)
                                                      0.000     0.550 r  u_clk_wiz_0/inst/clkin1_ibufds/IBUFCTRL_INST/O
                         net (fo=1, routed)           0.222     0.772    u_clk_wiz_0/inst/clk_in1_clk_wiz_0
    MMCM_X0Y2            MMCME4_ADV (Prop_MMCM_CLKIN1_CLKOUT0)
                                                     -2.279    -1.507 r  u_clk_wiz_0/inst/mmcme4_adv_inst/CLKOUT0
                         net (fo=1, routed)           0.166    -1.341    u_clk_wiz_0/inst/clk_25MHz_clk_wiz_0
    BUFGCE_X0Y49         BUFGCE (Prop_BUFCE_BUFGCE_I_O)
                                                      0.019    -1.322 r  u_clk_wiz_0/inst/clkout1_buf/O
    X1Y1 (CLOCK_ROOT)    net (fo=87, routed)          1.208    -0.114    u_video_timing/CLK
    SLICE_X39Y8          FDRE                                         r  u_video_timing/DE_Y_reg/C

Slack:                    inf
  Source:                 i_reset_n
                            (input port)
  Destination:            u_video_timing/DE_X_reg/D
                            (rising edge-triggered cell FDRE clocked by clk_25MHz_clk_wiz_0  {rise@0.000ns fall@20.000ns period=40.000ns})
  Path Group:             (none)
  Path Type:              Hold (Min at Fast Process Corner)
  Data Path Delay:        0.838ns  (logic 0.184ns (21.982%)  route 0.654ns (78.018%))
  Logic Levels:           3  (IBUFCTRL=1 INBUF=1 LUT5=1)
  Clock Path Skew:        -0.114ns (DCD - SCD - CPR)
    Destination Clock Delay (DCD):    -0.114ns
    Source Clock Delay      (SCD):    0.000ns
    Clock Pessimism Removal (CPR):    -0.000ns
  Clock Net Delay (Destination): 1.208ns (routing 0.519ns, distribution 0.689ns)

    Location             Delay type                Incr(ns)  Path(ns)    Netlist Resource(s)
  -------------------------------------------------------------------    -------------------
    AB6                                               0.000     0.000 r  i_reset_n (IN)
                         net (fo=0)                   0.000     0.000    i_reset_n_IBUF_inst/I
    AB6                  INBUF (Prop_INBUF_HPIOB_M_PAD_O)
                                                      0.144     0.144 r  i_reset_n_IBUF_inst/INBUF_INST/O
                         net (fo=1, routed)           0.000     0.144    i_reset_n_IBUF_inst/OUT
    AB6                  IBUFCTRL (Prop_IBUFCTRL_HPIOB_M_I_O)
                                                      0.000     0.144 r  i_reset_n_IBUF_inst/IBUFCTRL_INST/O
                         net (fo=11, routed)          0.563     0.707    u_video_timing/i_reset_n_IBUF
    SLICE_X39Y8          LUT5 (Prop_C6LUT_SLICEM_I1_O)
                                                      0.040     0.747 r  u_video_timing/DE_X_i_1/O
                         net (fo=1, routed)           0.091     0.838    u_video_timing/DE_X_i_1_n_0
    SLICE_X39Y8          FDRE                                         r  u_video_timing/DE_X_reg/D
  -------------------------------------------------------------------    -------------------

                         (clock clk_25MHz_clk_wiz_0 rise edge)
                                                      0.000     0.000 r  
    D7                                                0.000     0.000 r  i_clk_100mhz_p (IN)
                         net (fo=0)                   0.100     0.100    u_clk_wiz_0/inst/clkin1_ibufds/I
    HPIOBDIFFINBUF_X0Y60 DIFFINBUF (Prop_DIFFINBUF_HPIOBDIFFINBUF_DIFF_IN_P_O)
                                                      0.400     0.500 r  u_clk_wiz_0/inst/clkin1_ibufds/DIFFINBUF_INST/O
                         net (fo=1, routed)           0.050     0.550    u_clk_wiz_0/inst/clkin1_ibufds/OUT
    D7                   IBUFCTRL (Prop_IBUFCTRL_HPIOB_M_I_O)
                                                      0.000     0.550 r  u_clk_wiz_0/inst/clkin1_ibufds/IBUFCTRL_INST/O
                         net (fo=1, routed)           0.222     0.772    u_clk_wiz_0/inst/clk_in1_clk_wiz_0
    MMCM_X0Y2            MMCME4_ADV (Prop_MMCM_CLKIN1_CLKOUT0)
                                                     -2.279    -1.507 r  u_clk_wiz_0/inst/mmcme4_adv_inst/CLKOUT0
                         net (fo=1, routed)           0.166    -1.341    u_clk_wiz_0/inst/clk_25MHz_clk_wiz_0
    BUFGCE_X0Y49         BUFGCE (Prop_BUFCE_BUFGCE_I_O)
                                                      0.019    -1.322 r  u_clk_wiz_0/inst/clkout1_buf/O
    X1Y1 (CLOCK_ROOT)    net (fo=87, routed)          1.208    -0.114    u_video_timing/CLK
    SLICE_X39Y8          FDRE                                         r  u_video_timing/DE_X_reg/C

Slack:                    inf
  Source:                 i_reset_n
                            (input port)
  Destination:            u_video_timing/HSync_reg/D
                            (rising edge-triggered cell FDRE clocked by clk_25MHz_clk_wiz_0  {rise@0.000ns fall@20.000ns period=40.000ns})
  Path Group:             (none)
  Path Type:              Hold (Min at Fast Process Corner)
  Data Path Delay:        1.011ns  (logic 0.235ns (23.256%)  route 0.776ns (76.744%))
  Logic Levels:           4  (IBUFCTRL=1 INBUF=1 LUT2=1 LUT6=1)
  Clock Path Skew:        -0.134ns (DCD - SCD - CPR)
    Destination Clock Delay (DCD):    -0.134ns
    Source Clock Delay      (SCD):    0.000ns
    Clock Pessimism Removal (CPR):    -0.000ns
  Clock Net Delay (Destination): 1.188ns (routing 0.519ns, distribution 0.669ns)

    Location             Delay type                Incr(ns)  Path(ns)    Netlist Resource(s)
  -------------------------------------------------------------------    -------------------
    AB6                                               0.000     0.000 f  i_reset_n (IN)
                         net (fo=0)                   0.000     0.000    i_reset_n_IBUF_inst/I
    AB6                  INBUF (Prop_INBUF_HPIOB_M_PAD_O)
                                                      0.144     0.144 f  i_reset_n_IBUF_inst/INBUF_INST/O
                         net (fo=1, routed)           0.000     0.144    i_reset_n_IBUF_inst/OUT
    AB6                  IBUFCTRL (Prop_IBUFCTRL_HPIOB_M_I_O)
                                                      0.000     0.144 f  i_reset_n_IBUF_inst/IBUFCTRL_INST/O
                         net (fo=11, routed)          0.563     0.707    u_video_timing/i_reset_n_IBUF
    SLICE_X39Y8          LUT2 (Prop_C5LUT_SLICEM_I0_O)
                                                      0.041     0.748 r  u_video_timing/i_wrap_i_1/O
                         net (fo=48, routed)          0.187     0.935    u_video_timing/ResetN
    SLICE_X37Y10         LUT6 (Prop_D6LUT_SLICEM_I0_O)
                                                      0.050     0.985 r  u_video_timing/HSync_i_1/O
                         net (fo=1, routed)           0.026     1.011    u_video_timing/HSync_i_1_n_0
    SLICE_X37Y10         FDRE                                         r  u_video_timing/HSync_reg/D
  -------------------------------------------------------------------    -------------------

                         (clock clk_25MHz_clk_wiz_0 rise edge)
                                                      0.000     0.000 r  
    D7                                                0.000     0.000 r  i_clk_100mhz_p (IN)
                         net (fo=0)                   0.100     0.100    u_clk_wiz_0/inst/clkin1_ibufds/I
    HPIOBDIFFINBUF_X0Y60 DIFFINBUF (Prop_DIFFINBUF_HPIOBDIFFINBUF_DIFF_IN_P_O)
                                                      0.400     0.500 r  u_clk_wiz_0/inst/clkin1_ibufds/DIFFINBUF_INST/O
                         net (fo=1, routed)           0.050     0.550    u_clk_wiz_0/inst/clkin1_ibufds/OUT
    D7                   IBUFCTRL (Prop_IBUFCTRL_HPIOB_M_I_O)
                                                      0.000     0.550 r  u_clk_wiz_0/inst/clkin1_ibufds/IBUFCTRL_INST/O
                         net (fo=1, routed)           0.222     0.772    u_clk_wiz_0/inst/clk_in1_clk_wiz_0
    MMCM_X0Y2            MMCME4_ADV (Prop_MMCM_CLKIN1_CLKOUT0)
                                                     -2.279    -1.507 r  u_clk_wiz_0/inst/mmcme4_adv_inst/CLKOUT0
                         net (fo=1, routed)           0.166    -1.341    u_clk_wiz_0/inst/clk_25MHz_clk_wiz_0
    BUFGCE_X0Y49         BUFGCE (Prop_BUFCE_BUFGCE_I_O)
                                                      0.019    -1.322 r  u_clk_wiz_0/inst/clkout1_buf/O
    X1Y1 (CLOCK_ROOT)    net (fo=87, routed)          1.188    -0.134    u_video_timing/CLK
    SLICE_X37Y10         FDRE                                         r  u_video_timing/HSync_reg/C

Slack:                    inf
  Source:                 i_reset_n
                            (input port)
  Destination:            u_video_timing/VSync_reg/D
                            (rising edge-triggered cell FDRE clocked by clk_25MHz_clk_wiz_0  {rise@0.000ns fall@20.000ns period=40.000ns})
  Path Group:             (none)
  Path Type:              Hold (Min at Fast Process Corner)
  Data Path Delay:        1.060ns  (logic 0.226ns (21.343%)  route 0.834ns (78.657%))
  Logic Levels:           4  (IBUFCTRL=1 INBUF=1 LUT2=1 LUT6=1)
  Clock Path Skew:        -0.107ns (DCD - SCD - CPR)
    Destination Clock Delay (DCD):    -0.107ns
    Source Clock Delay      (SCD):    0.000ns
    Clock Pessimism Removal (CPR):    -0.000ns
  Clock Net Delay (Destination): 1.215ns (routing 0.519ns, distribution 0.696ns)

    Location             Delay type                Incr(ns)  Path(ns)    Netlist Resource(s)
  -------------------------------------------------------------------    -------------------
    AB6                                               0.000     0.000 f  i_reset_n (IN)
                         net (fo=0)                   0.000     0.000    i_reset_n_IBUF_inst/I
    AB6                  INBUF (Prop_INBUF_HPIOB_M_PAD_O)
                                                      0.144     0.144 f  i_reset_n_IBUF_inst/INBUF_INST/O
                         net (fo=1, routed)           0.000     0.144    i_reset_n_IBUF_inst/OUT
    AB6                  IBUFCTRL (Prop_IBUFCTRL_HPIOB_M_I_O)
                                                      0.000     0.144 f  i_reset_n_IBUF_inst/IBUFCTRL_INST/O
                         net (fo=11, routed)          0.563     0.707    u_video_timing/i_reset_n_IBUF
    SLICE_X39Y8          LUT2 (Prop_C5LUT_SLICEM_I0_O)
                                                      0.041     0.748 r  u_video_timing/i_wrap_i_1/O
                         net (fo=48, routed)          0.245     0.993    u_video_timing/ResetN
    SLICE_X40Y4          LUT6 (Prop_D6LUT_SLICEM_I0_O)
                                                      0.041     1.034 r  u_video_timing/VSync_i_1/O
                         net (fo=1, routed)           0.026     1.060    u_video_timing/VSync_i_1_n_0
    SLICE_X40Y4          FDRE                                         r  u_video_timing/VSync_reg/D
  -------------------------------------------------------------------    -------------------

                         (clock clk_25MHz_clk_wiz_0 rise edge)
                                                      0.000     0.000 r  
    D7                                                0.000     0.000 r  i_clk_100mhz_p (IN)
                         net (fo=0)                   0.100     0.100    u_clk_wiz_0/inst/clkin1_ibufds/I
    HPIOBDIFFINBUF_X0Y60 DIFFINBUF (Prop_DIFFINBUF_HPIOBDIFFINBUF_DIFF_IN_P_O)
                                                      0.400     0.500 r  u_clk_wiz_0/inst/clkin1_ibufds/DIFFINBUF_INST/O
                         net (fo=1, routed)           0.050     0.550    u_clk_wiz_0/inst/clkin1_ibufds/OUT
    D7                   IBUFCTRL (Prop_IBUFCTRL_HPIOB_M_I_O)
                                                      0.000     0.550 r  u_clk_wiz_0/inst/clkin1_ibufds/IBUFCTRL_INST/O
                         net (fo=1, routed)           0.222     0.772    u_clk_wiz_0/inst/clk_in1_clk_wiz_0
    MMCM_X0Y2            MMCME4_ADV (Prop_MMCM_CLKIN1_CLKOUT0)
                                                     -2.279    -1.507 r  u_clk_wiz_0/inst/mmcme4_adv_inst/CLKOUT0
                         net (fo=1, routed)           0.166    -1.341    u_clk_wiz_0/inst/clk_25MHz_clk_wiz_0
    BUFGCE_X0Y49         BUFGCE (Prop_BUFCE_BUFGCE_I_O)
                                                      0.019    -1.322 r  u_clk_wiz_0/inst/clkout1_buf/O
    X1Y1 (CLOCK_ROOT)    net (fo=87, routed)          1.215    -0.107    u_video_timing/CLK
    SLICE_X40Y4          FDRE                                         r  u_video_timing/VSync_reg/C





